_id,CRASH_CRN,DISTRICT,CRASH_COUNTY,MUNICIPALITY,POLICE_AGCY,CRASH_YEAR,CRASH_MONTH,DAY_OF_WEEK,TIME_OF_DAY,HOUR_OF_DAY,ILLUMINATION,WEATHER,ROAD_CONDITION,COLLISION_TYPE,RELATION_TO_ROAD,INTERSECT_TYPE,TCD_TYPE,URBAN_RURAL,LOCATION_TYPE,SCH_BUS_IND,SCH_ZONE_IND,TOTAL_UNITS,PERSON_COUNT,VEHICLE_COUNT,AUTOMOBILE_COUNT,MOTORCYCLE_COUNT,BUS_COUNT,SMALL_TRUCK_COUNT,HEAVY_TRUCK_COUNT,SUV_COUNT,VAN_COUNT,BICYCLE_COUNT,FATAL_COUNT,INJURY_COUNT,MAJ_INJ_COUNT,MOD_INJ_COUNT,MIN_INJ_COUNT,UNK_INJ_DEG_COUNT,UNK_INJ_PER_COUNT,UNBELTED_OCC_COUNT,UNB_DEATH_COUNT,UNB_MAJ_INJ_COUNT,BELTED_DEATH_COUNT,BELTED_MAJ_INJ_COUNT,MCYCLE_DEATH_COUNT,MCYCLE_MAJ_INJ_COUNT,BICYCLE_DEATH_COUNT,BICYCLE_MAJ_INJ_COUNT,PED_COUNT,PED_DEATH_COUNT,PED_MAJ_INJ_COUNT,COMM_VEH_COUNT,MAX_SEVERITY_LEVEL,DRIVER_COUNT_16YR,DRIVER_COUNT_17YR,DRIVER_COUNT_18YR,DRIVER_COUNT_19YR,DRIVER_COUNT_20YR,DRIVER_COUNT_50_64YR,DRIVER_COUNT_65_74YR,DRIVER_COUNT_75PLUS,LATITUDE,LONGITUDE,DEC_LAT,DEC_LONG,EST_HRS_CLOSED,LANE_CLOSED,LN_CLOSE_DIR,NTFY_HIWY_MAINT,RDWY_SURF_TYPE_CD,SPEC_JURIS_CD,TCD_FUNC_CD,TFC_DETOUR_IND,WORK_ZONE_IND,WORK_ZONE_TYPE,WORK_ZONE_LOC,CONS_ZONE_SPD_LIM,WORKERS_PRES,WZ_CLOSE_DETOUR,WZ_FLAGGER,WZ_LAW_OFFCR_IND,WZ_LN_CLOSURE,WZ_MOVING,WZ_OTHER,WZ_SHLDER_MDN,FLAG_CRN,INTERSTATE,STATE_ROAD,LOCAL_ROAD,LOCAL_ROAD_ONLY,TURNPIKE,WET_ROAD,SNOW_SLUSH_ROAD,ICY_ROAD,SUDDEN_DEER,SHLDR_RELATED,REAR_END,HO_OPPDIR_SDSWP,HIT_FIXED_OBJECT,SV_RUN_OFF_RD,WORK_ZONE,PROPERTY_DAMAGE_ONLY,FATAL_OR_MAJ_INJ,INJURY,FATAL,NON_INTERSECTION,INTERSECTION,SIGNALIZED_INT,STOP_CONTROLLED_INT,UNSIGNALIZED_INT,SCHOOL_BUS,SCHOOL_ZONE,HIT_DEER,HIT_TREE_SHRUB,HIT_EMBANKMENT,HIT_POLE,HIT_GDRAIL,HIT_GDRAIL_END,HIT_BARRIER,HIT_BRIDGE,OVERTURNED,MOTORCYCLE,BICYCLE,HVY_TRUCK_RELATED,VEHICLE_FAILURE,TRAIN_TROLLEY,PHANTOM_VEHICLE,ALCOHOL_RELATED,DRINKING_DRIVER,UNDERAGE_DRNK_DRV,UNLICENSED,CELL_PHONE,NO_CLEARANCE,RUNNING_RED_LT,TAILGATING,CROSS_MEDIAN,CURVE_DVR_ERROR,LIMIT_65MPH,SPEEDING,SPEEDING_RELATED,AGGRESSIVE_DRIVING,FATIGUE_ASLEEP,DRIVER_16YR,DRIVER_17YR,DRIVER_65_74YR,DRIVER_75PLUS,UNBELTED,PEDESTRIAN,DISTRACTED,CURVED_ROAD,DRIVER_18YR,DRIVER_19YR,DRIVER_20YR,DRIVER_50_64YR,VEHICLE_TOWED,FIRE_IN_VEHICLE,HIT_PARKED_VEHICLE,MC_DRINKING_DRIVER,DRUGGED_DRIVER,INJURY_OR_FATAL,COMM_VEHICLE,IMPAIRED_DRIVER,DEER_RELATED,DRUG_RELATED,HAZARDOUS_TRUCK,ILLEGAL_DRUG_RELATED,ILLUMINATION_DARK,MINOR_INJURY,MODERATE_INJURY,MAJOR_INJURY,NHTSA_AGG_DRIVING,PSP_REPORTED,RUNNING_STOP_SIGN,TRAIN,TROLLEY,ROADWAY_CRN,RDWY_SEQ_NUM,ADJ_RDWY_SEQ,ACCESS_CTRL,ROADWAY_COUNTY,LANE_COUNT,RDWY_ORIENT,ROAD_OWNER,ROUTE,SPEED_LIMIT,SEGMENT,OFFSET,STREET_NAME,TOT_INJ_COUNT,SCHOOL_BUS_UNIT
1476,2024024192,11,02,02214,02214,2024,03,7,,,,3,1,7,4,00,0,1,00,0,0,1,1,1,0,0,0,0,0,1,0,0,0,1,0,,1,0,0,0,0,0,0,0,0,0,0,0,0,0,0,0,3,0,0,0,0,0,0,0,0,40 25:26.904,80 12:46.970,40.42414,-80.213047,,,,N,,,,,0,,,,,,,,,,,,2024024192,0,1,0,0,0,0,0,0,0,0,0,0,1,1,0,0,0,1,0,1,0,0,0,0,0,0,0,1,0,0,0,0,0,0,0,0,0,0,0,0,0,1,1,0,0,0,0,0,0,0,1,0,0,1,1,0,0,0,0,0,0,0,0,1,0,0,0,0,1,0,0,0,0,1,0,1,0,0,0,0,1,1,,0,0,0,0,0,0,2024024192,3,,3,02,2,N,2,0978,35,,1619,BATEMAN RD,1,
1477,2024024195,11,02,02105,02105,2024,03,7,,,,3,1,7,4,00,0,2,00,0,0,2,1,2,0,0,0,0,0,1,1,0,0,0,0,,0,0,1,0,0,0,0,0,0,0,0,0,0,0,0,0,9,0,0,0,0,0,0,0,0,40 18:23.992,79 49:31.260,40.306664,-79.82535,,,2,Y,,,,N,0,,,,,,,,,,,,2024024195,0,1,0,0,0,0,0,0,1,0,0,0,1,1,0,0,0,0,0,1,0,0,0,0,0,0,0,0,0,0,0,0,0,0,0,0,0,0,0,0,0,0,0,0,0,0,0,0,0,0,0,0,0,0,0,0,0,0,0,0,0,0,0,1,0,0,0,0,1,0,1,0,0,0,0,0,1,0,0,0,1,0,,0,0,0,0,0,0,2024024195,3,,3,02,,N,2,0048,40,,1383,BOSTON HOLLOW RD,0,
1478,2024024205,11,02,02203,02203,2024,03,7,,,,3,1,6,1,00,0,2,00,0,0,2,1,2,1,0,0,0,0,1,0,0,0,1,0,,1,0,0,0,0,0,0,0,0,0,0,0,0,0,0,0,3,0,0,0,0,0,1,0,0,40 27:15.300,80 14:47.100,40.45425,-80.246417,,,,N,,,,,0,,,,,,,,,,,,2024024205,0,0,1,1,0,0,0,0,0,0,0,1,0,0,0,0,0,1,0,1,0,0,0,0,0,0,0,0,0,0,0,0,0,0,0,0,0,0,0,0,0,0,0,0,0,0,0,0,0,0,0,0,0,0,0,0,0,0,0,0,0,0,1,0,0,0,0,1,1,0,1,0,0,1,0,0,0,0,0,0,1,1,,0,0,0,0,0,0,2024024205,3,,3,02,,S,4,AELP,20,,,ELM ST,1,
1479,2024024207,11,02,02115,68B03,2024,01,2,,,,2,9,0,4,00,0,2,02,0,0,1,1,1,0,0,0,0,1,0,0,0,0,0,0,,0,0,0,0,0,0,0,0,0,0,0,0,0,0,0,1,0,0,0,0,0,0,0,0,0,40 26:58.929,80 06:46.550,40.449703,-80.112931,,,3,N,,,,N,0,,,,,,,,,,,,2024024207,0,1,0,0,0,1,0,0,0,0,0,0,0,1,0,1,0,0,0,1,0,0,0,0,0,0,0,0,0,0,0,0,0,0,1,0,0,1,0,0,0,0,0,0,0,0,0,0,0,0,0,0,0,1,1,0,0,0,0,0,0,0,0,1,0,0,0,0,1,0,0,0,0,0,1,0,0,0,0,0,0,0,,0,0,1,0,0,0,2024024207,3,,1,02,1,E,2,8011,20,,1182,MOON RUN INT/RAMP E RD,0,
1480,2024024208,11,02,02301,68B03,2024,02,3,,,,3,1,1,1,00,0,2,00,0,0,2,2,2,2,0,0,0,0,0,0,0,0,0,0,,0,0,0,0,0,0,0,0,0,0,0,0,0,0,0,0,0,0,0,0,0,0,0,0,0,40 25:33.683,79 53:53.937,40.426023,-79.898316,,,,N,,,,,0,,,,,,,,,,,,2024024208,1,1,0,0,0,0,0,0,0,0,1,0,0,0,0,1,0,0,0,1,0,0,0,0,0,0,0,0,0,0,0,0,0,0,0,0,0,0,0,0,0,0,0,0,0,0,0,0,0,0,0,0,0,1,1,0,0,0,0,0,0,0,0,0,0,0,0,0,1,0,0,0,0,0,0,0,0,0,0,0,0,0,,0,0,1,0,0,0,2024024208,3,,1,02,,W,1,0376,55,,1014,PENN LINCOLN PY,0,
1481,2024024209,11,02,02419,68B03,2024,02,7,,,,3,1,1,1,00,0,2,00,0,0,2,2,2,0,0,0,0,0,2,0,0,0,1,0,,0,0,0,0,0,0,0,0,0,0,0,0,0,0,0,0,4,0,0,0,0,0,0,0,0,40 26:26.191,79 49:51.894,40.440609,-79.831082,,,3,N,,,,N,0,,,,,,,,,,,,2024024209,1,1,0,0,0,0,0,0,0,0,1,0,0,0,0,0,0,1,0,1,0,0,0,0,0,0,0,0,0,0,0,0,0,0,0,0,0,0,0,0,0,0,0,0,0,0,0,0,0,0,0,0,0,0,1,0,0,0,0,0,0,0,0,1,0,0,0,0,1,0,0,0,0,1,0,0,0,0,0,0,1,0,,0,0,1,0,0,0,2024024209,3,,1,02,3,E,1,0376,55,,1716,PENN LINCOLN PY,1,
1482,2024024217,11,02,02208,68D02,2024,03,1,,,,10,9,7,5,00,0,2,00,0,0,1,2,1,0,0,0,0,0,1,0,0,0,0,0,,0,0,0,2,0,0,0,0,0,0,0,0,0,0,0,0,0,0,0,0,0,0,0,0,0,40 32:51.085,79 49:38.542,40.547524,-79.827373,,,2,Y,,,,N,0,,,,,,,,,,,,2024024217,0,1,0,0,0,1,0,0,0,0,0,0,1,1,0,1,0,0,0,1,0,0,0,0,0,0,0,0,0,0,1,0,0,0,0,0,0,0,0,0,0,0,0,0,0,0,0,0,0,0,0,0,0,0,0,0,0,0,0,0,1,0,0,0,0,0,0,0,1,0,0,0,0,0,0,0,0,0,0,0,1,0,,0,0,1,0,0,0,2024024217,3,,1,02,,S,2,0028,55,,617,ALLEGHENY VALLEY EX,0,
1483,2024024252,11,02,02123,02123,2024,03,3,,,,3,1,7,4,00,0,2,00,0,0,1,1,1,0,0,0,0,0,1,0,0,0,0,0,,0,0,0,0,0,0,0,0,0,0,0,0,0,0,0,0,0,0,0,0,0,0,0,0,0,40 20:43.500,80 04:36.700,40.345417,-80.076861,,,7,N,,,,Y,0,,,,,,,,,,,,2024024252,0,0,1,1,0,0,0,0,0,0,0,0,1,1,0,1,0,0,0,1,0,0,0,0,0,0,0,1,0,0,0,0,0,0,0,0,0,0,0,0,0,1,1,0,0,0,0,0,0,0,1,0,0,0,0,0,0,0,0,0,0,0,0,1,0,0,0,0,1,0,0,0,0,0,0,1,0,0,0,0,1,0,,0,0,0,0,0,0,2024024252,3,,3,02,2,N,4,AEAQ,25,,,ORR RD,0,
1484,2024024279,11,02,02466,02466,2024,03,7,,,,3,1,7,4,00,0,2,00,0,0,1,1,1,1,0,0,0,0,0,0,0,0,0,0,,0,0,0,0,0,0,0,0,0,0,0,0,0,0,0,0,0,0,0,0,0,0,0,0,0,40 28:54.165,79 46:47.039,40.481713,-79.779733,,,,N,,,,,0,,,,,,,,,,,,2024024279,0,0,1,1,0,0,0,0,0,0,0,0,1,1,0,1,0,0,0,1,0,0,0,0,0,0,0,0,0,0,0,0,0,0,0,0,0,0,0,0,0,0,0,0,0,0,0,0,0,0,0,0,0,0,0,1,0,0,0,0,0,0,0,1,0,0,0,0,1,0,0,0,0,0,0,0,0,0,0,0,0,0,,0,0,0,0,0,0,2024024279,3,,3,02,,E,4,AMJ8,25,,,DEBORAH JANE DR,0,
1485,2024024300,11,02,02440,02440,2024,03,7,,,,3,1,7,4,00,0,2,00,0,0,1,1,1,0,0,0,1,0,0,0,0,0,0,0,,0,0,0,0,0,0,0,0,0,0,0,0,0,0,0,0,0,0,1,0,0,0,0,0,0,40 18:15.867,79 57:36.908,40.304408,-79.960252,,,6,N,,,,Y,0,,,,,,,,,,,,2024024300,0,0,1,1,0,0,0,0,0,0,0,0,1,1,0,1,0,0,0,1,0,0,0,0,0,0,0,0,1,0,0,0,0,0,1,0,0,0,0,0,0,0,0,0,0,0,0,0,0,0,0,0,0,0,0,0,0,1,0,0,0,0,1,1,0,0,0,0,1,0,0,0,0,0,0,0,0,0,0,0,0,0,,0,0,0,0,0,0,2024024300,3,,,02,,E,4,,25,,,CHAMBERLAIN RD,0,
1486,2024024307,11,02,02445,02445,2024,03,7,,,,7,9,7,2,00,0,2,00,0,0,1,1,1,0,0,0,0,0,1,0,0,0,0,0,,0,0,0,0,0,0,0,0,0,0,0,0,0,0,0,0,0,0,0,0,0,0,0,0,0,40 28:43.501,79 58:01.224,40.47875,-79.967007,,,1,N,,,,N,0,,,,,,,,,,,,2024024307,0,1,0,0,0,1,0,0,0,0,0,0,1,1,0,1,0,0,0,1,0,0,0,0,0,0,0,0,0,0,0,0,1,0,0,0,0,0,0,0,0,0,0,0,0,0,0,0,0,0,0,0,0,0,0,0,0,0,0,0,0,0,0,1,0,0,0,0,1,0,0,0,0,0,0,0,0,0,0,0,0,0,,0,0,0,0,0,0,2024024307,3,,1,02,2,N,2,0028,45,,1361,EAST OHIO ST,0,
1487,2024024310,11,02,02217,02505,2024,03,7,,,,3,1,7,4,00,0,2,00,0,0,1,1,1,1,0,0,0,0,0,0,0,0,0,0,,0,0,0,0,0,0,0,0,0,0,0,0,0,0,0,0,0,0,0,0,0,0,0,1,0,40 38:18.300,79 57:10.900,40.638417,-79.953028,,,5,N,,,,Y,0,,,,,,,,,,,,2024024310,0,0,1,1,0,0,0,0,0,0,0,0,1,1,0,1,0,0,0,1,0,0,0,0,0,0,0,1,0,0,0,0,0,0,0,0,0,0,0,0,0,0,0,0,0,0,0,0,0,0,0,0,0,0,0,0,0,0,1,0,0,0,0,1,0,0,0,0,1,0,0,0,0,0,0,0,0,0,0,0,0,0,,0,0,0,0,0,0,2024024310,3,,,02,,S,4,,35,,,MERIDIAN RD,0,
1488,2024024316,11,02,02448,02448,2024,03,4,,,,3,1,98,1,00,0,2,00,0,0,1,1,1,0,0,0,0,0,0,1,0,0,0,0,,0,0,0,0,0,0,0,0,0,0,0,0,0,0,0,0,0,0,0,0,0,0,0,0,0,40 23:00.400,79 53:41.200,40.383444,-79.894778,,,,N,,,,,0,,,,,,,,,,,,2024024316,0,0,1,1,0,0,0,0,1,0,0,0,0,0,0,1,0,0,0,1,0,0,0,0,0,0,1,0,0,0,0,0,0,0,0,0,0,0,0,0,0,0,0,0,0,0,0,0,0,0,0,0,0,0,0,0,0,0,0,0,0,0,0,0,0,0,0,0,1,0,0,0,0,0,0,0,1,0,0,0,0,0,,0,0,0,0,0,0,2024024316,3,,,02,,S,4,,35,,,HOMESTEAD DUQUESNE RD,0,
1489,2024024336,11,02,02446,68T09,2024,03,4,,,,3,1,98,1,00,0,2,03,0,0,1,1,1,0,0,0,0,0,0,1,0,0,0,0,,0,0,0,0,0,0,0,0,0,0,0,0,0,0,0,0,0,0,0,0,0,0,0,1,0,40 26:01.517,79 44:51.780,40.433755,-79.747717,,,4,N,,,,N,0,,,,,,,,,,,,2024024336,0,0,0,0,1,0,0,0,0,0,0,0,0,0,0,1,0,0,0,1,0,0,0,0,0,0,0,0,0,0,0,0,0,0,0,0,0,0,0,0,0,0,0,0,0,0,0,0,0,0,0,1,0,0,0,0,0,0,1,0,0,0,0,0,0,0,0,0,1,0,0,0,0,0,0,0,0,0,0,0,0,0,,0,0,1,0,0,0,2024024336,3,,1,02,,W,5,7076,65,,1658,MAINLINE TU,0,
1490,2024024337,11,02,02446,68T09,2024,03,4,,,,3,1,98,1,00,0,2,03,0,0,1,1,1,0,0,0,0,1,0,0,0,0,0,0,,0,0,0,0,0,0,0,0,0,0,0,0,0,0,0,1,0,0,0,0,0,0,1,0,0,40 26:02.221,79 44:52.355,40.43395,-79.747876,,,4,N,,,,N,0,,,,,,,,,,,,2024024337,0,0,0,0,1,0,0,0,0,0,0,0,0,0,0,1,0,0,0,1,0,0,0,0,0,0,0,0,0,0,0,0,0,0,0,0,0,1,0,0,0,0,0,0,0,0,0,0,0,0,0,1,0,0,0,0,0,0,0,0,0,0,0,0,0,0,0,1,1,0,0,0,0,0,1,0,0,0,0,0,0,0,,0,0,1,0,0,0,2024024337,3,,1,02,,W,5,7076,65,,1658,MAINLINE TU,0,
1491,2024024352,11,02,02466,02466,2024,03,7,,,,3,1,7,4,00,0,2,07,0,0,2,3,2,0,0,0,0,0,1,1,0,0,1,0,,1,0,0,0,0,0,0,0,0,0,0,0,0,0,0,0,3,0,0,0,0,0,0,0,0,40 31:10.100,79 45:45.100,40.519472,-79.762528,,,4,N,,,,N,0,,,,,,,,,,,,2024024352,0,0,1,1,0,0,0,0,0,0,0,0,1,1,0,0,0,1,0,1,0,0,0,0,0,0,0,0,0,1,0,0,0,0,0,0,0,0,0,0,0,0,0,0,0,0,0,0,0,0,0,0,0,0,0,0,0,0,0,0,0,0,1,0,0,0,0,0,1,0,0,0,0,1,0,0,0,0,0,0,0,1,,0,0,0,0,0,0,2024024352,3,,3,02,,E,4,AMO5,25,,,SHEARER RD,1,
1492,2024024394,11,02,02301,68B03,2024,02,3,,,,3,1,5,1,00,0,2,00,0,0,2,2,2,1,0,0,0,0,1,0,0,0,0,0,,0,0,0,0,0,0,0,0,0,0,0,0,0,0,0,0,0,0,0,0,0,0,1,1,0,40 25:47.131,79 57:24.670,40.429759,-79.956853,,,3,N,,,,N,0,,,,,,,,,,,,2024024394,1,1,0,0,0,0,0,0,0,0,0,0,0,0,0,1,0,0,0,1,0,0,0,0,0,0,0,0,0,0,0,0,0,0,1,0,0,0,0,0,0,1,1,0,0,0,0,0,0,0,0,0,0,0,0,0,0,0,1,0,0,0,0,0,0,0,0,1,1,0,0,0,0,0,0,1,0,0,0,0,0,0,,0,0,1,0,0,0,2024024394,3,,1,02,,W,1,0376,55,,2570,PENN LINCOLN PY,0,
1493,2024024412,11,02,02403,02403,2024,03,6,,,,3,1,4,1,01,3,2,00,0,0,2,2,2,0,0,0,1,0,1,0,0,0,1,0,,0,0,0,0,0,0,0,0,0,0,0,0,0,0,0,0,4,0,0,0,0,0,0,1,0,40 20:42.760,80 00:00.541,40.345211,-80.00015,,,3,N,,,,Y,0,,,,,,,,,,,,2024024412,0,0,1,1,0,0,0,0,0,0,0,0,0,0,0,0,0,1,0,0,1,0,1,1,0,0,0,0,0,0,0,0,0,0,0,0,0,0,0,0,0,0,0,0,0,0,0,0,0,0,0,0,0,0,1,0,0,0,1,0,0,0,0,0,0,0,0,0,1,0,0,0,0,1,0,0,0,0,0,0,0,0,,0,1,0,1,0,0,2024024412,4,,3,02,2,N,4,AJ5T,25,,,CELIA DR,1,
1494,2024024413,11,02,02108,02108,2024,03,7,,,,3,1,1,1,02,0,2,00,0,0,2,4,2,0,0,0,0,0,2,0,0,0,1,0,,1,0,0,0,0,0,0,0,0,0,0,0,0,0,0,0,3,0,0,0,0,0,2,0,0,40 34:54.307,80 03:27.892,40.581752,-80.057748,,,,N,,,,,0,,,,,,,,,,,,2024024413,0,1,1,0,0,0,0,0,0,0,1,0,0,0,0,0,0,1,0,0,1,0,0,1,0,0,0,0,0,0,0,0,0,0,0,0,0,0,0,0,0,0,0,0,0,0,0,0,1,0,0,0,0,0,1,0,0,0,0,0,0,0,1,0,0,0,0,1,1,0,0,0,0,1,0,0,0,0,0,0,0,1,,0,0,0,0,0,0,2024024413,4,,,02,,S,4,,35,,,MCCUTCHEON AV,1,
1495,2024024424,11,02,02116,02116,2024,03,7,,,,3,1,4,1,00,0,2,07,0,0,2,2,2,2,0,0,0,0,0,0,0,0,1,0,,0,0,0,0,0,0,0,0,0,0,0,0,0,0,0,0,4,0,0,0,0,0,0,1,0,40 33:12.000,80 01:19.700,40.553333,-80.022139,,,,N,,,,,0,,,,,,,,,,,,2024024424,0,0,1,1,0,0,0,0,0,0,0,0,0,0,0,0,0,1,0,1,0,0,0,0,0,0,0,0,0,0,0,0,0,0,0,0,0,0,0,0,0,0,0,0,0,0,0,0,0,0,0,0,0,0,1,0,0,0,1,0,0,0,1,1,0,0,0,0,1,0,0,0,0,1,0,0,0,0,0,0,0,0,,0,1,0,0,0,0,2024024424,3,,,02,4,W,4,,35,,,BABCOCK BL,1,
1496,2024024428,11,02,02440,02440,2024,03,7,,,,3,1,7,2,00,0,2,00,0,0,1,1,1,0,1,0,0,0,0,0,0,0,1,1,,0,0,0,0,0,0,0,0,0,1,0,0,0,0,0,0,2,0,0,0,0,0,1,0,0,40 17:52.300,79 56:09.300,40.297861,-79.935917,,,5,N,,,,Y,0,,,,,,,,,,,,2024024428,0,0,1,1,0,0,0,0,0,0,0,0,1,1,0,0,1,1,0,1,0,0,0,0,0,0,0,0,0,0,1,0,0,0,0,1,0,0,0,0,0,0,0,0,0,0,0,0,0,0,1,0,0,0,0,0,0,0,0,0,0,0,0,1,0,0,0,1,1,0,0,0,0,1,0,0,0,0,0,0,0,0,,1,0,0,0,0,0,2024024428,3,,,02,,S,4,,35,,,OLD CLAIRTON RD,1,
1497,2024024435,11,02,02446,02446,2024,03,7,,,,3,1,1,1,01,2,2,00,0,0,2,4,2,1,0,0,0,0,1,0,0,0,2,0,,0,2,0,0,0,0,0,0,0,0,0,0,0,0,0,0,8,0,0,0,0,0,0,0,0,40 25:38.750,79 43:17.387,40.427431,-79.721496,,,4,N,,,,N,0,,,,,,,,,,,,2024024435,0,1,1,0,0,0,0,0,0,0,1,0,0,0,0,0,0,1,0,0,1,1,0,0,0,0,0,0,0,0,0,0,0,0,0,0,0,0,0,0,0,0,0,0,0,1,0,0,0,0,0,0,0,0,0,0,0,0,0,0,0,0,1,0,0,0,0,0,1,0,0,0,0,1,0,0,0,0,0,0,0,0,,0,0,0,0,0,0,2024024435,6,,,02,,N,4,,25,,,ALPINE VILLAGE DR,2,
1498,2024024440,11,02,02454,02454,2024,03,1,,,,3,1,4,1,00,0,2,07,0,0,2,3,2,0,0,0,0,0,2,0,0,0,2,0,,0,2,0,0,0,0,0,0,0,0,0,0,0,0,0,0,8,0,0,0,0,0,0,0,0,40 20:21.484,79 57:43.609,40.339301,-79.962114,,,1,N,,,,Y,0,,,,,,,,,,,,2024024440,0,1,0,0,0,0,0,0,0,0,0,0,0,0,0,0,0,1,0,1,0,0,0,0,0,0,0,0,0,0,0,0,0,0,0,0,0,0,0,0,0,0,0,0,0,0,0,0,0,0,0,0,0,0,1,0,0,0,0,0,0,0,0,0,0,0,0,0,1,0,0,0,0,1,0,0,0,0,0,0,0,0,,0,0,0,0,0,0,2024024440,3,,3,02,,S,2,0051,40,,1915,CLAIRTON BL,2,
1499,2024024456,11,02,02405,02215,2024,03,6,,,,3,1,1,1,02,0,2,00,0,0,3,3,3,1,0,0,0,0,1,1,0,0,0,0,,0,0,1,0,0,0,0,0,0,0,0,0,0,0,0,0,9,0,0,0,0,0,1,0,0,40 30:06.855,80 04:34.727,40.501904,-80.076313,,,2,N,,,,N,0,,,,,,,,,,,,2024024456,0,1,1,0,0,0,0,0,0,0,1,0,0,0,0,0,0,0,0,0,1,0,0,1,0,0,0,0,0,0,0,0,0,0,0,0,0,0,0,0,0,0,0,0,0,0,0,0,0,0,0,0,0,0,1,0,0,0,0,0,0,0,0,0,0,0,0,1,1,0,0,0,0,0,0,0,0,0,0,0,0,0,,0,0,0,0,0,0,2024024456,5,,,02,1,E,4,,25,,,LAUREL AV,0,
1500,2024024462,11,02,02111,02111,2024,03,7,,,,3,1,7,4,02,0,2,00,0,0,1,2,1,1,0,0,0,0,0,0,0,0,0,0,,0,0,0,0,0,0,0,0,0,0,0,0,0,0,0,0,0,0,0,0,0,0,0,0,0,40 22:35.975,79 47:58.902,40.37666,-79.799695,,,3,N,,,,N,0,,,,,,,,,,,,2024024462,0,1,1,0,0,0,0,0,0,0,0,0,1,1,0,1,0,0,0,0,1,0,0,1,0,0,0,0,0,0,0,0,0,0,0,0,0,0,0,0,0,1,1,0,0,0,0,0,0,0,0,0,0,0,0,0,0,0,0,0,0,0,0,0,0,0,0,0,1,0,0,0,0,0,0,1,0,0,0,0,1,0,,0,0,0,0,0,0,2024024462,5,,,02,,N,4,,15,,,JACOB ST,0,
1501,2024024465,11,02,02473,02473,2024,03,6,,,,3,1,4,1,01,2,2,00,0,0,2,2,2,1,0,0,0,0,1,0,0,0,1,0,,1,0,0,0,0,0,0,0,0,0,0,0,0,0,0,0,3,0,0,0,0,0,0,1,0,40 19:56.719,79 56:01.978,40.332422,-79.933883,,,,N,,,,,0,,,,,,,,,,,,2024024465,0,1,0,0,0,0,0,0,0,0,0,0,0,0,0,0,0,1,0,0,1,1,0,0,0,0,0,0,0,0,0,0,0,0,0,0,0,0,0,0,0,0,0,0,0,0,0,0,0,0,0,0,0,0,1,0,0,0,1,0,0,0,0,0,0,0,0,0,1,0,0,0,0,1,0,0,0,0,0,0,0,1,,0,0,0,0,0,0,2024024465,3,,3,02,,N,2,0885,35,,290,CLAIRTON RD,1,
1502,2024024469,11,02,02446,02446,2024,03,6,,,,3,1,4,1,01,2,2,00,0,0,2,2,2,1,0,0,0,0,1,0,0,0,0,0,,0,0,0,0,0,0,0,0,0,0,0,0,0,0,0,0,0,0,0,0,0,1,0,1,0,40 26:19.910,79 45:45.138,40.438864,-79.762538,,,3,N,,,,Y,0,,,,,,,,,,,,2024024469,0,1,1,0,0,0,0,0,0,0,0,0,0,0,0,1,0,0,0,0,1,1,0,0,0,0,0,0,0,0,0,0,0,0,0,0,0,0,0,0,0,0,0,0,0,0,0,1,0,0,0,0,0,0,1,0,0,0,1,0,0,0,0,0,0,0,1,0,1,0,0,0,0,0,0,0,0,0,0,0,1,0,,0,0,0,0,0,0,2024024469,5,,,02,,S,4,,15,,,LOWES DR,0,
1503,2024024511,11,02,02217,02505,2024,03,1,,,,7,9,7,4,00,0,2,00,0,0,1,1,1,1,0,0,0,0,0,0,0,0,0,0,,0,0,0,0,0,0,0,0,0,0,0,0,0,0,0,0,0,0,0,0,0,0,0,0,0,40 37:46.203,79 55:58.011,40.629501,-79.932781,,,,N,,,,,0,,,,,,,,,,,,2024024511,0,0,1,1,0,1,0,0,0,0,0,0,1,1,0,1,0,0,0,1,0,0,0,0,0,0,0,0,0,1,0,0,0,0,0,0,0,0,0,0,0,0,0,0,0,0,0,0,0,0,0,0,0,1,1,0,0,0,0,0,0,0,0,1,0,0,0,0,1,0,0,0,0,0,0,0,0,0,0,0,1,0,,0,0,0,0,0,0,2024024511,3,,3,02,2,E,4,AFS3,25,,,ALLISON RD,0,
1504,2024024515,11,02,02214,02214,2024,03,1,,,,7,9,7,4,00,0,2,00,0,0,1,1,1,0,0,0,1,0,0,0,0,0,0,0,,0,0,0,0,0,0,0,0,0,0,0,0,0,0,0,0,0,0,0,0,0,0,0,0,0,40 26:13.477,80 14:08.515,40.437077,-80.235699,,,5,N,,,,Y,0,,,,,,,,,,,,2024024515,0,1,0,0,0,1,0,0,0,0,0,0,1,1,0,1,0,0,0,1,0,0,0,0,0,0,0,0,0,1,0,0,0,0,0,0,0,0,0,0,0,0,0,0,0,0,0,0,0,0,1,0,0,1,1,0,0,0,0,0,0,0,0,1,0,0,0,0,1,0,0,0,0,0,0,0,0,0,0,0,1,0,,0,0,0,0,0,0,2024024515,3,,3,02,,S,2,0978,35,,1959,BATEMAN RD,0,