_id,CRASH_CRN,DISTRICT,CRASH_COUNTY,MUNICIPALITY,POLICE_AGCY,CRASH_YEAR,CRASH_MONTH,DAY_OF_WEEK,TIME_OF_DAY,HOUR_OF_DAY,ILLUMINATION,WEATHER,ROAD_CONDITION,COLLISION_TYPE,RELATION_TO_ROAD,INTERSECT_TYPE,TCD_TYPE,URBAN_RURAL,LOCATION_TYPE,SCH_BUS_IND,SCH_ZONE_IND,TOTAL_UNITS,PERSON_COUNT,VEHICLE_COUNT,AUTOMOBILE_COUNT,MOTORCYCLE_COUNT,BUS_COUNT,SMALL_TRUCK_COUNT,HEAVY_TRUCK_COUNT,SUV_COUNT,VAN_COUNT,BICYCLE_COUNT,FATAL_COUNT,INJURY_COUNT,MAJ_INJ_COUNT,MOD_INJ_COUNT,MIN_INJ_COUNT,UNK_INJ_DEG_COUNT,UNK_INJ_PER_COUNT,UNBELTED_OCC_COUNT,UNB_DEATH_COUNT,UNB_MAJ_INJ_COUNT,BELTED_DEATH_COUNT,BELTED_MAJ_INJ_COUNT,MCYCLE_DEATH_COUNT,MCYCLE_MAJ_INJ_COUNT,BICYCLE_DEATH_COUNT,BICYCLE_MAJ_INJ_COUNT,PED_COUNT,PED_DEATH_COUNT,PED_MAJ_INJ_COUNT,COMM_VEH_COUNT,MAX_SEVERITY_LEVEL,DRIVER_COUNT_16YR,DRIVER_COUNT_17YR,DRIVER_COUNT_18YR,DRIVER_COUNT_19YR,DRIVER_COUNT_20YR,DRIVER_COUNT_50_64YR,DRIVER_COUNT_65_74YR,DRIVER_COUNT_75PLUS,LATITUDE,LONGITUDE,DEC_LAT,DEC_LONG,EST_HRS_CLOSED,LANE_CLOSED,LN_CLOSE_DIR,NTFY_HIWY_MAINT,RDWY_SURF_TYPE_CD,SPEC_JURIS_CD,TCD_FUNC_CD,TFC_DETOUR_IND,WORK_ZONE_IND,WORK_ZONE_TYPE,WORK_ZONE_LOC,CONS_ZONE_SPD_LIM,WORKERS_PRES,WZ_CLOSE_DETOUR,WZ_FLAGGER,WZ_LAW_OFFCR_IND,WZ_LN_CLOSURE,WZ_MOVING,WZ_OTHER,WZ_SHLDER_MDN,FLAG_CRN,INTERSTATE,STATE_ROAD,LOCAL_ROAD,LOCAL_ROAD_ONLY,TURNPIKE,WET_ROAD,SNOW_SLUSH_ROAD,ICY_ROAD,SUDDEN_DEER,SHLDR_RELATED,REAR_END,HO_OPPDIR_SDSWP,HIT_FIXED_OBJECT,SV_RUN_OFF_RD,WORK_ZONE,PROPERTY_DAMAGE_ONLY,FATAL_OR_MAJ_INJ,INJURY,FATAL,NON_INTERSECTION,INTERSECTION,SIGNALIZED_INT,STOP_CONTROLLED_INT,UNSIGNALIZED_INT,SCHOOL_BUS,SCHOOL_ZONE,HIT_DEER,HIT_TREE_SHRUB,HIT_EMBANKMENT,HIT_POLE,HIT_GDRAIL,HIT_GDRAIL_END,HIT_BARRIER,HIT_BRIDGE,OVERTURNED,MOTORCYCLE,BICYCLE,HVY_TRUCK_RELATED,VEHICLE_FAILURE,TRAIN_TROLLEY,PHANTOM_VEHICLE,ALCOHOL_RELATED,DRINKING_DRIVER,UNDERAGE_DRNK_DRV,UNLICENSED,CELL_PHONE,NO_CLEARANCE,RUNNING_RED_LT,TAILGATING,CROSS_MEDIAN,CURVE_DVR_ERROR,LIMIT_65MPH,SPEEDING,SPEEDING_RELATED,AGGRESSIVE_DRIVING,FATIGUE_ASLEEP,DRIVER_16YR,DRIVER_17YR,DRIVER_65_74YR,DRIVER_75PLUS,UNBELTED,PEDESTRIAN,DISTRACTED,CURVED_ROAD,DRIVER_18YR,DRIVER_19YR,DRIVER_20YR,DRIVER_50_64YR,VEHICLE_TOWED,FIRE_IN_VEHICLE,HIT_PARKED_VEHICLE,MC_DRINKING_DRIVER,DRUGGED_DRIVER,INJURY_OR_FATAL,COMM_VEHICLE,IMPAIRED_DRIVER,DEER_RELATED,DRUG_RELATED,HAZARDOUS_TRUCK,ILLEGAL_DRUG_RELATED,ILLUMINATION_DARK,MINOR_INJURY,MODERATE_INJURY,MAJOR_INJURY,NHTSA_AGG_DRIVING,PSP_REPORTED,RUNNING_STOP_SIGN,TRAIN,TROLLEY,ROADWAY_CRN,RDWY_SEQ_NUM,ADJ_RDWY_SEQ,ACCESS_CTRL,ROADWAY_COUNTY,LANE_COUNT,RDWY_ORIENT,ROAD_OWNER,ROUTE,SPEED_LIMIT,SEGMENT,OFFSET,STREET_NAME,TOT_INJ_COUNT,SCHOOL_BUS_UNIT
1918,2024030631,11,02,02123,02123,2024,04,4,,,,3,1,4,1,01,2,2,00,0,0,2,3,2,1,0,0,0,0,1,0,0,0,3,0,,0,1,0,0,0,0,0,0,0,0,0,0,0,0,0,0,4,0,0,0,0,0,0,0,0,40 19:29.636,80 04:54.054,40.324899,-80.081682,,,7,N,,,,Y,0,,,,,,,,,,,,2024030631,0,1,1,0,0,0,0,0,0,0,0,0,0,0,0,0,0,1,0,0,1,1,0,0,0,0,0,0,0,0,0,0,0,0,0,0,0,0,0,0,0,0,0,0,0,0,0,1,0,0,0,0,0,0,1,0,0,0,0,0,0,0,0,1,0,0,0,0,1,0,0,0,0,1,0,0,0,0,0,0,0,0,,0,1,0,0,0,0,2024030631,5,,,02,,E,4,,25,,,OLD WASHINGTON RD,3,
1919,2024030643,11,02,02102,02102,2024,04,1,,,,3,1,3,1,00,0,2,07,0,0,2,3,2,0,0,0,1,0,0,1,0,0,1,0,,0,0,0,0,0,0,0,0,0,0,0,0,0,0,0,0,4,0,0,0,0,0,1,1,0,40 22:40.217,80 06:16.175,40.377838,-80.104493,,,,N,,,,,0,,,,,,,,,,,,2024030643,0,0,1,1,0,0,0,0,0,0,0,0,0,0,0,0,0,1,0,1,0,0,0,0,0,0,0,0,0,0,0,0,0,0,0,0,0,0,0,0,0,0,0,0,0,0,0,0,0,0,0,0,0,0,0,0,0,0,1,0,0,0,0,0,0,0,0,1,0,0,0,0,0,1,0,0,0,0,0,0,0,0,,0,0,0,0,0,0,2024030643,3,,3,02,,E,4,AB6C,25,,,STEEN RD,1,
1920,2024030681,11,02,02304,02304,2024,04,2,,,,3,1,1,1,03,3,2,00,0,0,2,3,2,2,0,0,0,0,0,0,0,0,1,0,,1,0,0,0,0,0,0,0,0,0,0,0,0,0,0,0,3,0,0,0,0,0,1,1,0,40 19:26.911,79 50:20.379,40.324142,-79.838994,,,,N,,,,,0,,,,,,,,,,,,2024030681,0,1,0,0,0,0,0,0,0,0,1,0,0,0,0,0,0,1,0,0,1,0,1,1,0,0,0,0,0,0,0,0,0,0,0,0,0,0,0,0,0,0,0,0,0,0,0,0,1,0,0,0,0,0,1,0,0,0,1,0,0,0,0,1,0,0,0,1,1,0,0,0,0,1,0,0,0,0,0,0,1,1,,0,0,0,0,0,0,2024030681,3,,3,02,,N,2,0048,35,,0,LONG RUN RD,1,
1921,2024030684,11,02,02108,02501,2024,04,7,,,,3,1,8,1,01,2,1,00,0,0,2,2,1,1,0,0,0,0,0,0,1,0,1,1,,0,0,0,0,0,0,0,1,0,0,0,1,0,0,0,0,2,0,0,0,0,0,0,1,0,40 35:31.328,80 00:52.056,40.592036,-80.01446,,,,N,,,,,0,,,,,,,,,,,,2024030684,0,1,1,0,0,0,0,0,0,0,0,0,0,0,0,0,1,1,0,0,1,1,0,0,0,0,0,0,0,0,0,0,0,0,0,0,1,0,0,0,0,0,0,0,0,0,0,0,0,0,0,0,0,0,0,0,0,0,1,0,0,0,0,0,0,0,0,0,1,0,0,0,0,1,0,0,0,0,0,0,0,0,,1,0,0,0,0,0,2024030684,4,,,02,,N,4,,35,,,KUMMER RD,1,
1922,2024030690,11,02,02212,02505,2024,03,5,,,,3,1,4,1,00,0,2,07,0,0,2,3,2,0,0,0,0,0,2,0,0,0,3,0,,3,0,0,0,0,0,0,0,0,0,0,0,0,0,0,0,3,0,0,0,0,0,0,1,0,40 39:19.162,80 05:17.275,40.655323,-80.088132,,,3,N,,,,N,0,,,,,,,,,,,,2024030690,0,1,0,0,0,0,0,0,0,0,0,0,0,0,0,0,0,1,0,1,0,0,0,0,0,0,0,0,0,0,0,0,0,0,0,0,0,0,0,0,0,0,0,0,0,0,0,0,0,0,0,0,0,0,1,0,0,0,1,0,0,0,0,0,0,0,0,0,1,0,0,0,0,1,0,0,0,0,0,0,0,1,,0,1,0,0,0,0,2024030690,3,,3,02,,W,2,4052,35,,433,WARRENDALE BAYNE RD,3,
1923,2024030834,11,02,02123,02123,2024,04,1,,,,3,1,4,1,02,3,2,00,0,0,2,3,2,2,0,0,0,0,0,0,0,0,2,0,,2,0,0,0,0,0,0,0,0,0,0,0,0,0,0,0,3,0,0,1,0,0,0,0,0,40 19:14.684,80 05:13.109,40.320746,-80.086975,,,1,N,,,,N,0,,,,,,,,,,,,2024030834,0,1,1,0,0,0,0,0,0,0,0,0,0,0,0,0,0,1,0,0,1,0,1,1,0,0,0,0,0,0,0,0,0,0,1,0,0,0,0,0,0,0,0,0,0,0,1,0,0,0,0,0,0,0,1,0,0,0,0,0,0,0,0,0,1,0,0,0,1,0,0,0,0,1,0,0,0,0,0,0,0,1,,0,0,0,0,0,0,2024030834,5,,,02,,E,4,,25,,,CHAPELWOOD DR,2,
1924,2024030874,11,02,02118,02118,2024,04,1,,,,4,1,7,2,00,8,2,02,0,0,1,1,1,0,0,0,0,0,1,0,0,0,0,0,,0,0,0,0,0,0,0,0,0,0,0,0,0,0,0,0,0,0,0,0,0,0,0,0,0,40 28:44.333,79 58:01.244,40.478981,-79.967012,,,2,Y,,,,Y,0,,,,,,,,,,,,2024030874,0,1,0,0,0,0,0,0,0,0,0,0,1,1,0,1,0,0,0,1,0,0,0,0,0,0,0,0,0,0,0,0,0,0,0,0,0,0,0,0,0,1,1,0,0,0,0,0,0,0,0,0,0,0,1,0,0,0,0,0,0,0,0,0,0,0,0,0,1,0,0,0,0,0,0,1,0,0,0,0,1,0,,0,1,0,0,0,0,2024030874,3,,1,02,,N,2,8081,20,,85,RAMP E RD,0,
1925,2024030876,11,02,02220,02220,2024,04,4,,,,7,9,7,4,03,0,1,00,0,0,1,2,1,0,0,0,0,0,1,0,0,0,0,0,,0,0,0,0,0,0,0,0,0,0,0,0,0,0,0,0,0,0,0,0,0,0,1,0,0,40 39:29.775,79 53:01.361,40.658271,-79.883711,,,1,N,,,,N,0,,,,,,,,,,,,2024030876,0,1,1,0,0,1,0,0,0,0,0,0,1,1,0,1,0,0,0,0,1,0,0,1,0,0,0,0,0,0,0,0,0,0,0,0,0,0,0,0,0,0,0,0,0,0,0,0,0,0,0,0,0,1,0,0,0,0,0,0,0,0,0,0,0,0,0,1,1,0,0,0,0,0,0,0,0,0,0,0,1,0,,0,0,0,0,0,0,2024030876,3,,,02,,S,4,,25,,,MONIER RD,0,
1926,2024030881,11,02,02112,02112,2024,04,4,,,,7,9,7,4,00,0,2,00,0,0,1,1,1,1,0,0,0,0,0,0,0,0,1,0,,1,0,0,0,0,0,0,0,0,0,0,0,0,0,0,0,3,0,0,0,0,0,0,0,0,40 29:53.384,79 51:16.248,40.498162,-79.854513,,,4,N,,,,N,0,,,,,,,,,,,,2024030881,0,1,0,0,0,1,0,0,0,0,0,0,1,1,0,0,0,1,0,1,0,0,0,0,0,0,0,0,0,1,0,0,0,0,0,0,0,0,0,0,0,0,0,0,0,0,0,0,0,0,0,0,0,1,1,0,0,0,0,0,0,0,0,0,0,0,0,0,1,0,0,0,0,1,0,0,0,0,0,0,1,1,,0,0,0,0,0,0,2024030881,3,,3,02,,S,2,1001,25,,1558,FREEPORT RD,1,
1927,2024030882,11,02,02407,02407,2024,04,2,,,,,99,2,1,01,2,2,00,0,0,2,3,2,1,0,0,1,0,0,0,0,0,0,0,,0,0,3,0,0,0,0,0,0,0,0,0,0,0,0,0,9,0,0,0,0,1,0,0,0,40 20:18.757,80 01:04.033,40.338544,-80.017787,,,,N,,,,,0,,,,,,,,,,,,2024030882,0,1,0,0,0,0,0,0,0,0,0,1,0,0,0,0,0,0,0,0,1,1,0,0,0,0,0,0,0,0,0,0,0,0,0,0,0,0,0,0,0,0,0,0,0,0,0,1,0,0,0,0,0,0,1,0,0,0,0,0,0,0,0,0,0,0,1,0,1,0,0,0,0,0,0,0,0,0,0,0,1,0,,0,0,0,0,0,0,2024030882,3,,3,02,2,E,2,2040,35,,0,BROUGHTON RD,0,
1928,2024030883,11,02,02407,02407,2024,04,3,,,,7,9,4,1,01,2,2,00,0,0,2,2,2,1,0,0,0,0,1,0,0,0,1,0,,0,1,0,0,0,0,0,0,0,0,0,0,0,0,0,0,8,0,0,0,0,0,2,0,0,40 20:18.757,80 01:04.033,40.338544,-80.017787,,,5,N,,,,N,0,,,,,,,,,,,,2024030883,0,1,0,0,0,1,0,0,0,0,0,0,0,0,0,0,0,1,0,0,1,1,0,0,0,0,0,0,0,0,0,0,0,0,0,0,0,0,0,0,0,0,0,0,0,0,0,0,0,0,0,0,0,0,1,0,0,0,0,0,0,0,0,0,0,0,0,1,1,0,0,0,0,1,0,0,0,0,0,0,0,0,,0,0,0,0,0,0,2024030883,3,,3,02,,W,2,2040,35,,0,BROUGHTON RD,1,
1929,2024030921,11,02,02435,68B03,2024,04,2,,,,3,1,1,1,00,0,2,02,0,0,2,3,2,0,0,0,1,0,1,0,0,0,1,0,,1,0,0,0,0,0,0,0,0,0,0,0,0,0,0,0,3,0,0,0,0,0,1,0,0,40 25:17.224,80 02:42.579,40.421451,-80.045161,,,,N,,,,,0,,,,,,,,,,,,2024030921,0,1,0,0,0,0,0,0,0,0,1,0,0,0,0,0,0,1,0,1,0,0,0,0,0,0,0,0,0,0,0,0,0,0,0,0,0,0,0,0,0,0,0,0,0,0,0,0,0,0,0,0,0,1,0,0,0,0,0,0,0,0,0,1,0,0,0,1,1,0,0,0,0,1,0,0,0,0,0,0,0,1,,0,0,1,0,0,0,2024030921,3,,1,02,,S,2,8035,20,,309,GREENTREE INT/RAMP J RD,1,
1930,2024030930,11,02,02111,02111,2024,04,3,,,,3,1,1,1,02,0,2,00,0,0,2,2,2,1,0,0,0,0,1,0,0,0,0,0,,0,0,0,0,0,0,0,0,0,0,0,0,0,0,0,0,0,0,0,0,0,0,0,0,0,40 23:14.366,79 49:41.836,40.387324,-79.828288,,,3,N,,,,N,0,,,,,,,,,,,,2024030930,0,1,1,0,0,0,0,0,0,0,1,0,0,0,0,1,0,0,0,0,1,0,0,1,0,0,0,0,0,0,0,0,0,0,0,0,0,0,0,0,0,0,0,0,0,0,0,0,0,0,0,0,0,1,1,0,0,0,0,0,0,0,0,0,0,0,0,0,1,0,0,0,0,0,0,0,0,0,0,0,0,0,,0,1,0,0,0,0,2024030930,5,,,02,,N,4,,25,,,DELLA DR,0,
1931,2024030932,11,02,02108,02108,2024,04,4,,,,4,9,1,1,00,0,2,00,0,0,2,2,2,0,0,0,0,0,0,2,0,0,1,0,,0,1,0,0,0,0,0,0,0,0,0,0,0,0,0,0,8,0,0,0,0,0,1,0,0,40 32:45.047,80 02:09.504,40.545846,-80.035973,,,1,N,,,,N,0,,,,,,,,,,,,2024030932,0,1,0,0,0,1,0,0,0,0,1,0,0,0,0,0,0,1,0,1,0,0,0,0,0,0,0,0,0,0,0,0,0,0,0,0,0,0,0,0,0,0,0,0,0,0,0,0,1,0,0,0,0,1,1,0,0,0,0,0,0,0,0,0,0,0,0,1,1,0,0,0,0,1,0,0,0,0,0,0,0,0,,0,1,0,0,0,0,2024030932,3,,3,02,,N,2,0019,35,,1690,PERRY HW,1,
1932,2024030942,11,02,02440,02440,2024,04,6,,,,4,9,4,1,02,3,2,00,0,0,2,2,2,1,0,0,0,0,1,0,0,0,0,0,,0,0,0,1,0,0,0,0,0,0,0,0,0,0,0,0,0,0,0,0,0,0,0,0,0,40 18:13.107,79 57:47.617,40.303641,-79.963227,,,,N,,,,,0,,,,,,,,,,,,2024030942,0,0,1,1,0,1,0,0,0,0,0,0,0,0,0,1,0,0,0,0,1,0,1,1,0,0,0,0,0,0,0,0,0,0,0,0,0,0,0,0,0,0,0,0,0,0,0,0,0,0,0,0,0,0,1,0,0,0,0,0,1,0,0,1,0,0,0,0,1,0,0,0,0,0,0,0,0,0,0,0,0,0,,0,1,0,1,0,0,2024030942,3,,,02,,N,4,,35,,,GILL HALL RD,0,
1933,2024030947,11,02,02220,02220,2024,04,7,,,,,1,6,1,00,0,1,00,0,0,2,5,2,0,0,0,1,0,1,0,0,0,0,0,,0,0,0,0,0,0,0,0,0,0,0,0,0,0,0,0,0,0,0,0,0,0,1,0,0,40 38:47.043,79 50:48.747,40.646401,-79.846874,,,,N,,,,,0,,,,,,,,,,,,2024030947,0,1,0,0,0,0,0,0,0,0,0,1,0,0,0,1,0,0,0,1,0,0,0,0,0,0,0,0,0,0,0,0,0,0,0,0,0,0,0,0,0,0,0,0,0,0,0,0,0,1,0,0,0,0,0,0,0,0,0,0,0,0,1,1,0,0,0,1,1,0,0,0,0,0,0,0,0,0,0,0,0,0,,0,0,0,0,0,0,2024030947,3,,3,02,,N,2,1013,35,,940,SAXONBURG BL,0,
1934,2024031013,11,02,02404,02404,2024,04,3,,,,7,9,5,6,00,0,2,00,0,0,2,1,2,2,0,0,0,0,0,0,0,0,0,0,,0,0,0,0,0,0,0,0,0,0,0,0,0,0,0,0,0,0,0,0,0,0,1,0,0,40 29:30.891,80 02:53.325,40.491914,-80.048146,,,6,N,,,,N,0,,,,,,,,,,,,2024031013,0,0,1,1,0,1,0,0,0,0,0,0,0,0,0,1,0,0,0,1,0,0,0,0,0,0,0,0,0,0,0,0,0,0,0,0,0,0,0,0,0,1,1,0,0,0,0,0,0,0,0,0,0,0,0,0,0,0,0,0,0,0,0,1,0,0,0,1,1,0,1,0,0,0,0,1,0,0,0,0,0,0,,0,0,0,0,0,0,2024031013,3,,,02,2,W,4,,25,,,LINCOLN AV,0,
1935,2024031014,11,02,02448,02448,2024,04,3,,,,3,1,7,4,00,0,2,00,0,0,1,1,1,1,0,0,0,0,0,0,0,0,0,0,,0,0,0,0,0,0,0,0,0,0,0,0,0,0,0,0,0,0,0,0,0,0,0,0,1,40 22:58.291,79 53:41.785,40.382859,-79.89494,,,,N,,,,,0,,,,,,,,,,,,2024031014,0,0,1,1,0,0,0,0,0,0,0,0,1,1,0,1,0,0,0,1,0,0,0,0,0,0,0,0,0,1,0,0,0,0,0,0,0,0,0,0,0,0,0,0,0,0,0,0,0,0,1,0,0,0,0,0,0,0,0,1,0,0,0,1,0,0,0,0,1,0,0,0,0,0,0,0,0,0,0,0,0,0,,0,0,0,0,0,0,2024031014,3,,,02,,S,4,,35,,,HOMESTEAD DUQUESNE RD,0,
1936,2024031028,11,02,02446,02446,2024,04,3,,,,4,1,7,4,00,0,2,00,0,0,1,1,1,0,0,0,0,0,1,0,0,0,0,0,,0,0,0,0,0,0,0,0,0,0,0,0,0,0,0,0,0,0,0,0,0,0,1,0,0,40 25:17.418,79 48:08.603,40.421505,-79.80239,,,6,N,,,,Y,0,,,,,,,,,,,,2024031028,0,0,1,1,0,0,0,0,0,0,0,0,1,1,0,1,0,0,0,1,0,0,0,0,0,0,0,0,0,1,0,0,0,0,0,0,0,0,0,0,0,0,0,0,0,0,0,0,0,0,1,0,0,0,0,0,0,0,0,0,0,0,0,1,0,0,0,1,1,0,0,0,0,0,0,0,0,0,0,0,0,0,,0,0,0,0,0,0,2024031028,3,,,02,,E,4,,35,,,JAMES ST,0,
1937,2024031032,11,02,02113,02113,2024,04,6,,,,4,1,7,2,02,0,2,00,0,0,1,1,1,0,0,0,1,0,0,0,0,0,0,0,,0,0,0,0,0,0,0,0,0,0,0,0,0,0,0,0,0,0,0,0,0,0,0,0,0,40 28:14.229,79 49:40.035,40.470619,-79.827788,,,7,Y,,,,Y,0,,,,,,,,,,,,2024031032,0,1,1,0,0,0,0,0,0,0,0,0,1,1,0,1,0,0,0,0,1,0,0,1,0,0,0,0,0,1,0,0,0,0,0,0,0,0,0,0,0,1,1,0,0,0,0,0,0,0,0,0,0,0,0,0,0,0,0,0,0,0,0,0,0,0,0,0,1,0,0,0,0,0,0,1,0,0,0,0,0,0,,0,0,0,0,0,0,2024031032,4,,,02,2,S,4,,25,,,ALTHEA RD,0,
1938,2024031054,11,02,02214,68B03,2024,03,4,,,,3,1,1,2,00,0,2,02,0,0,2,2,2,0,0,0,1,1,0,0,0,0,1,0,,0,1,0,1,0,0,0,0,0,0,0,0,0,0,0,1,8,0,0,0,0,0,1,0,0,40 26:22.135,80 11:27.070,40.439482,-80.190853,,,4,N,,,,Y,0,,,,,,,,,,,,2024031054,0,1,0,0,0,0,0,0,0,0,1,0,0,1,0,0,0,1,0,1,0,0,0,0,0,0,0,0,0,0,0,0,0,0,0,0,0,1,0,0,0,0,0,0,0,0,0,0,0,0,1,0,0,1,1,0,0,0,0,0,1,0,0,1,0,0,0,1,1,0,0,0,0,1,1,0,0,0,0,0,0,0,,0,0,1,0,0,0,2024031054,3,,1,02,,W,2,8032,20,,278,RAMP Y RD,1,
1939,2024031062,11,02,02435,68B03,2024,03,5,,,,3,1,1,1,00,0,2,00,0,0,2,2,2,1,0,0,1,0,0,0,0,0,0,0,,0,0,0,0,0,0,0,0,0,0,0,0,0,0,0,0,0,0,0,0,0,0,0,0,0,40 25:14.860,80 02:26.321,40.420794,-80.040645,,,,N,,,,,0,,,,,,,,,,,,2024031062,1,1,0,0,0,0,0,0,0,0,1,0,0,0,0,1,0,0,0,1,0,0,0,0,0,0,0,0,0,0,0,0,0,0,0,0,0,0,0,0,0,0,0,0,0,0,0,0,0,0,0,0,0,0,1,0,0,0,0,0,0,0,0,0,0,0,0,0,1,0,0,0,0,0,0,0,0,0,0,0,0,0,,0,0,1,0,0,0,2024031062,3,,1,02,,W,1,0376,55,,435,PENN LINCOLN PY,0,
1940,2024031064,11,02,02481,68B03,2024,03,7,,,,7,9,7,4,00,0,2,00,0,0,1,2,1,0,0,0,0,0,0,1,0,0,0,0,,0,0,0,0,0,0,0,0,0,0,0,0,0,0,0,0,0,0,0,0,0,0,0,0,0,40 35:11.380,80 05:59.957,40.586494,-80.099988,,,,Y,,,,,0,,,,,,,,,,,,2024031064,1,1,0,0,0,1,0,0,0,0,0,0,1,1,0,1,0,0,0,1,0,0,0,0,0,0,0,0,0,0,1,0,0,0,0,0,0,0,0,0,0,0,0,0,0,0,0,0,0,0,0,0,1,1,1,0,0,0,0,0,0,0,0,1,0,0,0,0,1,0,0,0,0,0,0,0,0,0,0,0,1,0,,0,0,1,0,0,0,2024031064,3,,1,02,,S,1,0279,55,,666,NORTH HILLS EX,0,
1941,2024031085,11,02,02301,68B03,2024,04,3,,,,3,1,7,7,07,0,2,08,0,0,1,1,1,0,0,0,0,0,1,0,0,0,0,0,,0,0,0,0,0,0,0,0,0,0,0,0,0,0,0,0,0,0,0,0,0,0,0,0,0,40 26:21.982,80 00:36.809,40.439439,-80.010225,,,,Y,,,,,0,,,,,,,,,,,,2024031085,1,1,0,0,0,0,0,0,0,0,0,0,1,1,0,1,0,0,0,0,1,0,0,1,0,0,0,0,0,0,0,1,0,0,0,0,0,0,0,0,0,0,0,0,0,0,0,0,0,0,0,0,0,1,1,0,0,0,0,0,0,0,0,0,0,0,0,0,1,0,0,0,0,0,0,0,0,0,0,0,0,0,,0,0,1,0,0,0,2024031085,3,,1,02,,N,1,0279,50,,0,PENN LINCOLN PY,0,
1942,2024031145,11,02,02473,02473,2024,04,7,,,,3,1,5,1,00,0,2,00,0,0,3,3,3,2,0,0,0,0,1,0,0,0,2,2,,0,0,0,0,0,0,0,0,0,0,0,0,0,0,0,0,2,0,0,0,0,0,0,0,0,40 23:30.300,79 52:10.858,40.39175,-79.869683,,,5,N,,,,Y,0,,,,,,,,,,,,2024031145,0,1,0,0,0,0,0,0,0,0,0,0,0,0,0,0,1,1,0,1,0,0,0,0,0,0,0,0,1,0,0,0,0,0,0,0,0,0,0,0,0,1,1,0,0,0,0,0,0,0,0,0,1,1,1,0,0,0,0,0,0,0,0,0,0,0,0,0,1,0,1,0,0,1,0,1,0,0,0,0,1,0,,1,0,0,0,0,0,2024031145,3,,3,02,,S,2,0837,40,,1080,KENNYWOOD BL,2,
1943,2024031148,11,02,02473,02473,2024,04,3,,,,3,1,4,1,02,2,2,00,0,0,2,2,2,1,0,0,1,0,0,0,0,0,0,0,,0,0,0,0,0,0,0,0,0,0,0,0,0,0,0,0,0,0,0,1,0,0,0,0,0,40 20:16.728,79 53:41.897,40.33798,-79.894971,,,,N,,,,,0,,,,,,,,,,,,2024031148,0,1,1,0,0,0,0,0,0,0,0,0,0,0,0,1,0,0,0,0,1,1,0,0,0,0,0,0,0,0,0,0,0,0,0,0,0,0,0,0,0,0,0,0,0,0,0,0,0,0,0,0,0,0,1,0,0,0,0,0,0,0,0,0,1,0,0,0,1,0,0,0,0,0,0,0,0,0,0,0,1,0,,0,0,0,0,0,0,2024031148,5,,,02,,U,4,,,,,SIGNALIZED CR,0,
1944,2024031195,11,02,02111,02111,2024,03,7,,,,7,9,7,4,00,0,2,00,0,0,1,1,1,1,0,0,0,0,0,0,0,0,0,0,,0,0,1,0,0,0,0,0,0,0,0,0,0,0,0,0,9,0,0,0,0,0,0,0,0,40 23:21.000,79 49:57.800,40.389167,-79.832722,,,,N,,,,,0,,,,,,,,,,,,2024031195,0,0,1,1,0,1,0,0,0,0,0,0,1,1,0,0,0,0,0,1,0,0,0,0,0,0,0,0,0,1,0,0,0,0,0,0,0,0,0,0,0,0,0,0,0,0,0,0,0,0,0,0,0,0,0,0,0,0,0,0,0,0,0,1,0,0,0,0,1,0,0,0,0,0,0,0,0,0,0,0,1,0,,0,0,0,0,0,0,2024031195,3,,3,02,,W,4,AC71,25,,,GIRARD AV,0,
1945,2024031230,11,02,02449,02515,2024,04,4,,,,3,1,4,1,02,3,2,00,0,1,2,2,2,1,0,0,0,0,1,0,0,0,1,0,,1,0,0,0,0,0,0,0,0,0,0,0,0,0,0,0,3,0,0,0,0,0,0,1,0,40 24:32.500,79 51:59.000,40.409028,-79.866389,,,,Y,,,,N,0,,,,,,,,,,,,2024031230,0,0,1,1,0,0,0,0,0,0,0,0,0,0,0,0,0,1,0,0,1,0,1,1,0,1,0,0,0,0,0,0,0,0,0,0,0,0,0,0,0,0,0,0,0,0,0,0,0,0,0,0,0,0,1,0,0,0,1,0,0,0,1,0,0,0,0,0,1,0,0,0,0,1,0,0,0,0,0,0,0,1,,0,0,0,0,0,0,2024031230,3,,,02,,N,4,,25,,,HAWKINS AV,1,
1946,2024031240,11,02,02413,02413,2024,03,6,,,,3,1,4,1,00,0,2,07,0,0,2,2,2,2,0,0,0,0,0,0,0,0,0,0,,0,0,0,0,0,0,0,0,0,0,0,0,0,0,0,0,0,0,0,0,0,0,0,0,0,40 22:20.100,79 58:55.277,40.37225,-79.982021,,,,N,,,,,0,,,,,,,,,,,,2024031240,0,1,0,0,0,0,0,0,0,0,0,0,0,0,0,1,0,0,0,1,0,0,0,0,0,0,0,0,0,0,0,0,0,0,0,0,0,0,0,0,0,0,0,0,0,0,0,0,0,0,0,0,0,0,1,0,0,0,0,0,0,0,0,1,0,0,0,0,1,0,0,0,0,0,0,0,0,0,0,0,0,0,,0,1,0,0,0,0,2024031240,3,,3,02,,S,2,0051,25,,633,CLAIRTON BL,0,
1947,2024031243,11,02,02477,02477,2024,04,5,,,,3,1,1,1,00,0,2,00,0,0,2,2,2,1,0,0,0,0,1,0,0,0,1,0,,0,0,0,0,0,0,0,0,0,0,0,0,0,0,0,0,4,0,0,0,0,0,0,1,0,40 20:02.313,79 48:45.371,40.333976,-79.812603,,,,N,,,,,0,,,,,,,,,,,,2024031243,0,1,0,0,0,0,0,0,0,0,1,0,0,0,0,0,0,1,0,1,0,0,0,0,0,0,0,0,0,0,0,0,0,0,0,0,0,0,0,0,0,0,0,0,0,0,0,0,1,0,0,0,0,0,1,0,0,0,1,0,0,0,0,0,0,0,0,0,1,0,0,0,0,1,0,0,0,0,0,0,0,0,,0,0,0,0,0,0,2024031243,3,,3,02,,S,2,0048,40,,500,LONG RUN RD,1,