_id,CRASH_CRN,DISTRICT,CRASH_COUNTY,MUNICIPALITY,POLICE_AGCY,CRASH_YEAR,CRASH_MONTH,DAY_OF_WEEK,TIME_OF_DAY,HOUR_OF_DAY,ILLUMINATION,WEATHER,ROAD_CONDITION,COLLISION_TYPE,RELATION_TO_ROAD,INTERSECT_TYPE,TCD_TYPE,URBAN_RURAL,LOCATION_TYPE,SCH_BUS_IND,SCH_ZONE_IND,TOTAL_UNITS,PERSON_COUNT,VEHICLE_COUNT,AUTOMOBILE_COUNT,MOTORCYCLE_COUNT,BUS_COUNT,SMALL_TRUCK_COUNT,HEAVY_TRUCK_COUNT,SUV_COUNT,VAN_COUNT,BICYCLE_COUNT,FATAL_COUNT,INJURY_COUNT,MAJ_INJ_COUNT,MOD_INJ_COUNT,MIN_INJ_COUNT,UNK_INJ_DEG_COUNT,UNK_INJ_PER_COUNT,UNBELTED_OCC_COUNT,UNB_DEATH_COUNT,UNB_MAJ_INJ_COUNT,BELTED_DEATH_COUNT,BELTED_MAJ_INJ_COUNT,MCYCLE_DEATH_COUNT,MCYCLE_MAJ_INJ_COUNT,BICYCLE_DEATH_COUNT,BICYCLE_MAJ_INJ_COUNT,PED_COUNT,PED_DEATH_COUNT,PED_MAJ_INJ_COUNT,COMM_VEH_COUNT,MAX_SEVERITY_LEVEL,DRIVER_COUNT_16YR,DRIVER_COUNT_17YR,DRIVER_COUNT_18YR,DRIVER_COUNT_19YR,DRIVER_COUNT_20YR,DRIVER_COUNT_50_64YR,DRIVER_COUNT_65_74YR,DRIVER_COUNT_75PLUS,LATITUDE,LONGITUDE,DEC_LAT,DEC_LONG,EST_HRS_CLOSED,LANE_CLOSED,LN_CLOSE_DIR,NTFY_HIWY_MAINT,RDWY_SURF_TYPE_CD,SPEC_JURIS_CD,TCD_FUNC_CD,TFC_DETOUR_IND,WORK_ZONE_IND,WORK_ZONE_TYPE,WORK_ZONE_LOC,CONS_ZONE_SPD_LIM,WORKERS_PRES,WZ_CLOSE_DETOUR,WZ_FLAGGER,WZ_LAW_OFFCR_IND,WZ_LN_CLOSURE,WZ_MOVING,WZ_OTHER,WZ_SHLDER_MDN,FLAG_CRN,INTERSTATE,STATE_ROAD,LOCAL_ROAD,LOCAL_ROAD_ONLY,TURNPIKE,WET_ROAD,SNOW_SLUSH_ROAD,ICY_ROAD,SUDDEN_DEER,SHLDR_RELATED,REAR_END,HO_OPPDIR_SDSWP,HIT_FIXED_OBJECT,SV_RUN_OFF_RD,WORK_ZONE,PROPERTY_DAMAGE_ONLY,FATAL_OR_MAJ_INJ,INJURY,FATAL,NON_INTERSECTION,INTERSECTION,SIGNALIZED_INT,STOP_CONTROLLED_INT,UNSIGNALIZED_INT,SCHOOL_BUS,SCHOOL_ZONE,HIT_DEER,HIT_TREE_SHRUB,HIT_EMBANKMENT,HIT_POLE,HIT_GDRAIL,HIT_GDRAIL_END,HIT_BARRIER,HIT_BRIDGE,OVERTURNED,MOTORCYCLE,BICYCLE,HVY_TRUCK_RELATED,VEHICLE_FAILURE,TRAIN_TROLLEY,PHANTOM_VEHICLE,ALCOHOL_RELATED,DRINKING_DRIVER,UNDERAGE_DRNK_DRV,UNLICENSED,CELL_PHONE,NO_CLEARANCE,RUNNING_RED_LT,TAILGATING,CROSS_MEDIAN,CURVE_DVR_ERROR,LIMIT_65MPH,SPEEDING,SPEEDING_RELATED,AGGRESSIVE_DRIVING,FATIGUE_ASLEEP,DRIVER_16YR,DRIVER_17YR,DRIVER_65_74YR,DRIVER_75PLUS,UNBELTED,PEDESTRIAN,DISTRACTED,CURVED_ROAD,DRIVER_18YR,DRIVER_19YR,DRIVER_20YR,DRIVER_50_64YR,VEHICLE_TOWED,FIRE_IN_VEHICLE,HIT_PARKED_VEHICLE,MC_DRINKING_DRIVER,DRUGGED_DRIVER,INJURY_OR_FATAL,COMM_VEHICLE,IMPAIRED_DRIVER,DEER_RELATED,DRUG_RELATED,HAZARDOUS_TRUCK,ILLEGAL_DRUG_RELATED,ILLUMINATION_DARK,MINOR_INJURY,MODERATE_INJURY,MAJOR_INJURY,NHTSA_AGG_DRIVING,PSP_REPORTED,RUNNING_STOP_SIGN,TRAIN,TROLLEY,ROADWAY_CRN,RDWY_SEQ_NUM,ADJ_RDWY_SEQ,ACCESS_CTRL,ROADWAY_COUNTY,LANE_COUNT,RDWY_ORIENT,ROAD_OWNER,ROUTE,SPEED_LIMIT,SEGMENT,OFFSET,STREET_NAME,TOT_INJ_COUNT,SCHOOL_BUS_UNIT
2036,2024033134,11,02,02108,02108,2024,04,2,,,,3,1,7,4,00,0,2,00,0,0,1,1,1,1,0,0,0,0,0,0,0,0,0,0,,0,0,0,0,0,0,0,0,0,0,0,0,0,0,0,0,0,0,0,0,0,0,1,0,0,40 35:37.003,80 03:45.699,40.593612,-80.062694,,,6,Y,,,,Y,0,,,,,,,,,,,,2024033134,0,1,0,0,0,0,0,0,0,0,0,0,1,1,0,1,0,0,0,1,0,0,0,0,0,0,0,0,0,1,0,1,0,0,0,0,0,0,0,0,0,0,0,0,0,0,0,0,0,0,0,0,0,0,0,1,0,0,0,0,0,0,0,0,0,0,0,1,1,0,0,0,0,0,0,0,0,0,0,0,0,0,,0,0,0,0,0,0,2024033134,3,,3,02,,W,2,4086,35,,1235,PINE CREEK RD,0,
2037,2024033179,11,02,02115,02115,2024,04,2,,,,,1,2,1,03,2,2,00,0,0,2,2,2,0,0,0,1,0,1,0,0,0,1,0,,1,0,0,1,0,0,0,0,0,0,0,0,0,0,0,1,3,0,0,0,0,0,1,0,0,40 26:07.584,80 08:38.341,40.43544,-80.143984,,,4,N,,,,N,0,,,,,,,,,,,,2024033179,0,1,1,0,0,0,0,0,0,0,0,1,0,0,0,0,0,1,0,0,1,1,0,0,0,0,0,0,0,0,0,0,0,0,0,0,0,0,0,0,0,0,0,0,0,0,0,0,0,0,0,0,0,0,0,0,0,0,0,0,1,0,0,1,0,0,0,1,1,0,0,0,0,1,1,0,0,0,0,0,0,1,,0,0,0,0,0,0,2024033179,4,,,02,,E,4,,35,,,CAMPBELLS RUN RD,1,
2038,2024033186,11,02,02449,02515,2024,04,2,,,,3,1,4,1,01,2,1,00,0,0,2,2,2,1,0,0,0,0,1,0,0,0,2,2,,0,0,0,0,0,0,0,0,0,0,0,0,0,0,0,0,2,0,0,0,0,0,1,0,0,,,,,,,1,N,,,,N,0,,,,,,,,,,,,2024033186,0,0,1,1,0,0,0,0,0,0,0,0,0,0,0,0,1,1,0,0,1,1,0,0,0,0,0,0,0,0,0,0,0,0,0,0,0,0,0,0,0,0,0,0,0,0,0,1,0,0,0,0,0,0,1,0,0,0,0,0,0,0,0,0,0,0,0,1,1,0,0,0,0,1,0,0,0,0,0,0,0,0,,1,0,0,0,0,0,2024033186,3,,,02,2,N,4,0030,25,,,BRADDOCK AVE AV,2,
2039,2024033196,11,02,02206,02206,2024,04,1,,,,3,1,2,1,00,0,1,00,0,0,2,2,2,0,0,0,1,0,1,0,0,0,2,2,,0,0,0,1,0,1,0,0,0,0,0,0,0,0,0,0,2,0,0,0,0,0,1,1,0,40 33:57.600,79 47:34.102,40.566,-79.792806,,,5,N,,,,Y,0,,,,,,,,,,,,2024033196,0,1,0,0,0,0,0,0,0,0,0,1,0,0,0,0,1,1,0,1,0,0,0,0,0,0,0,0,0,0,0,0,0,0,0,0,0,0,0,0,0,1,1,0,0,0,0,0,0,1,1,0,0,0,0,0,0,0,1,0,1,0,0,1,0,0,0,1,1,0,0,0,0,1,0,1,0,0,0,0,0,0,,1,0,0,0,0,0,2024033196,3,,3,02,,N,2,1019,35,,1577,BUTLER RD,2,
2040,2024033202,11,02,02217,02505,2024,04,5,,,,7,9,1,1,02,0,2,00,0,0,4,5,4,1,0,0,1,0,2,0,0,0,2,0,,2,0,0,0,0,0,0,0,0,0,0,0,0,0,0,0,3,1,0,0,0,0,0,0,0,40 37:48.072,79 58:09.865,40.63002,-79.969407,,,,N,,,,,0,,,,,,,,,,,,2024033202,0,1,1,0,0,1,0,0,0,0,1,0,0,0,0,0,0,1,0,0,1,0,0,1,0,0,0,0,0,0,0,0,0,0,0,0,0,0,0,0,0,0,0,0,0,0,0,0,0,0,0,0,0,0,0,0,1,0,0,0,0,0,0,0,0,0,0,0,1,0,0,0,0,1,0,0,0,0,0,0,0,1,,0,0,0,0,0,0,2024033202,4,,,02,,N,4,,25,,,GRUBBS RD,2,
2041,2024033209,11,02,02108,02108,2024,04,2,,,,3,1,1,1,03,3,2,00,0,0,2,3,2,2,0,0,0,0,0,0,0,0,0,0,,0,0,0,0,0,0,0,0,0,0,0,0,0,0,0,0,0,0,0,0,0,0,0,2,0,40 32:44.998,80 02:09.494,40.545833,-80.035971,,,1,N,,,,N,0,,,,,,,,,,,,2024033209,0,1,1,0,0,0,0,0,0,0,1,0,0,0,0,1,0,0,0,0,1,0,1,1,0,0,0,0,0,0,0,0,0,0,0,0,0,0,0,0,0,0,0,0,0,0,1,0,0,0,0,0,0,0,1,0,0,0,1,0,0,0,0,1,0,0,0,0,1,0,0,0,0,0,0,0,0,0,0,0,0,0,,0,0,0,0,0,0,2024033209,5,,,02,,N,4,,30,,,OLD PERRY HW,0,
2042,2024033217,11,02,02202,02202,2024,04,2,,,,3,1,4,1,01,1,1,00,0,0,3,3,3,2,0,0,0,0,1,0,0,0,0,0,,0,0,1,0,0,0,0,0,0,0,0,0,0,0,0,0,9,0,0,0,0,0,0,0,1,40 40:01.906,79 43:48.991,40.667196,-79.730275,,,,N,,,,,0,,,,,,,,,,,,2024033217,0,1,0,0,0,0,0,0,0,0,0,0,0,0,0,0,0,0,0,0,1,1,0,0,0,0,0,0,0,0,0,0,0,0,0,0,0,0,0,0,0,0,0,0,0,0,0,0,0,0,0,0,0,0,1,0,0,0,0,1,0,0,0,0,0,0,0,0,1,0,0,0,0,0,0,0,0,0,0,0,0,0,,0,1,0,1,0,0,2024033217,3,,3,02,2,W,2,1028,45,,0,BAKERSTOWN RD,0,
2043,2024033233,11,02,02212,68B03,2024,03,3,,,,3,1,7,2,00,0,2,00,0,0,1,2,1,0,0,0,0,1,0,0,0,0,1,0,,0,0,0,1,0,0,0,0,0,0,0,0,0,0,0,1,4,0,0,0,0,0,0,0,0,40 39:50.872,80 05:27.668,40.664131,-80.091019,,,1,Y,,,,Y,0,,,,,,,,,,,,2024033233,1,1,0,0,0,0,0,0,0,0,0,0,1,1,0,0,0,1,0,1,0,0,0,0,0,0,0,0,0,0,0,1,0,0,1,0,0,1,0,0,0,0,0,0,0,0,0,0,0,0,0,1,0,0,0,1,0,0,0,0,1,0,0,0,0,0,0,0,1,0,0,0,0,1,1,0,0,0,0,0,0,0,,0,0,1,0,0,0,2024033233,3,,1,02,2,N,1,0079,65,,1194,RAYMOND P SHAFER HW,1,
2044,2024033234,11,02,02301,68B03,2024,03,5,,,,3,1,1,1,00,0,2,00,0,0,3,3,3,2,0,0,1,0,0,0,0,0,0,0,,0,0,1,0,0,0,0,0,0,0,0,0,0,0,0,0,9,0,0,0,1,0,1,0,0,40 25:53.446,80 01:29.809,40.431513,-80.024947,,,,N,,,,,0,,,,,,,,,,,,2024033234,1,1,0,0,0,0,0,0,0,0,1,0,0,0,0,0,0,0,0,1,0,0,0,0,0,0,0,0,0,0,0,0,0,0,0,0,0,0,0,0,0,0,0,0,0,0,0,0,1,0,0,0,0,0,1,0,0,0,0,0,0,0,0,0,0,1,0,1,1,0,0,0,0,0,0,0,0,0,0,0,0,0,,0,0,1,0,0,0,2024033234,3,,1,02,,E,1,0376,55,,2541,PENN LINCOLN PY,0,
2045,2024033236,11,02,02212,68B03,2024,03,6,,,,7,9,7,4,00,0,2,00,0,0,1,1,1,1,0,0,0,0,0,0,0,0,0,0,,0,0,0,0,0,0,0,0,0,0,0,0,0,0,0,0,0,0,0,0,0,0,0,0,0,40 37:54.599,80 05:50.682,40.631833,-80.097412,,,1,Y,,,,N,0,,,,,,,,,,,,2024033236,1,1,0,0,0,1,0,0,0,0,0,0,1,1,0,1,0,0,0,1,0,0,0,0,0,0,0,0,0,0,0,1,0,0,1,0,0,0,0,0,0,1,1,0,0,0,0,0,0,0,0,1,0,0,1,0,0,0,0,0,0,0,0,0,0,0,0,0,1,0,0,0,0,0,0,1,0,0,0,0,0,0,,0,0,1,0,0,0,2024033236,3,,1,02,3,N,1,0079,55,,2363,RAYMOND P SHAFER HW,0,
2046,2024033237,11,02,02301,68B03,2024,03,7,,,,3,1,1,1,00,0,2,03,0,0,3,3,3,2,0,0,0,0,0,1,0,0,0,0,,0,0,1,0,0,0,0,0,0,0,0,0,0,0,0,0,9,0,0,0,0,0,0,1,0,40 25:32.435,79 54:17.668,40.425676,-79.904908,,,4,N,,,,N,0,,,,,,,,,,,,2024033237,1,1,0,0,0,0,0,0,0,0,1,0,0,0,0,0,0,0,0,1,0,0,0,0,0,0,0,0,0,0,0,0,0,0,0,0,0,0,0,0,0,0,0,0,0,0,0,0,0,0,0,0,0,1,1,0,0,0,1,0,0,0,0,0,0,0,0,0,1,0,0,0,0,0,0,0,0,0,0,0,0,0,,0,0,1,0,0,0,2024033237,3,,1,02,,W,1,0376,55,,711,PENN LINCOLN PY,0,
2047,2024033240,11,02,02301,68B03,2024,03,1,,,,3,1,1,1,00,0,2,04,0,0,3,6,3,0,0,0,2,0,1,0,0,0,1,0,,0,0,1,0,0,0,0,0,0,0,0,0,0,0,0,0,4,0,0,0,0,0,2,0,0,40 25:36.878,79 55:05.770,40.426911,-79.918269,,,,N,,,,,0,,,,,,,,,,,,2024033240,1,1,0,0,0,0,0,0,0,0,1,0,0,0,0,0,0,1,0,1,0,0,0,0,0,0,0,0,0,0,0,0,0,0,0,0,0,0,1,0,0,0,0,0,0,0,0,0,1,0,0,0,0,1,1,0,0,0,0,0,0,0,0,0,0,0,0,1,1,0,0,0,0,1,0,0,0,0,0,0,0,0,,0,1,1,0,0,0,2024033240,3,,1,02,,W,1,0376,55,,3244,SQUIRREL HILL TN,1,
2048,2024033243,11,02,02301,68B03,2024,03,4,,,,3,1,7,4,00,0,2,00,0,0,1,1,1,1,0,0,0,0,0,0,0,0,0,0,,0,0,0,0,0,0,0,0,0,0,0,0,0,0,0,0,0,0,0,0,0,0,0,0,0,40 27:22.075,79 59:53.586,40.456132,-79.998218,,,,N,,,,,0,,,,,,,,,,,,2024033243,1,1,0,0,0,0,0,0,0,0,0,0,1,1,0,1,0,0,0,1,0,0,0,0,0,0,0,0,0,0,0,0,1,0,0,0,0,0,0,0,0,0,0,0,0,0,0,0,0,0,0,0,0,1,1,0,0,0,0,0,0,0,0,0,0,0,0,0,1,0,0,0,0,0,0,0,0,0,0,0,1,0,,0,0,1,0,0,0,2024033243,3,,1,02,,S,1,0279,50,,961,EAST STREET VALLEY ET,0,
2049,2024033244,11,02,02435,68B03,2024,03,5,,,,3,1,1,1,00,0,2,00,0,0,2,3,2,0,0,0,1,0,1,0,0,0,1,0,,1,0,0,0,0,0,0,0,0,0,0,0,0,0,0,0,3,0,0,0,0,0,0,0,0,40 25:08.009,80 03:11.170,40.418891,-80.053103,,,3,N,,,,N,0,,,,,,,,,,,,2024033244,1,1,0,0,0,0,0,0,0,0,1,0,0,0,0,0,0,1,0,1,0,0,0,0,0,0,0,0,0,0,0,0,0,0,0,0,0,0,0,0,0,0,0,0,0,0,0,0,1,0,0,0,0,0,1,0,0,0,0,0,0,0,0,0,0,0,0,0,1,0,0,0,0,1,0,0,0,0,0,0,0,1,,0,0,1,0,0,0,2024033244,3,,1,02,,E,1,0376,55,,2036,PENN LINCOLN PY,1,
2050,2024033246,11,02,02301,68B03,2024,03,7,,,,4,1,7,4,00,0,2,02,0,0,1,1,1,1,0,0,0,0,0,0,0,0,0,0,,0,0,0,0,0,0,0,0,0,0,0,0,0,0,0,0,0,0,0,0,0,0,0,0,0,40 25:43.721,79 55:53.944,40.428811,-79.931651,,,,N,,,,,0,,,,,,,,,,,,2024033246,0,1,0,0,0,0,0,0,0,0,0,0,1,1,0,1,0,0,0,1,0,0,0,0,0,0,0,0,0,0,0,0,1,0,0,0,0,0,0,0,0,0,0,0,0,0,0,0,0,0,1,0,0,0,0,0,0,0,0,0,0,0,0,1,0,0,0,0,1,0,0,0,0,0,0,0,0,0,0,0,0,0,,0,0,1,0,0,0,2024033246,3,,1,02,,E,2,8008,20,,684,FORWARD AV INT./RAMP D RD,0,
2051,2024033252,11,02,02115,68B03,2024,04,3,,,,7,9,7,4,00,0,2,00,0,0,1,1,1,0,0,0,0,1,0,0,0,0,1,0,,0,0,0,0,0,0,0,0,0,0,0,0,0,0,0,1,4,0,0,0,0,0,0,1,0,40 28:28.694,80 07:06.982,40.474637,-80.118606,,,2,Y,,,,Y,1,1,4,45,0,,,0,1,,,,2024033252,1,1,0,0,0,1,0,0,0,0,0,0,1,1,1,0,0,1,0,1,0,0,0,0,0,0,0,0,0,0,0,0,0,0,1,0,0,1,0,0,0,0,0,0,0,0,0,0,0,0,0,0,0,0,0,0,0,0,1,0,0,0,0,0,0,0,0,0,1,0,0,0,0,1,1,0,0,0,0,0,0,0,,0,0,1,0,0,0,2024033252,3,,1,02,,S,1,0079,55,,2044,RAYMOND P SHAFER HW,1,
2052,2024033264,11,02,02440,68T10,2024,04,4,,,,7,9,0,1,00,0,2,00,0,0,1,1,1,1,0,0,0,0,0,0,0,0,0,0,,0,0,0,0,0,0,0,0,0,0,0,0,0,0,0,0,0,0,0,0,0,0,1,0,0,40 16:41.754,79 56:39.436,40.278265,-79.944288,,,2,N,,,,N,0,,,,,,,,,,,,2024033264,0,0,0,0,1,1,0,0,0,0,0,0,0,1,0,1,0,0,0,1,0,0,0,0,0,0,0,0,0,0,0,0,0,0,0,0,0,0,0,0,0,0,0,0,0,0,0,0,0,0,0,0,0,0,0,0,0,0,0,0,0,0,0,0,0,0,0,1,1,1,0,0,0,0,0,0,0,0,0,0,0,0,,0,0,1,0,0,0,2024033264,3,,1,02,4,S,6,7043,55,,4752,MON VALLEY/FAYETTE EX,0,
2053,2024033294,11,02,02445,02445,2024,04,2,,,,3,1,1,1,06,4,2,02,0,0,2,2,2,2,0,0,0,0,0,0,0,0,0,0,,0,0,0,0,0,0,0,0,0,0,0,0,0,0,0,0,0,0,0,0,0,0,0,0,0,40 28:24.321,79 58:20.624,40.473423,-79.972396,,,2,N,,,,N,0,,,,,,,,,,,,2024033294,0,1,0,0,0,0,0,0,0,0,1,0,0,0,0,1,0,0,0,0,1,0,0,1,0,0,0,0,0,0,0,0,0,0,0,0,0,0,0,0,0,0,0,0,0,0,0,0,1,0,0,0,0,0,1,0,0,0,0,0,0,0,0,0,0,0,0,0,1,0,0,0,0,0,0,0,0,0,0,0,0,0,,0,0,0,0,0,0,2024033294,3,,1,02,,S,2,0028,40,,1554,EAST OHIO ST,0,
2054,2024033296,11,02,02108,02108,2024,04,2,,,,3,1,2,1,00,0,2,00,0,0,2,2,2,1,0,0,0,0,0,1,0,0,2,0,,2,0,0,0,0,0,0,0,0,0,0,0,0,0,0,0,3,0,0,0,0,0,1,0,0,40 35:43.800,80 01:42.600,40.5955,-80.0285,,,7,N,,,,Y,0,,,,,,,,,,,,2024033296,0,0,1,1,0,0,0,0,0,0,0,1,0,0,0,0,0,1,0,1,0,0,0,0,0,0,0,0,0,0,0,0,0,0,0,0,0,0,0,0,0,1,1,0,0,0,0,0,0,1,1,0,0,0,0,0,0,0,0,0,0,0,0,1,0,0,0,1,1,0,0,0,0,1,0,1,0,0,0,0,0,1,,0,0,0,0,0,0,2024033296,3,,3,02,,N,4,ABOX,35,,,GRUBBS RD,2,
2055,2024033313,11,02,02213,02213,2024,03,6,,,,3,1,1,1,00,0,2,00,0,0,2,2,2,1,0,0,0,0,1,0,0,0,1,0,,1,0,0,0,0,0,0,0,0,0,0,0,0,0,0,0,3,0,0,0,0,0,0,0,0,40 31:36.017,80 12:29.336,40.526671,-80.208149,,,,N,,,,,0,,,,,,,,,,,,2024033313,0,1,0,0,0,0,0,0,0,0,1,0,0,0,0,0,0,1,0,1,0,0,0,0,0,0,0,0,0,0,0,0,0,0,0,0,0,0,0,0,0,0,0,0,0,0,0,0,1,0,0,0,0,0,1,0,0,0,0,0,0,0,0,0,0,0,0,0,0,0,0,0,0,1,0,0,0,0,0,0,0,1,,0,0,0,0,0,0,2024033313,3,,3,02,,N,2,3109,35,,155,UNIVERSITY BL,1,
2056,2024033314,11,02,02213,02213,2024,04,6,,,,7,9,4,1,00,0,2,07,0,0,2,3,2,2,0,0,0,0,0,0,0,0,1,0,,1,0,0,0,0,0,0,0,0,0,0,0,0,0,0,0,3,0,0,0,1,0,0,0,0,40 31:06.009,80 13:08.559,40.518336,-80.219044,,,,N,,,,,0,,,,,,,,,,,,2024033314,0,1,0,0,0,1,0,0,0,0,0,0,0,0,0,0,0,1,0,1,0,0,0,0,0,0,0,0,0,0,0,0,0,0,0,0,0,0,0,0,0,0,0,0,0,0,0,0,0,0,0,0,0,0,1,0,0,0,0,0,0,0,0,0,0,1,0,0,1,0,0,0,0,1,0,0,0,0,0,0,0,1,,0,0,0,0,0,0,2024033314,3,,3,02,,N,2,3109,35,,821,UNIVERSITY BL,1,
2057,2024033316,11,02,02213,02213,2024,04,6,,,,9,1,1,1,00,2,2,00,0,0,3,5,3,2,0,0,0,0,1,0,0,0,1,0,,1,0,0,0,0,0,0,0,0,0,0,0,0,0,0,0,3,0,0,1,0,0,0,0,0,40 30:00.371,80 13:08.705,40.500103,-80.219085,,,,N,,,,,0,,,,,,,,,,,,2024033316,0,1,0,0,0,0,0,0,0,0,1,0,0,0,0,0,0,1,0,1,0,0,0,0,0,0,0,0,0,0,0,0,0,0,0,0,0,0,0,0,0,0,0,0,0,0,0,0,0,0,0,0,0,0,0,0,0,0,0,0,0,0,1,0,1,0,0,0,1,0,0,0,0,1,0,0,0,0,0,0,0,1,,0,0,0,0,0,0,2024033316,3,,3,02,,W,2,3160,40,,820,BUSINESS HW,1,
2058,2024033317,11,02,02213,02213,2024,04,2,,,,3,1,4,1,02,3,2,00,0,0,2,3,2,1,0,0,0,0,1,0,0,0,0,0,,0,0,0,1,0,0,0,0,0,0,0,0,0,0,0,0,0,0,0,0,0,0,0,0,1,40 31:35.228,80 13:31.547,40.526452,-80.22543,,,4,N,,,,N,0,,,,,,,,,,,,2024033317,0,1,1,0,0,0,0,0,0,0,0,0,0,0,0,1,0,0,0,0,1,0,1,1,0,0,0,0,0,0,0,0,0,0,0,0,0,0,0,0,0,0,0,0,0,0,0,0,0,0,0,0,0,0,1,0,0,0,0,1,1,0,0,1,0,0,0,0,1,0,0,0,0,0,0,0,0,0,0,0,0,0,,0,0,0,0,0,0,2024033317,4,,,02,,N,4,,15,,,APPLE BLOSSOM WY,0,
2059,2024033318,11,02,02213,02213,2024,04,6,,,,7,9,7,3,00,0,2,00,0,0,1,1,1,1,0,0,0,0,0,0,0,0,0,0,,0,0,0,0,0,0,0,0,0,0,0,0,0,0,0,0,0,0,0,0,0,1,0,0,0,40 31:40.785,80 12:21.819,40.527996,-80.206061,,,,N,,,,,0,,,,,,,,,,,,2024033318,0,1,0,0,0,1,0,0,0,0,0,0,1,1,0,1,0,0,0,1,0,0,0,0,0,0,0,0,0,0,0,0,1,0,0,0,0,0,0,0,0,0,0,0,0,0,0,0,0,0,0,0,0,1,1,0,0,0,0,0,0,0,0,1,0,0,1,0,1,0,0,0,0,0,0,0,0,0,0,0,0,0,,0,0,0,0,0,0,2024033318,3,,3,02,,S,2,3109,35,,891,UNIVERSITY BL,0,
2060,2024033319,11,02,02213,02213,2024,04,6,,,,7,9,4,1,00,2,2,07,0,0,2,3,2,1,0,0,0,0,1,0,0,0,2,0,,2,0,0,0,0,0,0,0,0,0,0,0,0,0,0,0,3,0,0,0,0,0,0,1,0,40 30:12.127,80 13:20.161,40.503369,-80.222267,,,5,N,,,,Y,0,,,,,,,,,,,,2024033319,0,1,0,0,0,1,0,0,0,0,0,0,0,0,0,0,0,1,0,1,0,0,0,0,0,0,0,0,0,0,0,0,0,0,0,0,0,0,0,0,0,0,0,0,0,0,0,0,0,0,0,0,0,0,1,0,0,0,1,0,0,0,0,0,0,0,0,0,1,0,0,0,0,1,0,0,0,0,0,0,0,1,,0,0,0,0,0,0,2024033319,3,,3,02,2,N,2,3109,35,,1220,UNIVERSITY BL,2,
2061,2024033440,11,02,02212,68T02,2024,04,2,,,,3,1,1,1,00,0,2,00,0,0,2,4,2,1,0,0,0,0,1,0,0,0,1,0,,0,0,0,0,0,0,0,0,0,0,0,0,0,0,0,0,4,0,0,0,0,1,0,1,0,40 39:29.233,80 05:05.255,40.65812,-80.084793,,,,N,,,,,0,,,,,,,,,,,,2024033440,0,0,0,0,1,0,0,0,0,0,1,0,0,0,0,0,0,1,0,1,0,0,0,0,0,0,0,0,0,0,0,0,0,0,0,0,0,0,0,0,0,0,0,0,0,0,0,0,0,0,0,1,0,0,1,0,0,0,1,0,0,0,0,0,0,0,1,0,1,0,0,0,0,1,0,0,0,0,0,0,0,0,,0,0,1,0,0,0,2024033440,3,,1,02,,W,5,7076,65,,1584,MAINLINE TU,1,
2062,2024033517,11,02,02105,02105,2024,04,2,,,,3,1,1,1,00,0,2,00,0,0,2,2,2,1,0,0,0,0,1,0,0,0,0,0,,0,0,0,0,0,0,0,0,0,0,0,0,0,0,0,0,0,0,2,0,0,0,0,0,0,40 15:42.450,79 52:19.580,40.261792,-79.872106,,,4,N,,,,N,0,,,,,,,,,,,,2024033517,0,0,1,1,0,0,0,0,0,0,1,0,0,0,0,1,0,0,0,1,0,0,0,0,0,0,0,0,0,0,0,0,0,0,0,0,0,0,0,0,0,0,0,0,0,0,0,0,1,0,0,0,0,0,1,0,0,1,0,0,0,0,0,1,0,0,0,0,1,0,0,0,0,0,0,0,0,0,0,0,0,0,,0,0,0,0,0,0,2024033517,3,,3,02,2,W,4,ABFL,35,,,WEIGLES HILL RD,0,
2063,2024033520,11,02,02113,02113,2024,04,3,,,,3,1,7,5,00,0,2,00,0,0,1,1,1,1,0,0,0,0,0,0,0,0,1,1,,0,0,0,0,0,0,0,0,0,0,0,0,0,0,0,0,2,0,0,0,0,0,0,1,0,40 26:47.192,79 49:40.304,40.446442,-79.827862,,,,N,,,,,0,,,,,,,,,,,,2024033520,0,1,0,0,0,0,0,0,0,0,0,0,1,1,0,0,1,1,0,1,0,0,0,0,0,0,0,1,0,0,0,0,0,0,0,0,0,0,0,0,0,0,0,0,0,0,0,0,0,0,0,0,0,0,0,0,0,0,1,0,0,0,0,0,0,0,0,0,1,0,0,0,0,1,0,0,0,0,0,0,0,0,,1,0,0,0,0,0,2024033520,3,,3,02,2,S,2,0791,35,,819,RODI RD,1,
2064,2024033546,11,02,02415,02415,2024,04,3,,,,3,1,4,1,01,3,2,02,0,0,2,2,2,1,0,0,0,0,1,0,0,0,2,0,,1,0,0,0,0,0,0,0,0,0,0,0,0,0,0,0,3,0,0,0,0,0,1,0,0,40 24:36.343,80 04:50.685,40.410095,-80.080746,,,4,N,,,,N,0,,,,,,,,,,,,2024033546,0,1,1,0,0,0,0,0,0,0,0,0,0,0,0,0,0,1,0,0,1,0,1,1,0,0,0,0,0,0,0,0,0,0,0,0,0,0,0,0,0,0,0,0,0,0,0,0,0,0,0,0,0,0,1,0,0,0,0,0,0,0,0,0,0,0,0,1,1,0,0,0,0,1,0,0,0,0,0,0,0,1,,0,1,0,1,0,0,2024033546,5,,,02,,S,4,,25,,,ANTHONY ST,2,
2065,2024033559,11,02,02404,02404,2024,04,3,,,,3,1,4,6,02,3,2,00,0,0,2,1,2,0,0,0,1,0,1,0,0,0,0,0,,0,0,0,0,0,0,0,0,0,0,0,0,0,0,0,0,0,0,0,0,0,0,0,0,0,40 29:54.576,80 03:24.120,40.498493,-80.0567,,,5,N,,,,Y,0,,,,,,,,,,,,2024033559,0,0,1,1,0,0,0,0,0,0,0,0,0,0,0,1,0,0,0,0,1,0,1,1,0,0,0,0,0,0,0,0,0,0,0,0,0,0,0,0,0,0,0,0,1,0,0,0,0,0,0,0,0,0,1,0,0,0,0,0,0,0,0,0,0,0,0,0,1,0,1,0,0,0,0,0,0,0,0,0,0,0,,0,0,0,0,0,0,2024033559,3,,3,02,,N,4,AJD7,25,,,SPRAGUE AV,0,