_id,CRASH_CRN,DISTRICT,CRASH_COUNTY,MUNICIPALITY,POLICE_AGCY,CRASH_YEAR,CRASH_MONTH,DAY_OF_WEEK,TIME_OF_DAY,HOUR_OF_DAY,ILLUMINATION,WEATHER,ROAD_CONDITION,COLLISION_TYPE,RELATION_TO_ROAD,INTERSECT_TYPE,TCD_TYPE,URBAN_RURAL,LOCATION_TYPE,SCH_BUS_IND,SCH_ZONE_IND,TOTAL_UNITS,PERSON_COUNT,VEHICLE_COUNT,AUTOMOBILE_COUNT,MOTORCYCLE_COUNT,BUS_COUNT,SMALL_TRUCK_COUNT,HEAVY_TRUCK_COUNT,SUV_COUNT,VAN_COUNT,BICYCLE_COUNT,FATAL_COUNT,INJURY_COUNT,MAJ_INJ_COUNT,MOD_INJ_COUNT,MIN_INJ_COUNT,UNK_INJ_DEG_COUNT,UNK_INJ_PER_COUNT,UNBELTED_OCC_COUNT,UNB_DEATH_COUNT,UNB_MAJ_INJ_COUNT,BELTED_DEATH_COUNT,BELTED_MAJ_INJ_COUNT,MCYCLE_DEATH_COUNT,MCYCLE_MAJ_INJ_COUNT,BICYCLE_DEATH_COUNT,BICYCLE_MAJ_INJ_COUNT,PED_COUNT,PED_DEATH_COUNT,PED_MAJ_INJ_COUNT,COMM_VEH_COUNT,MAX_SEVERITY_LEVEL,DRIVER_COUNT_16YR,DRIVER_COUNT_17YR,DRIVER_COUNT_18YR,DRIVER_COUNT_19YR,DRIVER_COUNT_20YR,DRIVER_COUNT_50_64YR,DRIVER_COUNT_65_74YR,DRIVER_COUNT_75PLUS,LATITUDE,LONGITUDE,DEC_LAT,DEC_LONG,EST_HRS_CLOSED,LANE_CLOSED,LN_CLOSE_DIR,NTFY_HIWY_MAINT,RDWY_SURF_TYPE_CD,SPEC_JURIS_CD,TCD_FUNC_CD,TFC_DETOUR_IND,WORK_ZONE_IND,WORK_ZONE_TYPE,WORK_ZONE_LOC,CONS_ZONE_SPD_LIM,WORKERS_PRES,WZ_CLOSE_DETOUR,WZ_FLAGGER,WZ_LAW_OFFCR_IND,WZ_LN_CLOSURE,WZ_MOVING,WZ_OTHER,WZ_SHLDER_MDN,FLAG_CRN,INTERSTATE,STATE_ROAD,LOCAL_ROAD,LOCAL_ROAD_ONLY,TURNPIKE,WET_ROAD,SNOW_SLUSH_ROAD,ICY_ROAD,SUDDEN_DEER,SHLDR_RELATED,REAR_END,HO_OPPDIR_SDSWP,HIT_FIXED_OBJECT,SV_RUN_OFF_RD,WORK_ZONE,PROPERTY_DAMAGE_ONLY,FATAL_OR_MAJ_INJ,INJURY,FATAL,NON_INTERSECTION,INTERSECTION,SIGNALIZED_INT,STOP_CONTROLLED_INT,UNSIGNALIZED_INT,SCHOOL_BUS,SCHOOL_ZONE,HIT_DEER,HIT_TREE_SHRUB,HIT_EMBANKMENT,HIT_POLE,HIT_GDRAIL,HIT_GDRAIL_END,HIT_BARRIER,HIT_BRIDGE,OVERTURNED,MOTORCYCLE,BICYCLE,HVY_TRUCK_RELATED,VEHICLE_FAILURE,TRAIN_TROLLEY,PHANTOM_VEHICLE,ALCOHOL_RELATED,DRINKING_DRIVER,UNDERAGE_DRNK_DRV,UNLICENSED,CELL_PHONE,NO_CLEARANCE,RUNNING_RED_LT,TAILGATING,CROSS_MEDIAN,CURVE_DVR_ERROR,LIMIT_65MPH,SPEEDING,SPEEDING_RELATED,AGGRESSIVE_DRIVING,FATIGUE_ASLEEP,DRIVER_16YR,DRIVER_17YR,DRIVER_65_74YR,DRIVER_75PLUS,UNBELTED,PEDESTRIAN,DISTRACTED,CURVED_ROAD,DRIVER_18YR,DRIVER_19YR,DRIVER_20YR,DRIVER_50_64YR,VEHICLE_TOWED,FIRE_IN_VEHICLE,HIT_PARKED_VEHICLE,MC_DRINKING_DRIVER,DRUGGED_DRIVER,INJURY_OR_FATAL,COMM_VEHICLE,IMPAIRED_DRIVER,DEER_RELATED,DRUG_RELATED,HAZARDOUS_TRUCK,ILLEGAL_DRUG_RELATED,ILLUMINATION_DARK,MINOR_INJURY,MODERATE_INJURY,MAJOR_INJURY,NHTSA_AGG_DRIVING,PSP_REPORTED,RUNNING_STOP_SIGN,TRAIN,TROLLEY,ROADWAY_CRN,RDWY_SEQ_NUM,ADJ_RDWY_SEQ,ACCESS_CTRL,ROADWAY_COUNTY,LANE_COUNT,RDWY_ORIENT,ROAD_OWNER,ROUTE,SPEED_LIMIT,SEGMENT,OFFSET,STREET_NAME,TOT_INJ_COUNT,SCHOOL_BUS_UNIT
2595,2024041063,11,02,02301,68B03,2024,05,6,,,,3,1,0,1,00,0,2,00,0,0,1,1,1,0,0,0,1,0,0,0,0,0,0,0,,0,0,0,0,0,0,0,0,0,0,0,0,0,0,0,0,0,0,0,0,0,0,0,0,0,40 25:42.541,79 56:10.377,40.428484,-79.936216,,,3,N,,,,N,0,,,,,,,,,,,,2024041063,1,1,0,0,0,0,0,0,0,0,0,0,0,1,0,1,0,0,0,1,0,0,0,0,0,0,0,0,0,0,0,0,0,0,0,0,0,0,0,0,0,0,0,0,0,0,0,0,0,0,0,0,0,0,0,0,0,0,0,0,0,0,0,1,0,0,0,0,1,0,0,0,0,0,0,0,0,0,0,0,0,0,,0,0,1,0,0,0,2024041063,3,,1,02,,E,1,0376,55,,818,PENN LINCOLN PY,0,
2596,2024041067,11,02,02435,68B03,2024,05,5,,,,7,9,1,1,06,3,2,02,0,0,2,2,2,1,0,0,0,0,1,0,0,0,1,0,,0,0,0,0,0,0,0,0,0,0,0,0,0,0,0,0,4,0,0,0,0,0,0,0,0,40 25:15.978,80 02:45.027,40.421105,-80.045841,,,4,N,,,,N,0,,,,,,,,,,,,2024041067,1,1,0,0,0,1,0,0,0,0,1,0,0,0,0,0,0,1,0,0,1,0,1,1,0,0,0,0,0,0,0,0,0,0,0,0,0,0,0,0,0,0,0,0,0,0,0,0,0,0,0,0,0,1,0,0,0,0,0,0,0,0,0,1,0,0,0,0,1,0,0,0,0,1,0,0,0,0,0,0,0,0,,0,0,1,0,0,0,2024041067,3,,1,02,,W,1,0376,55,,1807,PENN LINCOLN PY,1,
2597,2024041072,11,02,02403,02403,2024,05,6,,,,7,9,2,1,01,2,2,00,0,0,2,3,2,1,0,0,0,0,1,0,0,0,0,0,,0,0,0,0,0,0,0,0,0,0,0,0,0,0,0,0,0,0,0,0,0,0,0,0,0,40 20:36.618,79 58:12.233,40.343505,-79.970065,,,,N,,,,,0,,,,,,,,,,,,2024041072,0,1,1,0,0,1,0,0,0,0,0,1,0,0,0,1,0,0,0,0,1,1,0,0,0,0,0,0,0,0,0,0,0,0,0,0,0,0,0,0,0,0,0,0,0,0,0,1,0,0,0,0,0,0,1,0,0,0,0,0,0,0,0,0,0,0,0,0,1,0,0,0,0,0,0,0,0,0,0,0,0,0,,0,0,0,0,0,0,2024041072,5,,,02,2,E,4,,25,,,IRWIN DR,0,
2598,2024041084,11,02,02111,02111,2024,05,6,,,,7,9,7,4,00,0,2,07,0,0,1,1,1,0,0,0,0,0,1,0,0,0,0,0,,0,0,0,0,0,0,0,0,0,0,0,0,0,0,0,0,0,0,0,0,0,0,0,0,0,40 23:13.800,79 49:25.600,40.387167,-79.823778,,,5,N,,,,N,0,,,,,,,,,,,,2024041084,0,0,1,1,0,1,0,0,0,0,0,0,1,1,0,1,0,0,0,1,0,0,0,0,0,0,0,0,0,0,0,0,0,0,0,0,0,0,0,0,0,0,0,0,0,0,0,0,0,0,0,0,0,0,1,0,0,0,0,0,0,0,0,0,0,0,0,0,1,0,0,0,0,0,0,0,0,0,0,0,0,0,,0,0,0,0,0,0,2024041084,3,,,02,,S,7,,15,,,WAMART TW,0,
2599,2024041096,11,02,02118,02118,2024,05,5,,,,3,1,7,4,00,0,2,00,0,0,1,0,1,1,0,0,0,0,0,0,0,0,0,0,,0,0,0,0,0,0,0,0,0,0,0,0,0,0,0,0,0,0,0,0,0,0,0,0,0,40 29:11.803,79 57:42.757,40.486612,-79.961877,,,3,N,,,,N,0,,,,,,,,,,,,2024041096,0,0,1,1,0,0,0,0,0,0,0,0,1,1,0,1,0,0,0,1,0,0,0,0,0,0,0,0,0,0,0,0,0,0,0,0,0,0,1,0,0,0,0,0,0,0,0,0,0,0,0,0,0,0,0,0,0,0,0,0,0,0,0,0,0,0,0,0,1,0,0,0,0,0,0,0,0,0,0,0,0,0,,0,0,0,0,0,0,2024041096,3,,3,02,2,N,4,ADSA,25,,,SCHOOL ST,0,
2600,2024041099,11,02,02407,02407,2024,05,7,,,,7,9,1,1,01,0,2,00,0,0,3,6,3,0,0,0,0,0,3,0,0,0,1,0,,1,0,0,0,0,0,0,0,0,0,0,0,0,0,0,0,3,0,0,0,0,0,1,1,0,40 19:20.109,80 03:24.266,40.322253,-80.056741,,,,N,,,,,0,,,,,,,,,,,,2024041099,0,1,1,0,0,1,0,0,0,0,1,0,0,0,0,0,0,1,0,0,1,0,0,1,0,0,0,0,0,0,0,0,0,0,0,0,0,0,0,0,0,0,0,0,0,0,0,0,0,0,0,0,0,0,1,0,0,0,1,0,0,0,1,0,0,0,0,1,1,0,0,0,0,1,0,0,0,0,0,0,0,1,,0,0,0,0,0,0,2024041099,4,,,02,,E,4,,25,,,PATTERSON RD,1,
2601,2024041146,11,02,02111,02111,2024,05,6,,,,7,9,7,5,00,0,2,00,0,0,1,1,1,1,0,0,0,0,0,0,0,0,0,0,,0,0,0,0,0,0,0,0,0,0,0,0,0,0,0,0,0,0,0,0,0,0,0,0,0,40 21:49.015,79 49:35.066,40.363615,-79.826407,,,5,N,,,,Y,0,,,,,,,,,,,,2024041146,0,1,0,0,0,1,0,0,0,0,0,0,1,1,0,1,0,0,0,1,0,0,0,0,0,0,0,0,0,0,0,0,0,0,0,0,0,0,0,0,0,0,0,0,0,1,0,0,0,0,1,0,0,1,1,0,0,0,0,0,0,0,1,1,0,0,0,0,1,0,0,0,0,0,0,0,0,0,0,0,0,0,,0,0,0,0,0,0,2024041146,3,,3,02,,S,2,2037,25,,546,WESTINGHOUSE AV,0,
2602,2024041150,11,02,02413,02413,2024,05,7,,,,7,9,8,1,00,0,2,00,0,0,2,2,1,0,0,0,0,0,1,0,0,1,0,0,,0,0,0,0,0,0,0,0,0,0,0,0,1,1,0,0,1,0,0,0,0,0,0,0,0,40 22:18.567,79 58:54.994,40.371824,-79.981943,,,5,N,2,0,,Y,0,,,,,,,,,,,,2024041150,0,1,0,0,0,1,0,0,0,0,0,0,0,0,0,0,1,0,1,1,0,0,0,0,0,0,0,0,0,0,0,0,0,0,0,0,0,0,0,0,0,1,0,0,0,0,0,0,0,0,0,0,0,0,0,0,0,0,0,0,0,1,0,0,0,0,0,0,1,0,0,0,0,1,0,0,0,0,0,0,1,0,,0,0,0,0,0,0,2024041150,3,,3,02,,N,2,0051,40,,500,CLAIRTON BL,0,
2603,2024041163,11,02,02111,02111,2024,05,6,,,,4,1,1,1,02,0,2,00,0,0,3,3,3,0,0,0,0,0,3,0,0,0,0,0,,0,0,0,0,0,0,0,0,0,0,0,0,0,0,0,0,0,0,0,0,0,0,0,1,0,40 22:03.312,79 46:49.064,40.367587,-79.780296,,,,N,,,,,0,,,,,,,,,,,,2024041163,0,1,1,0,0,0,0,0,0,0,1,0,0,0,0,1,0,0,0,0,1,0,0,1,0,0,0,0,0,0,0,0,0,0,0,0,0,0,0,0,0,0,0,0,0,0,0,0,0,0,0,0,0,1,1,0,0,0,1,0,0,0,0,0,0,0,0,0,1,0,0,0,0,0,0,0,0,0,0,0,0,0,,0,0,0,0,0,0,2024041163,4,,,02,,E,4,,25,,,PRESTON RD,0,
2604,2024041171,11,02,02428,02105,2024,05,6,,,,3,1,1,1,00,3,2,00,0,0,2,3,2,1,0,0,0,0,1,0,0,0,0,0,,0,0,0,0,0,0,0,0,0,0,0,0,0,0,0,0,0,0,1,0,0,0,0,1,0,40 15:58.111,79 53:29.089,40.266142,-79.891414,,,,N,,,,,0,,,,,,,,,,,,2024041171,0,1,0,0,0,0,0,0,0,0,1,0,0,0,0,1,0,0,0,1,0,0,0,0,0,0,0,0,0,0,0,0,0,0,0,0,0,0,0,0,0,0,0,0,0,0,0,0,0,0,0,0,0,0,0,0,0,1,1,0,0,0,0,0,0,0,0,0,1,0,0,0,0,0,0,0,0,0,0,0,0,0,,0,0,0,0,0,0,2024041171,3,,3,02,,N,2,2001,35,,1387,CENTER AV,0,
2605,2024041174,11,02,02208,02208,2024,05,6,,,,3,1,4,1,00,0,2,07,0,0,2,3,2,0,0,0,0,0,2,0,0,0,1,0,,0,0,0,0,0,0,0,0,0,0,0,0,0,0,0,0,4,0,1,0,0,0,1,0,0,40 32:18.127,79 49:55.639,40.538369,-79.832122,,,2,N,,,,Y,0,,,,,,,,,,,,2024041174,0,1,0,0,0,0,0,0,0,0,0,0,0,0,0,0,0,1,0,1,0,0,0,0,0,0,0,0,0,0,0,0,0,0,0,0,0,0,0,0,0,0,0,0,0,0,0,0,0,0,0,0,0,0,1,0,0,1,0,0,0,0,0,0,0,0,0,1,1,0,0,0,0,1,0,0,0,0,0,0,0,0,,0,0,0,0,0,0,2024041174,3,,3,02,,S,2,1001,45,,2030,FREEPORT RD,1,
2606,2024041196,11,02,02422,02422,2024,05,5,,,,4,1,8,1,02,2,2,00,0,0,2,2,1,0,0,0,0,0,1,0,0,0,1,0,,0,1,0,0,0,0,0,0,0,0,0,0,1,0,0,0,8,0,0,0,0,0,0,0,0,40 23:29.611,80 02:19.257,40.391559,-80.038683,,,1,N,,,,N,0,,,,,,,,,,,,2024041196,0,1,1,0,0,0,0,0,0,0,0,0,0,0,0,0,0,1,0,0,1,1,0,0,0,0,0,0,0,0,0,0,0,0,0,0,0,0,0,0,0,0,0,0,0,0,0,0,0,0,0,0,0,0,1,0,0,0,0,0,0,1,1,0,0,0,0,0,0,0,0,0,0,1,0,0,0,0,0,0,0,0,,0,0,0,0,0,0,2024041196,5,,,02,,E,4,,25,,,DORMONT AV,1,
2607,2024041207,11,02,02403,02403,2024,05,5,,,,3,1,7,4,00,0,2,00,0,0,1,1,1,0,0,0,0,0,0,1,0,0,1,0,,1,0,0,0,0,0,0,0,0,0,0,0,0,0,0,0,3,0,0,0,0,0,0,0,1,40 23:19.784,79 57:29.052,40.388829,-79.95807,,,7,N,,,,N,0,,,,,,,,,,,,2024041207,0,0,1,1,0,0,0,0,0,0,0,0,1,1,0,0,0,1,0,1,0,0,0,0,0,0,0,0,0,1,0,0,0,0,0,0,0,0,0,0,0,0,0,0,0,0,0,0,0,0,1,0,0,0,0,0,0,0,0,1,0,0,1,1,0,0,0,0,1,0,0,0,0,1,0,0,0,0,0,0,0,1,,0,0,0,0,0,0,2024041207,3,,3,02,2,E,4,AJ58,25,,,BRALLIER CT,1,
2608,2024041260,11,02,02102,02102,2024,05,6,,,,3,1,4,1,02,2,2,00,0,0,3,3,3,1,0,0,1,0,1,0,0,0,0,0,,0,0,0,0,0,0,0,0,0,0,0,0,0,0,0,0,0,0,0,0,0,1,0,0,0,40 22:12.763,80 06:02.806,40.370212,-80.100779,,,,N,,,,,0,,,,,,,,,,,,2024041260,0,1,1,0,0,0,0,0,0,0,0,0,0,0,0,1,0,0,0,0,1,1,0,0,0,0,0,0,0,0,0,0,0,0,0,0,0,0,0,0,0,0,0,0,0,0,1,0,0,0,0,0,0,0,1,0,0,0,0,0,0,0,0,0,0,0,1,0,1,0,1,0,0,0,0,0,0,0,0,0,0,0,,0,1,0,0,0,0,2024041260,5,,,02,,W,4,,25,,,VANADIUM RD,0,
2609,2024041271,11,02,02467,02467,2024,05,6,,,,3,1,1,6,00,0,2,00,0,0,5,1,5,2,1,0,1,0,1,0,0,0,0,0,,0,0,0,1,0,0,0,0,0,0,0,0,0,0,0,0,0,0,0,0,0,0,0,0,0,40 24:19.503,79 49:56.693,40.405418,-79.832415,,,6,N,,,,Y,0,,,,,,,,,,,,2024041271,0,0,1,1,0,0,0,0,0,0,1,0,0,0,0,1,0,0,0,1,0,0,0,0,0,0,0,0,0,0,0,0,0,0,0,1,0,0,0,0,0,0,0,0,0,0,0,0,0,0,0,0,0,0,0,0,0,0,0,0,1,0,1,1,0,0,0,0,1,0,1,0,0,0,0,0,0,0,0,0,0,0,,0,0,0,0,0,0,2024041271,3,,,02,,N,4,,25,,,PENN AV,0,
2610,2024041287,11,02,02473,02473,2024,05,6,,,,4,9,5,1,01,2,2,00,0,0,2,2,2,1,0,0,0,1,0,0,0,0,2,0,,1,0,0,0,0,0,0,0,0,0,0,0,0,0,0,1,3,0,0,0,0,0,0,0,0,40 21:43.555,79 55:55.812,40.362099,-79.93217,,,1,N,,,,N,0,,,,,,,,,,,,2024041287,0,1,1,0,0,1,0,0,0,0,0,0,0,0,0,0,0,1,0,0,1,1,0,0,0,0,0,0,0,0,0,0,0,0,0,0,0,1,0,0,0,0,0,0,0,0,0,0,0,0,0,0,0,0,0,1,0,0,0,0,0,0,0,0,0,0,0,0,1,0,0,0,0,1,1,0,0,0,1,0,0,1,,0,0,0,0,0,0,2024041287,4,,,02,,S,4,,40,,,TRUMBULL AND PJ DICK CO,2,
2611,2024041288,11,02,02405,02215,2024,03,7,,,,7,9,1,1,00,2,2,00,0,0,2,2,2,1,0,0,0,0,1,0,0,0,0,0,,0,0,0,0,0,0,0,0,0,0,0,0,0,0,0,0,0,0,0,0,0,0,0,0,0,40 30:05.730,80 04:31.948,40.501592,-80.075541,,,,N,,,,,0,,,,,,,,,,,,2024041288,0,1,0,0,0,1,0,0,0,0,1,0,0,0,0,1,0,0,0,1,0,0,0,0,0,0,0,0,0,0,0,0,0,0,0,0,0,0,0,0,0,0,0,0,0,0,0,0,0,0,0,0,0,0,0,0,0,0,0,0,0,0,1,0,0,0,0,0,1,0,0,0,0,0,0,0,0,0,0,0,0,0,,0,0,0,0,0,0,2024041288,3,,3,02,,S,2,0065,45,,692,OHIO RIVER BL,0,
2612,2024041292,11,02,02126,02126,2024,05,6,,,,4,9,4,1,00,0,2,00,0,0,2,2,2,2,0,0,0,0,0,0,0,0,1,0,,0,1,0,0,0,0,0,0,0,0,0,0,0,0,0,0,8,0,0,0,0,0,0,0,0,40 27:04.300,80 06:31.600,40.451194,-80.108778,,,2,N,,,,N,0,,,,,,,,,,,,2024041292,0,0,1,1,0,1,0,0,0,0,0,0,0,0,0,0,0,1,0,1,0,0,0,0,0,0,0,0,0,0,0,0,0,0,0,0,0,0,0,0,0,0,0,0,0,0,0,0,0,1,1,0,0,0,0,0,0,0,0,0,0,0,0,1,0,0,0,0,1,0,0,0,0,1,0,0,0,0,0,0,1,0,,0,0,0,0,0,0,2024041292,3,,,02,,N,4,,35,,,LORISH RD,1,
2613,2024041304,11,02,02416,02416,2024,05,2,,,,4,1,4,1,00,0,2,00,0,0,3,3,3,2,0,0,0,0,1,0,0,0,3,0,,1,2,0,0,0,0,0,0,0,0,0,0,0,0,0,0,3,0,1,0,0,0,1,0,0,40 22:09.605,80 02:03.161,40.369335,-80.034211,,,5,N,,,,Y,0,,,,,,,,,,,,2024041304,0,1,0,0,0,0,0,0,0,0,0,0,0,0,0,0,0,1,0,1,0,0,0,0,0,0,0,0,0,0,0,0,0,0,0,0,0,0,0,0,0,0,0,0,0,0,0,0,0,0,0,0,0,0,1,0,0,1,0,0,0,0,0,0,0,0,0,1,1,0,0,0,0,1,0,0,0,0,0,0,0,1,,0,0,0,0,0,0,2024041304,3,,3,02,,N,2,3042,25,,1749,MT. LEBANON BL,3,
2614,2024041306,11,02,02416,02416,2024,05,2,,,,3,1,4,1,00,2,2,07,0,0,2,4,2,1,0,0,1,0,0,0,0,0,1,0,,0,1,0,0,0,0,0,0,0,0,0,0,0,0,0,0,8,0,0,0,0,0,1,1,0,40 21:58.910,80 00:50.230,40.366364,-80.013953,,,6,N,,,,N,0,,,,,,,,,,,,2024041306,0,0,1,1,0,0,0,0,0,0,0,0,0,0,0,0,0,1,0,1,0,0,0,0,0,0,0,0,0,0,0,0,0,0,0,0,0,0,0,0,0,0,0,0,0,0,0,0,0,0,0,0,0,0,1,0,0,0,1,0,0,0,0,0,0,0,0,1,1,0,0,0,0,1,0,0,0,0,0,0,0,0,,0,0,0,0,0,0,2024041306,3,,,02,,W,4,,25,,,GROVE RD,1,
2615,2024041307,11,02,02416,02416,2024,05,5,,,,4,1,1,1,02,0,2,00,0,0,2,3,2,1,0,0,0,0,1,0,0,0,1,0,,1,0,0,0,0,0,0,0,0,0,0,0,0,0,0,0,3,0,0,0,0,0,2,0,0,40 21:56.656,80 00:58.724,40.365738,-80.016312,,,,N,,,,,0,,,,,,,,,,,,2024041307,0,1,0,0,0,0,0,0,0,0,1,0,0,0,0,0,0,1,0,0,1,0,0,1,0,0,0,0,0,0,0,0,0,0,0,0,0,0,0,0,0,0,0,0,0,0,0,0,0,0,0,0,0,1,1,0,0,0,0,0,0,0,0,0,0,0,0,1,0,0,0,0,0,1,0,0,0,0,0,0,0,1,,0,0,0,0,0,0,2024041307,3,,3,02,,S,2,0088,35,,1879,LIBRARY RD,1,
2616,2024041308,11,02,02416,02416,2024,05,5,,,,3,9,4,1,00,0,2,00,0,0,2,3,2,1,0,0,0,0,1,0,0,0,0,0,,0,0,0,0,0,0,0,0,0,0,0,0,0,0,0,0,0,0,0,0,0,0,0,0,0,40 22:10.011,80 01:53.609,40.369448,-80.031558,,,,N,,,,,0,,,,,,,,,,,,2024041308,0,1,0,0,0,1,0,0,0,0,0,0,0,0,0,1,0,0,0,1,0,0,0,0,0,0,0,0,0,0,0,0,0,0,0,0,0,0,0,0,0,0,0,0,0,0,0,0,0,0,0,0,0,0,1,0,0,0,0,0,0,0,0,0,0,0,0,0,1,0,0,0,0,0,0,0,0,0,0,0,0,0,,0,0,0,0,0,0,2024041308,3,,3,02,,B,2,3042,25,,534,MT. LEBANON BL,0,
2617,2024041309,11,02,02476,02476,2024,04,2,,,,3,1,4,4,00,0,2,00,0,0,2,1,2,2,0,0,0,0,0,0,0,0,0,0,,0,0,0,0,0,0,0,0,0,0,0,0,0,0,0,0,0,0,0,0,0,0,0,0,0,40 22:05.700,79 59:38.900,40.36825,-79.994139,,,,N,,,,,0,,,,,,,,,,,,2024041309,0,0,1,1,0,0,0,0,0,0,0,0,0,1,0,1,0,0,0,1,0,0,0,0,0,0,0,0,0,0,0,0,0,0,0,0,0,0,0,0,0,0,0,0,0,0,0,0,0,0,0,0,0,0,0,0,0,0,0,0,0,0,1,0,0,0,0,0,1,0,1,0,0,0,0,0,0,0,0,0,0,0,,0,0,0,0,0,0,2024041309,3,,,02,,S,4,,35,,,PROVOST RD,0,
2618,2024041337,11,02,02301,02301,2024,05,6,,,,3,1,7,3,06,0,2,00,0,0,1,2,1,0,0,0,0,0,1,0,0,0,0,0,,0,0,0,0,0,0,0,0,0,0,0,0,0,0,0,0,0,0,0,0,0,0,0,0,0,40 26:12.074,79 58:26.891,40.436687,-79.974136,,,3,N,,,,N,0,,,,,,,,,,,,2024041337,0,1,0,0,0,0,0,0,0,0,0,0,1,1,0,1,0,0,0,0,1,0,0,1,0,0,0,0,0,0,1,0,0,0,0,0,0,0,0,0,0,0,0,0,0,0,0,0,0,0,0,0,0,0,1,0,0,0,0,0,0,0,0,0,0,0,0,0,1,0,0,0,0,0,0,0,0,0,0,0,0,0,,0,0,0,0,0,0,2024041337,3,,3,02,,N,2,0885,35,,2719,BL OF THE ALLIES AL,0,
2619,2024041376,11,02,02301,02301,2024,05,7,,,,3,1,7,4,00,0,2,00,0,0,1,1,1,1,0,0,0,0,0,0,0,0,0,0,,0,0,0,0,0,0,0,0,0,0,0,0,0,0,0,0,0,0,0,0,0,0,0,0,0,40 28:47.500,80 02:34.900,40.479861,-80.043028,,,1,N,,,,N,0,,,,,,,,,,,,2024041376,0,0,1,1,0,0,0,0,0,0,0,0,1,1,0,1,0,0,0,1,0,0,0,0,0,0,0,0,0,0,0,0,0,0,0,0,0,0,0,0,0,0,0,0,0,0,0,0,0,0,0,0,0,0,0,0,0,0,0,0,0,0,0,0,0,0,0,0,1,0,0,0,0,0,0,0,0,0,0,0,1,0,,0,0,0,0,0,0,2024041376,3,,,02,,N,4,,25,,,BRIGHTON HEIGHTS BL,0,
2620,2024041380,11,02,02301,02301,2024,05,7,,,,3,1,7,4,00,0,2,00,0,0,1,2,1,1,0,0,0,0,0,0,0,0,1,0,,1,0,0,0,0,0,0,0,0,0,0,0,0,0,0,0,3,0,0,0,0,0,0,0,0,40 25:01.500,80 01:12.100,40.417083,-80.020028,,,1,N,,,,N,0,,,,,,,,,,,,2024041380,0,0,1,1,0,0,0,0,0,0,0,0,1,1,0,0,0,1,0,1,0,0,0,0,0,0,0,0,0,1,0,0,0,0,0,0,0,0,1,0,0,0,0,0,0,1,0,0,0,0,0,0,0,0,0,0,0,0,0,0,0,0,1,1,0,0,0,0,1,0,0,0,0,1,0,0,0,0,0,0,1,1,,0,0,0,0,0,0,2024041380,3,,,02,,N,4,,25,,,CRANE AV,1,
2621,2024041389,11,02,02105,02105,2024,05,1,,,,7,9,7,4,00,0,2,00,0,0,1,1,1,1,0,0,0,0,0,0,0,0,1,0,,1,0,0,1,0,0,0,0,0,0,0,0,0,0,0,0,3,0,0,0,0,0,0,0,0,40 17:10.966,79 50:15.540,40.286379,-79.83765,,,2,N,,,,N,0,,,,,,,,,,,,2024041389,0,1,0,0,0,1,0,0,0,0,0,0,1,1,0,0,0,1,0,1,0,0,0,0,0,0,0,1,0,0,0,0,0,0,0,0,0,0,0,0,0,0,0,0,0,0,0,0,0,0,1,0,0,0,0,0,0,0,0,0,1,0,1,1,0,0,0,0,1,0,0,0,1,1,0,1,0,1,0,1,0,1,,0,0,0,0,0,0,2024041389,3,,3,02,,S,2,0048,40,,51,BOSTON HOLLOW RD,1,
2622,2024041392,11,02,02458,02458,2024,05,6,,,,3,1,1,1,00,0,2,03,0,0,2,3,2,2,0,0,0,0,0,0,0,0,2,0,,2,0,0,0,0,0,0,0,0,0,0,0,0,0,0,0,3,0,0,0,0,0,1,0,0,40 31:59.868,80 11:15.301,40.533297,-80.187584,,,4,N,,,,N,0,,,,,,,,,,,,2024041392,0,1,0,0,0,0,0,0,0,0,1,0,0,0,0,0,0,1,0,1,0,0,0,0,0,0,0,0,0,0,0,0,0,0,0,0,0,0,0,0,0,0,0,0,0,0,0,0,1,0,0,0,0,0,1,0,0,0,0,0,0,0,0,0,0,0,0,1,0,0,0,0,0,1,0,0,0,0,0,0,0,1,,0,0,0,0,0,0,2024041392,3,,3,02,,N,2,4025,55,,1067,SEWICKLEY BR,2,
2623,2024041424,11,02,02458,02458,2024,05,7,,,,3,1,5,6,00,0,2,00,0,0,2,1,2,0,0,0,0,0,2,0,0,0,0,0,,0,0,0,0,0,0,0,0,0,0,0,0,0,0,0,0,0,0,0,0,0,0,0,0,0,40 32:37.503,80 10:49.011,40.543751,-80.180281,,,1,N,,,,N,0,,,,,,,,,,,,2024041424,0,0,1,1,0,0,0,0,0,0,0,0,0,0,0,1,0,0,0,1,0,0,0,0,0,0,0,0,0,0,0,0,0,0,0,0,0,0,0,0,0,0,0,0,0,0,0,0,0,0,0,0,0,1,1,0,0,0,0,0,0,0,0,0,0,0,0,0,1,0,1,0,0,0,0,0,0,0,0,0,0,0,,0,0,0,0,0,0,2024041424,3,,3,02,2,N,4,AM76,25,,,BACKBONE DR,0,
2624,2024041453,11,02,02217,02505,2024,05,7,,,,7,9,4,1,01,3,2,00,0,0,2,3,2,0,0,0,0,0,2,0,0,0,1,0,,0,1,0,1,0,0,0,0,0,0,0,0,0,0,0,0,8,0,0,0,0,0,0,1,1,40 38:01.020,79 56:19.309,40.633617,-79.938697,,,2,N,,,,N,0,,,,,,,,,,,,2024041453,0,1,1,0,0,1,0,0,0,0,0,0,0,0,0,0,0,1,0,0,1,0,1,1,0,0,0,0,0,0,0,0,1,0,0,0,0,0,0,0,0,0,0,0,0,0,1,0,0,0,0,0,0,0,1,0,0,0,1,1,1,0,0,0,0,0,0,0,1,0,0,0,0,1,0,0,0,0,0,0,0,0,,0,0,0,0,0,0,2024041453,3,,,02,2,S,4,,25,,,COMMUNITY CENTER DR,1,