_id,CRASH_CRN,DISTRICT,CRASH_COUNTY,MUNICIPALITY,POLICE_AGCY,CRASH_YEAR,CRASH_MONTH,DAY_OF_WEEK,TIME_OF_DAY,HOUR_OF_DAY,ILLUMINATION,WEATHER,ROAD_CONDITION,COLLISION_TYPE,RELATION_TO_ROAD,INTERSECT_TYPE,TCD_TYPE,URBAN_RURAL,LOCATION_TYPE,SCH_BUS_IND,SCH_ZONE_IND,TOTAL_UNITS,PERSON_COUNT,VEHICLE_COUNT,AUTOMOBILE_COUNT,MOTORCYCLE_COUNT,BUS_COUNT,SMALL_TRUCK_COUNT,HEAVY_TRUCK_COUNT,SUV_COUNT,VAN_COUNT,BICYCLE_COUNT,FATAL_COUNT,INJURY_COUNT,MAJ_INJ_COUNT,MOD_INJ_COUNT,MIN_INJ_COUNT,UNK_INJ_DEG_COUNT,UNK_INJ_PER_COUNT,UNBELTED_OCC_COUNT,UNB_DEATH_COUNT,UNB_MAJ_INJ_COUNT,BELTED_DEATH_COUNT,BELTED_MAJ_INJ_COUNT,MCYCLE_DEATH_COUNT,MCYCLE_MAJ_INJ_COUNT,BICYCLE_DEATH_COUNT,BICYCLE_MAJ_INJ_COUNT,PED_COUNT,PED_DEATH_COUNT,PED_MAJ_INJ_COUNT,COMM_VEH_COUNT,MAX_SEVERITY_LEVEL,DRIVER_COUNT_16YR,DRIVER_COUNT_17YR,DRIVER_COUNT_18YR,DRIVER_COUNT_19YR,DRIVER_COUNT_20YR,DRIVER_COUNT_50_64YR,DRIVER_COUNT_65_74YR,DRIVER_COUNT_75PLUS,LATITUDE,LONGITUDE,DEC_LAT,DEC_LONG,EST_HRS_CLOSED,LANE_CLOSED,LN_CLOSE_DIR,NTFY_HIWY_MAINT,RDWY_SURF_TYPE_CD,SPEC_JURIS_CD,TCD_FUNC_CD,TFC_DETOUR_IND,WORK_ZONE_IND,WORK_ZONE_TYPE,WORK_ZONE_LOC,CONS_ZONE_SPD_LIM,WORKERS_PRES,WZ_CLOSE_DETOUR,WZ_FLAGGER,WZ_LAW_OFFCR_IND,WZ_LN_CLOSURE,WZ_MOVING,WZ_OTHER,WZ_SHLDER_MDN,FLAG_CRN,INTERSTATE,STATE_ROAD,LOCAL_ROAD,LOCAL_ROAD_ONLY,TURNPIKE,WET_ROAD,SNOW_SLUSH_ROAD,ICY_ROAD,SUDDEN_DEER,SHLDR_RELATED,REAR_END,HO_OPPDIR_SDSWP,HIT_FIXED_OBJECT,SV_RUN_OFF_RD,WORK_ZONE,PROPERTY_DAMAGE_ONLY,FATAL_OR_MAJ_INJ,INJURY,FATAL,NON_INTERSECTION,INTERSECTION,SIGNALIZED_INT,STOP_CONTROLLED_INT,UNSIGNALIZED_INT,SCHOOL_BUS,SCHOOL_ZONE,HIT_DEER,HIT_TREE_SHRUB,HIT_EMBANKMENT,HIT_POLE,HIT_GDRAIL,HIT_GDRAIL_END,HIT_BARRIER,HIT_BRIDGE,OVERTURNED,MOTORCYCLE,BICYCLE,HVY_TRUCK_RELATED,VEHICLE_FAILURE,TRAIN_TROLLEY,PHANTOM_VEHICLE,ALCOHOL_RELATED,DRINKING_DRIVER,UNDERAGE_DRNK_DRV,UNLICENSED,CELL_PHONE,NO_CLEARANCE,RUNNING_RED_LT,TAILGATING,CROSS_MEDIAN,CURVE_DVR_ERROR,LIMIT_65MPH,SPEEDING,SPEEDING_RELATED,AGGRESSIVE_DRIVING,FATIGUE_ASLEEP,DRIVER_16YR,DRIVER_17YR,DRIVER_65_74YR,DRIVER_75PLUS,UNBELTED,PEDESTRIAN,DISTRACTED,CURVED_ROAD,DRIVER_18YR,DRIVER_19YR,DRIVER_20YR,DRIVER_50_64YR,VEHICLE_TOWED,FIRE_IN_VEHICLE,HIT_PARKED_VEHICLE,MC_DRINKING_DRIVER,DRUGGED_DRIVER,INJURY_OR_FATAL,COMM_VEHICLE,IMPAIRED_DRIVER,DEER_RELATED,DRUG_RELATED,HAZARDOUS_TRUCK,ILLEGAL_DRUG_RELATED,ILLUMINATION_DARK,MINOR_INJURY,MODERATE_INJURY,MAJOR_INJURY,NHTSA_AGG_DRIVING,PSP_REPORTED,RUNNING_STOP_SIGN,TRAIN,TROLLEY,ROADWAY_CRN,RDWY_SEQ_NUM,ADJ_RDWY_SEQ,ACCESS_CTRL,ROADWAY_COUNTY,LANE_COUNT,RDWY_ORIENT,ROAD_OWNER,ROUTE,SPEED_LIMIT,SEGMENT,OFFSET,STREET_NAME,TOT_INJ_COUNT,SCHOOL_BUS_UNIT
2772,2024043329,11,02,02301,02301,2024,05,5,,,,3,1,5,1,00,0,2,00,0,0,2,3,2,0,0,0,0,0,2,0,0,0,0,0,,0,0,0,0,0,0,0,0,0,0,0,0,0,0,0,0,0,0,0,0,0,0,2,0,0,40 25:13.321,79 57:28.931,40.420367,-79.958036,,,,N,,,,,0,,,,,,,,,,,,2024043329,0,1,0,0,0,0,0,0,0,0,0,0,0,0,0,1,0,0,0,1,0,0,0,0,0,0,0,0,0,0,0,0,0,0,0,0,0,0,0,0,0,0,0,0,0,0,0,0,0,0,0,0,0,0,0,0,0,0,0,0,0,0,0,0,0,0,0,1,1,0,0,0,0,0,0,0,0,0,0,0,1,0,,0,0,0,0,0,0,2024043329,3,,3,02,,B,2,0837,35,,817,EAST CARSON ST,0,
2773,2024043331,11,02,02113,02113,2024,05,6,,,,7,9,7,5,00,0,2,00,0,0,1,1,1,1,0,0,0,0,0,0,0,0,1,0,,1,0,0,0,0,0,0,0,0,0,0,0,0,0,0,0,3,0,0,0,0,0,0,0,0,40 27:36.793,79 51:47.031,40.46022,-79.863064,,,,N,,,,,0,,,,,,,,,,,,2024043331,0,0,1,1,0,1,0,0,0,0,0,0,1,1,0,0,0,1,0,1,0,0,0,0,0,0,0,1,0,0,0,0,0,0,0,0,0,0,0,0,0,0,0,0,0,0,0,0,0,0,0,0,0,1,1,0,0,0,0,0,0,0,0,1,0,0,0,0,1,0,0,0,0,1,0,0,0,0,0,0,0,1,,0,0,0,0,0,0,2024043331,3,,3,02,,N,4,ACKJ,25,,,GRAHAM BL,1,
2774,2024043335,11,02,02301,02301,2024,05,7,,,,7,9,4,1,01,9,2,00,0,0,2,2,2,1,0,0,0,0,1,0,0,0,0,0,,0,0,0,0,0,0,0,0,0,0,0,0,0,0,0,0,0,0,0,1,0,0,0,0,0,40 23:35.606,79 59:11.652,40.393224,-79.98657,,,,N,,,,,0,,,,,,,,,,,,2024043335,0,0,1,1,0,1,0,0,0,0,0,0,0,0,0,1,0,0,0,0,1,0,0,1,0,0,0,0,0,0,0,0,0,0,0,0,0,0,0,0,0,0,0,0,0,0,0,0,0,0,0,0,0,0,1,0,0,0,0,0,0,0,0,0,1,0,0,0,1,0,0,0,0,0,0,0,0,0,0,0,1,0,,0,0,0,0,0,0,2024043335,3,,,02,,E,4,,25,,,WOODFORD AV,0,
2775,2024043336,11,02,02301,02301,2024,05,6,,,,4,1,1,1,00,0,2,03,0,0,2,2,2,1,0,0,0,0,1,0,0,0,0,0,,0,0,0,0,0,0,0,0,0,0,0,0,0,0,0,0,0,0,0,0,0,0,0,0,0,40 25:46.181,79 59:56.754,40.429495,-79.999098,,,4,N,,,,N,0,,,,,,,,,,,,2024043336,0,1,0,0,0,0,0,0,0,0,1,0,0,0,0,1,0,0,0,1,0,0,0,0,0,0,0,0,0,0,0,0,0,0,0,0,0,0,0,0,0,0,0,0,0,1,0,0,0,0,0,0,0,0,0,0,0,0,0,0,0,0,1,0,0,0,0,0,1,0,0,0,0,0,0,0,0,0,0,0,1,0,,0,0,0,0,0,0,2024043336,3,,3,02,,N,2,3069,40,,201,LIBERTY BR,0,
2776,2024043344,11,02,02446,02446,2024,05,6,,,,4,1,7,4,00,0,2,00,0,0,1,1,1,0,0,0,0,0,1,0,0,0,1,0,,0,1,0,0,0,0,0,0,0,0,0,0,0,0,0,0,8,0,0,0,0,0,0,1,0,40 26:07.403,79 46:11.011,40.43539,-79.769725,,,3,N,,,,N,0,,,,,,,,,,,,2024043344,0,0,1,1,0,0,0,0,0,0,0,0,1,1,0,0,0,1,0,1,0,0,0,0,0,0,0,0,0,1,0,0,0,0,0,0,0,0,0,0,0,0,0,0,0,0,0,0,0,0,0,0,0,0,0,0,0,0,1,0,0,0,0,0,0,0,0,0,1,0,0,0,0,1,0,0,0,0,0,0,0,0,,0,0,0,0,0,0,2024043344,3,,,02,,W,4,,35,,,MONROEVILLE BL,1,
2777,2024043345,11,02,02301,02301,2024,05,1,,,,3,1,4,1,02,0,2,00,0,0,2,3,2,1,0,0,0,0,1,0,0,0,0,0,,0,0,1,0,0,0,0,0,0,0,0,0,0,0,0,0,9,0,0,0,0,0,0,1,0,40 25:22.173,80 00:10.119,40.422826,-80.002811,,,,N,,,,,0,,,,,,,,,,,,2024043345,0,0,1,1,0,0,0,0,0,0,0,0,0,0,0,0,0,0,0,0,1,0,0,1,0,0,0,0,0,0,0,0,0,0,0,0,0,0,0,0,0,0,0,0,0,0,0,0,0,0,0,0,0,1,1,0,0,0,1,0,0,0,0,1,0,0,0,0,1,0,0,0,0,0,0,0,0,0,0,0,0,0,,0,0,0,0,0,0,2024043345,3,,3,02,,N,4,AI5Q,25,,,LACLEDE ST,0,
2778,2024043347,11,02,02301,02301,2024,05,6,,,,4,1,4,1,05,2,2,00,0,0,2,2,2,0,0,0,0,0,0,1,0,0,1,0,,1,0,1,0,0,0,0,0,0,0,0,0,0,0,0,0,3,0,0,0,0,0,1,0,0,40 25:10.656,79 55:37.816,40.419627,-79.927171,,,,N,,,,,0,,,,,,,,,,,,2024043347,0,0,1,1,0,0,0,0,0,0,0,0,0,0,0,0,0,1,0,0,1,1,0,0,0,0,0,0,0,0,0,0,0,0,0,0,0,0,0,0,0,0,0,0,0,0,0,1,0,0,0,0,0,0,1,0,0,0,0,0,0,0,0,0,0,0,0,1,0,0,0,0,0,1,0,0,0,0,0,0,0,1,,0,0,0,0,0,0,2024043347,3,,3,02,,E,4,AH6E,25,,,HAZELWOOD AV,1,
2779,2024043359,11,02,02403,02403,2024,05,6,,,,4,1,7,4,00,0,2,00,0,0,1,2,1,0,0,0,0,0,1,0,0,0,1,0,,1,0,0,0,0,0,0,0,0,0,0,0,0,0,0,0,3,0,0,0,0,0,0,0,0,40 20:39.841,79 59:06.519,40.3444,-79.985144,,,,N,,,,,0,,,,,,,,,,,,2024043359,0,0,1,1,0,0,0,0,0,0,0,0,1,1,0,0,0,1,0,1,0,0,0,0,0,0,0,0,0,1,0,0,0,0,0,0,0,0,0,0,0,0,0,0,0,0,0,0,0,0,0,0,0,0,0,0,0,0,0,0,0,0,1,1,0,0,0,0,1,0,0,0,0,1,0,0,0,0,0,0,0,1,,0,0,0,0,0,0,2024043359,3,,,02,,N,4,,35,,,BROWNSVILLE RD,1,
2780,2024043379,11,02,02204,02105,2024,05,6,,,,7,9,7,2,00,0,1,00,0,0,1,1,1,0,0,0,0,0,1,0,0,0,1,1,,0,0,0,0,0,0,0,0,0,0,0,0,0,0,0,0,2,0,0,0,0,0,1,0,0,40 14:29.390,79 52:14.896,40.241497,-79.870804,,,2,N,,,,N,0,,,,,,,,,,,,2024043379,0,1,0,0,0,1,0,0,0,0,0,0,1,1,0,0,1,1,0,1,0,0,0,0,0,0,0,1,0,0,0,0,0,0,0,0,0,0,0,0,0,0,0,0,0,0,0,0,0,0,0,0,0,1,1,0,0,0,0,0,0,0,0,0,0,0,0,1,1,0,0,0,0,1,0,0,0,0,0,0,0,0,,1,0,0,0,0,0,2024043379,3,,2,02,2,S,2,0051,50,,39,HAYDEN BL,1,
2781,2024043384,11,02,02466,02466,2024,05,5,,,,3,1,4,1,03,3,2,00,0,0,2,3,2,2,0,0,0,0,0,0,0,0,1,0,,1,0,0,0,0,0,0,0,0,0,0,0,0,0,0,0,3,0,0,2,0,0,0,0,0,40 27:19.078,79 43:02.794,40.455299,-79.717443,,,1,N,,,,N,0,,,,,,,,,,,,2024043384,0,1,1,0,0,0,0,0,0,0,0,0,0,0,0,0,0,1,0,0,1,0,1,1,0,0,0,0,0,0,0,0,0,0,0,0,0,0,0,0,0,0,0,0,0,0,1,0,0,0,0,0,0,0,1,0,0,0,0,0,0,0,0,0,1,0,0,0,1,0,0,0,0,1,0,0,0,0,0,0,0,1,,0,0,0,0,0,0,2024043384,4,,,02,,S,4,,25,,,OBLOCK RD,1,
2782,2024043400,11,02,02438,02438,2024,05,5,,,,,1,4,1,00,0,2,07,,,2,4,2,1,0,0,0,0,0,1,0,0,3,2,,1,0,1,0,0,0,0,0,0,0,0,0,0,0,0,0,2,0,0,0,0,0,0,0,0,40 24:46.576,79 54:30.610,40.412938,-79.908503,,,6,N,,,,Y,0,,,,,,,,,,,,2024043400,0,0,1,1,0,0,0,0,0,0,0,0,0,0,0,0,1,1,0,1,0,0,0,0,0,0,0,0,0,0,0,0,0,0,0,0,0,0,0,0,0,0,0,0,0,0,0,0,0,0,0,0,0,0,1,0,0,0,0,0,0,0,0,0,0,0,0,0,1,0,0,0,0,1,0,0,0,0,0,0,1,1,,1,1,0,0,0,0,2024043400,3,,,02,,E,4,,25,,,WATERFRONT DR,3,
2783,2024043410,11,02,02446,02446,2024,05,5,,,,3,1,4,1,00,3,2,07,0,0,2,2,2,0,0,0,0,0,1,1,0,0,0,0,,0,0,0,0,0,0,0,0,0,0,0,0,0,0,0,0,0,0,0,0,0,0,2,0,0,40 26:15.384,79 46:12.400,40.437607,-79.770111,,,1,N,,,,N,0,,,,,,,,,,,,2024043410,0,0,1,1,0,0,0,0,0,0,0,0,0,0,0,1,0,0,0,1,0,0,0,0,0,0,0,0,0,0,0,0,0,0,0,0,0,0,0,0,0,0,0,0,0,0,0,0,0,0,0,0,0,0,1,0,0,0,0,0,0,0,0,0,0,0,0,1,1,0,0,0,0,0,0,0,0,0,0,0,0,0,,0,0,0,0,0,0,2024043410,3,,,02,,N,4,,25,,,STROSCHEIN RD,0,
2784,2024043412,11,02,02220,02220,2024,05,6,,,,7,9,7,2,00,0,1,00,0,0,1,1,1,1,0,0,0,0,0,0,0,0,0,0,,0,0,0,0,0,0,0,0,0,0,0,0,0,0,0,0,0,1,0,0,0,0,0,0,0,40 36:35.580,79 53:37.883,40.609883,-79.893856,,,6,Y,,,,N,0,,,,,,,,,,,,2024043412,0,1,0,0,0,1,0,0,0,0,0,0,1,1,0,1,0,0,0,1,0,0,0,0,0,0,0,0,0,0,1,0,0,0,0,0,0,0,0,0,0,0,0,0,0,0,0,0,0,0,0,0,0,1,1,0,1,0,0,0,0,0,0,1,0,0,0,0,1,0,0,0,0,0,0,0,0,0,0,0,0,0,,0,0,0,0,0,0,2024043412,3,,3,02,,E,2,0910,35,,559,SR 0910 HW,0,
2785,2024043416,11,02,02449,02515,2024,05,5,,,,3,1,4,1,03,3,2,00,0,0,2,2,2,1,0,0,0,0,1,0,0,0,1,0,,0,1,1,0,0,0,0,0,0,0,0,0,0,0,0,0,8,0,0,0,0,0,0,0,0,40 24:21.145,79 50:39.432,40.405874,-79.844287,,,,N,,,,N,0,,,,,,,,,,,,2024043416,0,0,1,1,0,0,0,0,0,0,0,0,0,0,0,0,0,1,0,0,1,0,1,1,0,0,0,0,0,0,0,0,0,0,0,0,0,0,0,0,0,0,0,0,0,0,0,0,0,0,0,0,0,0,1,0,0,0,0,0,0,0,0,0,0,0,0,0,0,0,0,0,0,1,0,0,0,0,0,0,0,0,,0,0,0,0,0,0,2024043416,3,,3,02,,E,4,ALVX,25,,,PALLAS ST,1,
2786,2024043418,11,02,02413,02413,2024,05,6,,,,7,9,7,2,00,0,2,00,0,0,1,1,1,1,0,0,0,0,0,0,0,0,1,0,,0,1,0,0,0,0,0,0,0,0,0,0,0,0,0,0,8,0,0,0,0,0,0,0,1,40 22:07.281,79 58:14.944,40.368689,-79.970818,,,7,N,,,,N,0,,,,,,,,,,,,2024043418,0,0,1,1,0,1,0,0,0,0,0,0,1,1,0,0,0,1,0,1,0,0,0,0,0,0,0,0,0,0,0,1,0,0,0,0,0,0,0,0,0,0,0,0,0,0,0,0,0,0,1,0,0,0,0,0,0,0,0,1,0,0,0,1,0,0,0,0,1,0,0,0,0,1,0,0,0,0,0,0,0,0,,0,0,0,0,0,0,2024043418,3,,,02,,N,4,,35,,,EAST WILLOCK RD,1,
2787,2024043462,11,02,02212,68B03,2024,05,5,,,,3,1,1,1,00,0,2,00,0,0,3,3,3,0,0,0,2,0,1,0,0,0,1,0,,0,1,0,0,0,0,0,0,0,0,0,0,0,0,0,0,8,0,0,0,0,0,1,1,0,40 36:59.826,80 05:43.596,40.616618,-80.095443,,,1,N,,,,N,0,,,,,,,,,,,,2024043462,1,1,0,0,0,0,0,0,0,0,1,0,0,0,0,0,0,1,0,1,0,0,0,0,0,0,0,0,0,0,0,0,0,0,0,0,0,0,0,0,0,0,0,0,0,0,0,0,0,0,0,0,0,1,1,0,0,0,1,0,0,0,0,0,0,0,0,1,1,0,0,0,0,1,0,0,0,0,0,0,0,0,,0,0,1,0,0,0,2024043462,3,,1,02,3,N,1,0079,55,,2090,RAYMOND P SHAFER HW,1,
2788,2024043491,11,02,02216,02505,2024,05,3,,,,3,1,4,1,01,2,2,00,0,0,2,2,2,1,0,0,0,0,0,1,0,0,0,0,,0,0,0,0,0,0,0,0,0,0,0,0,0,0,0,0,0,0,0,0,0,0,0,0,1,40 36:57.850,80 03:19.335,40.616069,-80.055371,,,,N,,,,,0,,,,,,,,,,,,2024043491,0,1,1,0,0,0,0,0,0,0,0,0,0,0,0,1,0,0,0,0,1,1,0,0,0,0,0,0,0,0,0,0,0,0,0,0,0,0,0,0,0,0,0,0,0,0,0,0,0,0,0,0,0,0,1,0,0,0,0,1,0,0,0,1,0,0,0,0,1,0,0,0,0,0,0,0,0,0,0,0,1,0,,0,0,0,0,0,0,2024043491,4,,,02,,E,4,,25,,,BONNIE VIEW DR,0,
2789,2024043495,11,02,02473,02473,2024,05,6,,,,3,1,4,1,01,2,2,00,0,0,2,4,2,1,0,0,0,0,1,0,0,0,0,0,,0,0,0,0,0,0,0,0,0,0,0,0,0,0,0,0,0,0,1,0,0,0,0,0,0,40 22:36.113,79 53:39.489,40.376698,-79.894303,,,,N,,,,,0,,,,,,,,,,,,2024043495,0,1,1,0,0,0,0,0,0,0,0,0,0,0,0,1,0,0,0,0,1,1,0,0,0,0,0,0,0,0,0,0,0,0,0,0,0,0,0,0,0,0,0,0,0,0,0,0,0,0,0,0,0,0,1,0,0,1,0,0,0,0,1,1,0,0,0,0,1,0,0,0,0,0,0,0,0,0,0,0,0,0,,0,0,0,0,0,0,2024043495,3,,,02,,S,4,,35,,,HOMESTEAD DUQUESNE RD,0,
2790,2024043498,11,02,02476,02476,2024,04,2,,,,3,1,4,1,02,3,2,00,0,0,2,2,2,1,0,0,0,0,0,1,0,0,1,0,,1,0,0,0,0,0,0,0,0,0,0,0,0,0,0,0,3,0,0,0,0,1,0,0,0,40 21:00.577,79 58:35.392,40.35016,-79.976498,,,,N,,,,,0,,,,,,,,,,,,2024043498,0,1,1,0,0,0,0,0,0,0,0,0,0,0,0,0,0,1,0,0,1,0,1,1,0,0,0,0,0,0,0,0,0,0,0,0,0,0,0,0,0,0,0,0,0,0,1,0,0,0,0,0,0,0,1,0,0,0,0,0,0,0,0,1,0,0,1,0,1,0,0,0,0,1,0,0,0,0,0,0,0,1,,0,0,0,0,0,0,2024043498,5,,,02,,E,4,,25,,,MAXWELL DR,1,
2791,2024043499,11,02,02476,02476,2024,05,3,,,,3,1,4,1,01,2,2,00,0,0,2,2,2,2,0,0,0,0,0,0,0,0,0,0,,0,0,0,0,0,0,0,0,0,0,0,0,0,0,0,0,0,0,1,0,0,0,1,0,0,40 21:07.754,79 58:39.430,40.352154,-79.977619,,,2,N,,,,N,0,,,,,,,,,,,,2024043499,0,1,1,0,0,0,0,0,0,0,0,0,0,0,0,1,0,0,0,0,1,1,0,0,0,0,0,0,0,0,0,0,0,0,0,0,0,0,0,0,0,0,0,0,0,0,0,1,0,0,0,0,0,0,1,0,0,1,0,0,0,0,0,1,0,0,0,1,1,0,0,0,0,0,0,0,0,0,0,0,0,0,,0,1,0,0,0,0,2024043499,5,,,02,,E,4,,25,,,NURNBERGER DR,0,
2792,2024043500,11,02,02476,02476,2024,05,4,,,,3,1,4,1,01,3,2,00,0,0,2,2,2,0,0,0,0,0,2,0,0,0,0,0,,0,0,0,0,0,0,0,0,0,0,0,0,0,0,0,0,0,0,1,0,0,0,1,0,0,40 20:58.707,79 59:10.221,40.349641,-79.986173,,,,N,,,,,0,,,,,,,,,,,,2024043500,0,0,1,1,0,0,0,0,0,0,0,0,0,0,0,1,0,0,0,0,1,0,1,1,0,0,0,0,0,0,0,0,0,0,0,0,0,0,0,0,0,0,0,0,0,0,1,0,0,0,0,0,0,0,1,0,0,1,0,0,0,0,0,0,0,0,0,1,1,0,0,0,0,0,0,0,0,0,0,0,0,0,,0,0,0,0,0,0,2024043500,3,,3,02,,S,4,ANAF,25,,,CARLYN DR,0,
2793,2024043526,11,02,02466,02466,2024,05,6,,,,7,9,7,5,00,0,2,00,0,0,1,2,1,0,0,0,0,0,1,0,0,0,0,0,,0,0,0,0,0,0,0,0,0,0,0,0,0,0,0,0,0,0,0,0,0,0,0,0,0,40 29:38.000,79 44:47.000,40.493889,-79.746389,,,5,Y,,,,Y,0,,,,,,,,,,,,2024043526,0,0,1,1,0,1,0,0,0,0,0,0,1,1,0,1,0,0,0,1,0,0,0,0,0,0,0,0,0,1,0,0,0,0,0,0,0,0,0,0,0,0,0,0,0,0,0,0,0,0,0,0,0,0,0,0,0,0,0,0,0,0,1,1,0,0,0,0,1,0,0,0,0,0,0,0,0,0,0,0,1,0,,0,0,0,0,0,0,2024043526,3,,,02,,S,4,,35,,,NEW TEXAS RD,0,
2794,2024043536,11,02,02481,02481,2024,05,7,,,,7,9,7,4,00,0,2,00,0,0,1,1,1,1,0,0,0,0,0,0,0,0,1,0,,0,0,0,1,0,0,0,0,0,0,0,0,0,0,0,0,4,0,1,0,0,0,0,0,0,40 35:03.794,80 04:44.911,40.584387,-80.079142,,,,N,,,,,0,,,,,,,,,,,,2024043536,0,0,1,1,0,1,0,0,0,0,0,0,1,1,0,0,0,1,0,1,0,0,0,0,0,0,0,0,0,1,0,0,0,0,0,0,0,0,0,0,0,0,0,0,0,0,0,0,0,0,1,0,0,1,1,0,0,1,0,0,1,0,0,1,0,0,0,0,1,0,0,0,0,1,0,0,0,0,0,0,1,0,,0,0,0,0,0,0,2024043536,3,,,02,2,E,4,,35,,,INGOMAR RD,1,
2795,2024043539,11,02,02403,02403,2024,05,6,,,,3,1,4,1,03,2,2,00,0,0,2,4,2,1,0,0,0,0,1,0,0,0,2,0,,1,0,1,0,0,0,0,0,0,0,0,0,0,0,0,0,3,0,0,0,0,0,1,0,1,40 19:58.579,79 59:05.042,40.332939,-79.984734,,,4,N,,,,N,0,,,,,,,,,,,,2024043539,0,1,1,0,0,0,0,0,0,0,0,0,0,0,0,0,0,1,0,0,1,1,0,0,0,0,0,0,0,0,0,0,0,0,0,0,0,0,0,0,0,0,0,0,0,0,0,0,0,0,0,0,0,0,1,0,0,0,0,1,0,0,0,0,0,0,0,1,1,0,0,0,0,1,0,0,0,0,0,0,1,1,,0,0,0,0,0,0,2024043539,3,,,02,,N,4,,35,,,BROWNSVILLE RD,2,
2796,2024043541,11,02,02402,02402,2024,05,6,,,,3,1,8,1,01,0,2,00,0,0,2,3,1,0,0,0,0,0,1,0,1,0,1,0,,0,1,0,0,0,0,0,0,0,0,0,0,0,0,0,0,8,0,0,0,0,0,0,0,0,40 29:52.987,80 04:09.718,40.498052,-80.069366,,,,N,,,,N,0,,,,,,,,,,,,2024043541,0,0,1,1,0,0,0,0,0,0,0,0,0,0,0,0,0,1,0,0,1,0,0,1,0,0,0,0,0,0,0,0,0,0,0,0,1,0,0,0,0,0,0,0,0,0,0,0,0,0,0,0,0,0,0,0,0,0,0,0,0,0,0,0,0,0,0,0,0,0,0,0,0,1,0,0,0,0,0,0,0,0,,0,0,0,0,0,0,2024043541,3,,,02,,E,4,,25,,,LOCUST ST,1,
2797,2024043543,11,02,02105,02105,2024,05,5,,,,3,1,7,4,00,0,2,00,,,1,1,1,1,0,0,0,0,0,0,0,0,0,0,,0,0,1,0,0,0,0,0,0,0,0,0,0,0,0,0,9,0,0,0,0,0,0,0,0,40 19:04.900,79 48:48.500,40.318028,-79.813472,,,2,Y,,,,N,0,,,,,,,,,,,,2024043543,0,0,1,1,0,0,0,0,0,0,0,0,1,1,0,0,0,0,0,1,0,0,0,0,0,0,0,0,0,1,1,0,0,0,0,0,0,0,0,0,0,0,0,0,0,0,0,0,0,0,0,0,0,0,0,0,0,0,0,0,0,0,0,1,0,0,0,0,1,0,0,0,0,0,0,0,0,0,0,0,1,0,,0,0,0,0,0,0,2024043543,3,,,02,,W,4,,25,,,SMITHFIELD ST,0,
2798,2024043552,11,02,02473,02473,2024,05,6,,,,7,9,6,1,00,0,2,00,0,0,2,3,2,2,0,0,0,0,0,0,0,0,3,0,,3,0,0,0,0,0,0,0,0,0,0,0,0,0,0,0,3,0,1,0,0,0,1,0,0,40 21:10.832,79 57:15.897,40.353009,-79.954416,,,6,N,,,,Y,0,,,,,,,,,,,,2024043552,0,1,0,0,0,1,0,0,0,0,0,1,0,0,0,0,0,1,0,1,0,0,0,0,0,0,0,0,0,0,0,0,0,0,0,0,0,0,0,0,0,0,0,0,0,0,0,0,0,1,0,0,0,0,0,0,0,1,0,0,0,0,1,1,0,0,0,1,1,0,0,0,0,1,0,0,0,0,0,0,0,1,,0,0,0,0,0,0,2024043552,3,,3,02,2,W,2,2047,30,,2856,DELWAR RD,3,
2799,2024043563,11,02,02215,68B03,2024,05,5,,,,3,1,7,4,00,0,2,00,0,0,1,1,1,1,0,0,0,0,0,0,0,0,0,0,,0,0,0,0,0,0,0,0,0,0,0,0,0,0,0,0,0,0,0,0,0,0,0,0,0,40 31:14.823,80 03:51.267,40.520784,-80.064241,,,1,Y,,,,N,0,,,,,,,,,,,,2024043563,1,1,0,0,0,0,0,0,0,0,0,0,1,1,0,1,0,0,0,1,0,0,0,0,0,0,0,0,0,0,0,0,1,0,0,0,0,0,0,0,0,0,0,0,0,0,0,0,0,0,1,0,0,0,0,0,0,0,0,0,0,0,0,1,0,0,0,0,1,0,0,0,0,0,0,0,0,0,0,0,1,0,,0,0,1,0,0,0,2024043563,3,,1,02,,N,1,0279,55,,2612,NORTH HILLS EX,0,
2800,2024043589,11,02,02432,02432,2024,05,6,,,,7,9,7,4,00,0,2,07,0,0,1,2,1,1,0,0,0,0,0,0,0,0,1,0,,1,0,0,0,0,0,0,0,0,0,0,0,0,0,0,0,3,0,0,0,0,0,0,0,1,40 31:24.500,79 53:54.000,40.523472,-79.898333,,,,N,,,,,0,,,,,,,,,,,,2024043589,0,0,1,1,0,1,0,0,0,0,0,0,1,1,0,0,0,1,0,1,0,0,0,0,0,0,0,1,0,0,0,0,0,0,0,0,0,0,0,0,0,0,0,0,0,0,0,0,0,0,0,0,0,0,1,0,0,0,0,1,0,0,0,1,0,0,0,0,1,0,0,0,0,1,0,0,0,0,0,0,0,1,,0,1,0,0,0,0,2024043589,3,,,02,,N,4,,25,,,THE TRILLIUM RD,1,