_id,CRASH_CRN,DISTRICT,CRASH_COUNTY,MUNICIPALITY,POLICE_AGCY,CRASH_YEAR,CRASH_MONTH,DAY_OF_WEEK,TIME_OF_DAY,HOUR_OF_DAY,ILLUMINATION,WEATHER,ROAD_CONDITION,COLLISION_TYPE,RELATION_TO_ROAD,INTERSECT_TYPE,TCD_TYPE,URBAN_RURAL,LOCATION_TYPE,SCH_BUS_IND,SCH_ZONE_IND,TOTAL_UNITS,PERSON_COUNT,VEHICLE_COUNT,AUTOMOBILE_COUNT,MOTORCYCLE_COUNT,BUS_COUNT,SMALL_TRUCK_COUNT,HEAVY_TRUCK_COUNT,SUV_COUNT,VAN_COUNT,BICYCLE_COUNT,FATAL_COUNT,INJURY_COUNT,MAJ_INJ_COUNT,MOD_INJ_COUNT,MIN_INJ_COUNT,UNK_INJ_DEG_COUNT,UNK_INJ_PER_COUNT,UNBELTED_OCC_COUNT,UNB_DEATH_COUNT,UNB_MAJ_INJ_COUNT,BELTED_DEATH_COUNT,BELTED_MAJ_INJ_COUNT,MCYCLE_DEATH_COUNT,MCYCLE_MAJ_INJ_COUNT,BICYCLE_DEATH_COUNT,BICYCLE_MAJ_INJ_COUNT,PED_COUNT,PED_DEATH_COUNT,PED_MAJ_INJ_COUNT,COMM_VEH_COUNT,MAX_SEVERITY_LEVEL,DRIVER_COUNT_16YR,DRIVER_COUNT_17YR,DRIVER_COUNT_18YR,DRIVER_COUNT_19YR,DRIVER_COUNT_20YR,DRIVER_COUNT_50_64YR,DRIVER_COUNT_65_74YR,DRIVER_COUNT_75PLUS,LATITUDE,LONGITUDE,DEC_LAT,DEC_LONG,EST_HRS_CLOSED,LANE_CLOSED,LN_CLOSE_DIR,NTFY_HIWY_MAINT,RDWY_SURF_TYPE_CD,SPEC_JURIS_CD,TCD_FUNC_CD,TFC_DETOUR_IND,WORK_ZONE_IND,WORK_ZONE_TYPE,WORK_ZONE_LOC,CONS_ZONE_SPD_LIM,WORKERS_PRES,WZ_CLOSE_DETOUR,WZ_FLAGGER,WZ_LAW_OFFCR_IND,WZ_LN_CLOSURE,WZ_MOVING,WZ_OTHER,WZ_SHLDER_MDN,FLAG_CRN,INTERSTATE,STATE_ROAD,LOCAL_ROAD,LOCAL_ROAD_ONLY,TURNPIKE,WET_ROAD,SNOW_SLUSH_ROAD,ICY_ROAD,SUDDEN_DEER,SHLDR_RELATED,REAR_END,HO_OPPDIR_SDSWP,HIT_FIXED_OBJECT,SV_RUN_OFF_RD,WORK_ZONE,PROPERTY_DAMAGE_ONLY,FATAL_OR_MAJ_INJ,INJURY,FATAL,NON_INTERSECTION,INTERSECTION,SIGNALIZED_INT,STOP_CONTROLLED_INT,UNSIGNALIZED_INT,SCHOOL_BUS,SCHOOL_ZONE,HIT_DEER,HIT_TREE_SHRUB,HIT_EMBANKMENT,HIT_POLE,HIT_GDRAIL,HIT_GDRAIL_END,HIT_BARRIER,HIT_BRIDGE,OVERTURNED,MOTORCYCLE,BICYCLE,HVY_TRUCK_RELATED,VEHICLE_FAILURE,TRAIN_TROLLEY,PHANTOM_VEHICLE,ALCOHOL_RELATED,DRINKING_DRIVER,UNDERAGE_DRNK_DRV,UNLICENSED,CELL_PHONE,NO_CLEARANCE,RUNNING_RED_LT,TAILGATING,CROSS_MEDIAN,CURVE_DVR_ERROR,LIMIT_65MPH,SPEEDING,SPEEDING_RELATED,AGGRESSIVE_DRIVING,FATIGUE_ASLEEP,DRIVER_16YR,DRIVER_17YR,DRIVER_65_74YR,DRIVER_75PLUS,UNBELTED,PEDESTRIAN,DISTRACTED,CURVED_ROAD,DRIVER_18YR,DRIVER_19YR,DRIVER_20YR,DRIVER_50_64YR,VEHICLE_TOWED,FIRE_IN_VEHICLE,HIT_PARKED_VEHICLE,MC_DRINKING_DRIVER,DRUGGED_DRIVER,INJURY_OR_FATAL,COMM_VEHICLE,IMPAIRED_DRIVER,DEER_RELATED,DRUG_RELATED,HAZARDOUS_TRUCK,ILLEGAL_DRUG_RELATED,ILLUMINATION_DARK,MINOR_INJURY,MODERATE_INJURY,MAJOR_INJURY,NHTSA_AGG_DRIVING,PSP_REPORTED,RUNNING_STOP_SIGN,TRAIN,TROLLEY,ROADWAY_CRN,RDWY_SEQ_NUM,ADJ_RDWY_SEQ,ACCESS_CTRL,ROADWAY_COUNTY,LANE_COUNT,RDWY_ORIENT,ROAD_OWNER,ROUTE,SPEED_LIMIT,SEGMENT,OFFSET,STREET_NAME,TOT_INJ_COUNT,SCHOOL_BUS_UNIT
2919,2024044970,11,02,02208,68T02,2024,05,2,,,,3,1,7,2,00,0,2,02,0,0,1,1,1,0,0,0,0,0,1,0,0,0,0,0,,0,0,0,0,0,0,0,0,0,0,0,0,0,0,0,0,0,0,0,0,0,0,0,0,0,40 32:22.901,79 49:30.469,40.539695,-79.82513,,,,N,,,,,0,,,,,,,,,,,,2024044970,0,0,1,1,0,0,0,0,0,0,0,0,1,1,0,1,0,0,0,1,0,0,0,0,0,0,0,0,0,0,0,0,1,0,0,0,0,0,0,0,0,0,0,0,0,0,0,0,0,0,1,0,0,0,0,0,0,0,0,0,0,0,1,1,0,0,0,0,1,0,0,0,0,0,0,0,0,0,0,0,0,0,,0,0,1,0,0,0,2024044970,3,,,02,,E,4,,20,,,TOLL ROAD RAMP RD,0,
2920,2024044979,11,02,02113,02113,2024,05,4,,,,3,1,1,1,02,2,2,00,0,0,2,4,2,1,0,0,0,0,0,1,0,0,1,0,,0,1,0,0,0,0,0,0,0,0,0,0,0,0,0,0,8,0,0,0,0,0,0,1,0,40 27:39.926,79 51:58.745,40.461091,-79.866318,,,1,N,,,,N,0,,,,,,,,,,,,2024044979,0,1,0,0,0,0,0,0,0,0,1,0,0,0,0,0,0,1,0,0,1,1,0,0,0,0,0,0,0,0,0,0,0,0,0,0,0,0,0,0,0,0,0,0,0,0,0,0,0,0,0,0,0,0,1,0,0,0,1,0,0,0,0,0,0,0,0,0,0,0,0,0,0,1,0,0,0,0,0,0,0,0,,0,0,0,0,0,0,2024044979,3,,3,02,,E,2,0400,55,,0,FRANKSTOWN RD,1,
2921,2024045001,11,02,02446,02446,2024,05,4,,,,3,1,4,1,01,3,2,00,0,0,2,5,2,1,0,0,0,0,1,0,0,0,0,0,,0,0,0,0,0,0,0,0,0,0,0,0,0,0,0,0,0,0,0,0,0,0,0,0,0,40 26:54.386,79 45:40.188,40.448441,-79.761163,,,,N,,,,,0,,,,,,,,,,,,2024045001,0,1,1,0,0,0,0,0,0,0,0,0,0,0,0,1,0,0,0,0,1,0,1,1,0,0,0,0,0,0,0,0,0,0,0,0,0,0,0,0,0,0,0,0,0,0,1,0,0,0,0,0,0,0,1,0,0,0,0,0,0,0,0,1,0,0,0,0,1,0,0,0,0,0,0,0,0,0,0,0,0,0,,0,0,0,0,0,0,2024045001,4,,,02,,E,4,,35,,,BEATTY RD,0,
2922,2024045010,11,02,02213,02213,2024,04,3,,,,3,1,4,1,01,2,2,00,0,0,2,2,2,1,0,0,0,0,1,0,0,0,0,0,,0,0,0,0,0,0,0,0,0,0,0,0,0,0,0,0,0,0,0,0,0,0,2,0,0,40 27:32.065,80 10:19.355,40.458907,-80.172043,,,,N,,,,,0,,,,,,,,,,,,2024045010,0,1,1,0,0,0,0,0,0,0,0,0,0,0,0,1,0,0,0,0,1,1,0,0,0,0,0,0,0,0,0,0,0,0,0,0,0,0,0,0,0,0,0,0,0,0,0,1,0,0,0,0,0,0,1,0,0,0,0,0,0,0,0,0,0,0,0,1,1,0,0,0,0,0,0,0,0,0,0,0,0,0,,0,1,0,0,0,0,2024045010,5,,,02,3,N,4,,25,,,FEDEX DR,0,
2923,2024045011,11,02,02416,02416,2024,05,1,,,,3,1,4,1,01,8,2,00,0,0,2,2,2,2,0,0,0,0,0,0,0,0,2,0,,0,2,0,0,0,0,0,0,0,0,0,0,0,0,0,0,8,0,0,0,0,0,0,1,1,40 21:43.351,80 00:40.363,40.362042,-80.011212,,,3,N,,,,N,0,,,,,,,,,,,,2024045011,0,0,1,1,0,0,0,0,0,0,0,0,0,0,0,0,0,1,0,0,1,0,0,1,0,0,0,0,1,0,0,0,0,0,0,0,0,0,0,0,0,0,0,0,0,0,0,0,0,0,0,0,0,0,1,0,0,0,1,1,0,0,0,1,0,0,0,0,1,0,0,0,0,1,0,0,0,0,0,0,0,0,,0,0,0,0,0,0,2024045011,3,,3,02,,S,4,AK5K,35,,,GROVE RD,2,
2924,2024045013,11,02,02416,02416,2024,05,7,,,,3,1,4,1,03,3,2,00,0,0,3,4,3,0,0,0,0,0,2,1,0,0,0,0,,0,0,1,0,0,0,0,0,0,0,0,0,0,0,0,0,9,0,0,0,0,0,1,1,0,40 21:56.756,80 00:58.624,40.365766,-80.016284,,,1,N,,,,N,0,,,,,,,,,,,,2024045013,0,1,0,0,0,0,0,0,0,0,0,0,0,0,0,0,0,0,0,0,1,0,1,1,0,0,0,0,0,0,0,0,0,0,1,0,0,0,0,0,0,0,0,0,0,0,1,0,0,0,0,0,0,0,1,0,0,0,1,0,0,0,0,0,0,0,0,1,1,0,0,0,0,0,0,0,0,0,0,0,0,0,,0,1,0,0,0,0,2024045013,3,,3,02,2,N,2,0088,35,,1879,LIBRARY RD,0,
2925,2024045024,11,02,02425,02515,2024,05,4,,,,3,1,7,5,01,2,2,00,0,0,1,1,1,0,0,0,0,0,1,0,0,0,0,0,,0,0,0,0,0,0,0,0,0,0,0,0,0,0,0,0,0,0,0,0,0,0,0,0,0,40 24:02.749,79 50:02.452,40.400764,-79.834014,,,6,N,,,,Y,0,,,,,,,,,,,,2024045024,0,1,0,0,0,0,0,0,0,0,0,0,1,1,0,1,0,0,0,0,1,1,0,0,0,0,0,0,0,1,0,0,0,0,0,0,0,0,0,0,0,0,0,0,0,0,0,0,0,0,0,0,0,0,0,0,0,0,0,0,0,0,0,0,0,0,0,0,1,0,0,0,0,0,0,0,0,0,0,0,1,0,,0,0,0,0,0,0,2024045024,3,,3,02,,E,2,2112,25,,2663,ELECTRIC AV,0,
2926,2024045052,11,02,02301,02301,2024,05,6,,,,3,1,1,4,00,0,2,00,0,0,2,1,2,1,0,0,1,0,0,0,0,0,0,0,,0,0,0,0,0,0,0,0,0,0,0,0,0,0,0,0,0,0,0,0,0,0,0,0,0,40 23:41.800,79 59:12.100,40.394944,-79.986694,,,,N,,,,,0,,,,,,,,,,,,2024045052,0,0,1,1,0,0,0,0,0,0,1,0,0,1,0,1,0,0,0,1,0,0,0,0,0,0,0,0,0,0,0,0,0,0,0,0,0,0,0,0,0,0,0,0,0,1,0,0,0,0,0,0,0,0,0,0,0,0,0,0,0,0,1,1,0,0,0,0,1,0,1,0,0,0,0,0,0,0,0,0,1,0,,0,0,0,0,0,0,2024045052,3,,,02,,E,4,,35,,,BROWNSVILLE RD,0,
2927,2024045065,11,02,02458,02458,2024,05,2,,,,3,1,1,1,02,0,2,00,0,0,2,2,2,2,0,0,0,0,0,0,0,0,2,0,,2,0,0,0,0,0,0,0,0,0,0,0,0,0,0,0,3,0,0,0,0,0,0,0,0,40 31:58.276,80 10:36.186,40.532854,-80.176718,,,2,N,,,,N,0,,,,,,,,,,,,2024045065,0,1,1,0,0,0,0,0,0,0,1,0,0,0,0,0,0,1,0,0,1,0,0,1,0,0,0,0,0,0,0,0,0,0,0,0,0,0,0,0,0,0,0,0,0,0,0,0,1,0,0,0,0,0,1,0,0,0,0,0,0,0,0,0,0,0,0,0,1,0,0,0,0,1,0,0,0,0,0,0,0,1,,0,0,0,0,0,0,2024045065,5,,,02,2,E,4,,25,,,BOUNDARY ST,2,
2928,2024045066,11,02,02403,02403,2024,05,1,,,,3,1,2,1,02,0,2,00,0,0,2,2,2,1,0,0,0,0,1,0,0,0,0,0,,0,0,0,0,0,0,0,0,0,0,0,0,0,0,0,0,0,0,1,0,0,0,0,0,0,40 23:40.352,79 58:12.208,40.394542,-79.970058,,,4,N,,,,N,0,,,,,,,,,,,,2024045066,0,1,1,0,0,0,0,0,0,0,0,1,0,0,0,1,0,0,0,0,1,0,0,1,0,0,0,0,0,0,0,0,0,0,0,0,0,0,0,0,0,1,1,0,0,0,0,0,0,0,0,0,0,1,1,0,0,1,0,0,0,0,0,0,0,0,0,0,1,0,0,0,0,0,0,1,0,0,0,0,1,0,,0,1,0,0,0,0,2024045066,4,,,02,,W,4,,25,,,CUSTER AV,0,
2929,2024045094,11,02,02112,68D02,2024,05,3,,,,3,1,1,1,00,0,2,00,0,0,2,2,2,0,0,0,0,0,2,0,0,0,0,0,,0,0,0,0,0,0,0,0,0,0,0,0,0,0,0,0,0,0,0,0,0,0,0,0,0,40 29:50.487,79 55:22.419,40.497358,-79.922894,,,,N,,,,,0,,,,,,,,,,,,2024045094,0,1,0,0,0,0,0,0,0,0,1,0,0,0,0,1,0,0,0,1,0,0,0,0,0,0,0,0,0,0,0,0,0,0,0,0,0,0,0,0,0,0,0,0,0,0,0,0,0,0,0,0,0,1,1,0,0,0,0,0,0,0,0,0,0,0,0,0,1,0,0,0,0,0,0,0,0,0,0,0,0,0,,0,0,1,0,0,0,2024045094,3,,1,02,,S,2,0028,55,,929,ALLEGHENY VALLEY EX,0,
2930,2024045097,11,02,02212,68T02,2024,05,3,,,,3,1,98,1,00,0,2,00,0,0,1,1,1,1,0,0,0,0,0,0,0,0,0,0,,0,0,0,0,0,0,0,0,0,0,0,0,0,0,0,0,0,0,0,0,0,0,0,0,0,40 39:25.459,80 04:56.449,40.657072,-80.082347,,,,N,,,,,0,,,,,,,,,,,,2024045097,0,0,0,0,1,0,0,0,1,0,0,0,0,0,0,1,0,0,0,1,0,0,0,0,0,0,1,0,0,0,0,0,0,0,0,0,0,0,0,0,0,0,0,0,0,0,0,0,0,0,0,1,0,0,0,0,0,0,0,0,0,0,0,0,0,0,0,0,1,0,0,0,0,0,0,0,1,0,0,0,1,0,,0,0,1,0,0,0,2024045097,3,,1,02,,W,5,7076,65,,2112,MAINLINE TU,0,
2931,2024045101,11,02,02304,02304,2024,05,4,,,,3,1,7,4,00,0,2,00,0,0,1,3,1,0,0,0,0,0,1,0,0,0,0,0,,0,0,1,2,0,0,0,0,0,0,0,0,0,0,0,0,9,0,0,0,0,0,0,0,0,40 20:55.263,79 52:39.350,40.348684,-79.877597,,,4,N,,,,N,0,,,,,,,,,,,,2024045101,0,0,1,1,0,0,0,0,0,0,0,0,1,1,0,0,0,0,0,1,0,0,0,0,0,0,0,0,0,1,0,0,0,0,0,0,0,0,0,0,0,0,0,0,0,0,0,0,0,0,0,0,0,0,0,0,0,0,0,0,1,0,0,1,0,0,0,0,1,0,0,0,0,0,0,0,0,0,0,0,0,0,,0,0,0,0,0,0,2024045101,3,,,02,,S,4,,40,,,FIFTH AV,0,
2932,2024045116,11,02,02111,02111,2024,05,5,,,,3,1,1,1,00,0,2,00,0,0,2,3,2,1,0,0,0,0,0,1,0,0,2,0,,0,1,0,0,0,0,0,0,0,0,0,0,0,0,0,0,4,0,0,0,0,0,0,0,0,40 22:55.000,79 49:04.000,40.381944,-79.817778,,,5,N,,,,Y,0,,,,,,,,,,,,2024045116,0,0,1,1,0,0,0,0,0,0,1,0,0,0,0,0,0,1,0,1,0,0,0,0,0,0,0,0,0,0,0,0,0,0,0,0,0,0,0,0,0,0,0,0,0,0,0,0,0,0,0,0,0,1,1,0,0,0,0,0,0,0,0,1,0,0,0,0,1,0,0,0,0,1,0,0,0,0,0,0,0,0,,0,0,0,0,0,0,2024045116,3,,,02,,N,4,,25,,,GREENSBURG AV,2,
2933,2024045136,11,02,02435,02435,2024,05,2,,,,3,1,7,2,03,2,2,00,0,0,2,4,2,0,0,0,0,0,2,0,0,0,3,0,,0,2,0,0,0,0,0,0,0,0,0,0,0,0,0,0,4,0,0,0,0,0,0,2,0,40 24:30.617,80 03:00.168,40.408505,-80.050047,,,6,N,,,,Y,0,,,,,,,,,,,,2024045136,0,1,1,0,0,0,0,0,0,0,0,0,1,1,0,0,0,1,0,0,1,1,0,0,0,0,0,0,0,0,0,0,0,0,1,0,0,0,0,0,0,0,0,0,0,0,0,0,0,0,0,0,0,0,1,0,0,0,1,0,0,0,0,0,0,0,0,0,1,0,0,0,0,1,0,0,0,0,0,0,0,0,,0,0,0,0,0,0,2024045136,4,,,02,,W,4,,25,,,POTOMAC AV,3,
2934,2024045138,11,02,02440,02440,2024,05,4,,,,3,1,1,1,00,0,2,00,,,2,2,2,0,0,0,0,0,2,0,0,0,1,0,,1,0,0,0,0,0,0,0,0,0,0,0,0,0,0,0,3,0,0,0,0,0,1,0,0,40 17:33.277,79 54:56.555,40.292577,-79.91571,,,1,N,,,,N,0,,,,,,,,,,,,2024045138,0,1,0,0,0,0,0,0,0,0,1,0,0,0,0,0,0,1,0,1,0,0,0,0,0,0,0,0,0,0,0,0,0,0,0,0,0,0,0,0,0,0,0,0,0,0,0,0,1,0,0,0,0,0,1,0,0,0,0,0,0,0,0,0,0,0,0,1,1,0,0,0,0,1,0,0,0,0,0,0,0,1,,0,0,0,0,0,0,2024045138,3,,3,02,,N,2,0051,40,,953,CLAIRTON BL,1,
2935,2024045140,11,02,02301,02301,2024,05,3,,,,3,1,5,6,00,0,2,00,0,0,2,2,2,1,0,0,0,0,1,0,0,0,1,0,,1,0,0,0,0,0,0,0,0,0,0,0,0,0,0,0,3,0,0,0,0,0,0,0,0,40 27:20.922,79 53:37.732,40.455812,-79.893814,,,,N,,,,,0,,,,,,,,,,,,2024045140,0,1,0,0,0,0,0,0,0,0,0,0,0,0,0,0,0,1,0,1,0,0,0,0,0,0,0,1,0,0,0,0,0,0,1,0,0,0,0,0,0,0,0,0,0,0,0,0,0,0,0,0,0,0,0,0,0,0,0,0,0,0,0,0,0,0,0,0,1,0,1,0,0,1,0,0,0,0,0,0,1,1,,0,0,0,0,0,0,2024045140,3,,3,02,,W,2,0400,25,,2976,BENNETT ST,1,
2936,2024045144,11,02,02112,02301,2024,05,4,,,,4,1,1,1,00,0,2,00,0,0,6,7,6,4,0,0,0,0,2,0,0,0,1,0,,0,0,0,0,0,0,0,0,0,0,0,0,0,0,0,0,4,0,0,0,0,0,1,0,0,40 29:57.606,79 51:11.144,40.499335,-79.853096,,,6,N,,,,N,0,,,,,,,,,,,,2024045144,0,1,0,0,0,0,0,0,0,0,1,0,0,0,0,0,0,1,0,1,0,0,0,0,0,0,0,0,0,0,0,0,0,0,0,0,0,0,0,0,0,1,1,0,0,0,0,0,0,0,0,0,0,0,0,0,0,0,0,0,0,0,0,0,0,0,0,1,1,0,0,0,0,1,0,1,0,0,0,0,0,0,,0,0,0,0,0,0,2024045144,3,,3,02,,N,2,1001,25,,2139,FREEPORT RD,1,
2937,2024045151,11,02,02111,02111,2024,05,3,,,,3,1,1,1,00,8,2,00,0,0,3,3,3,0,0,0,1,0,1,1,0,0,0,0,,0,0,0,0,0,0,0,0,0,0,0,0,0,0,0,0,0,0,0,0,0,0,0,2,0,40 23:34.813,79 49:34.953,40.393004,-79.826376,,,3,N,,,,Y,0,,,,,,,,,,,,2024045151,0,1,0,0,0,0,0,0,0,0,1,0,0,0,0,1,0,0,0,1,0,0,0,0,0,0,0,0,0,0,0,0,0,0,0,0,0,0,0,0,0,0,0,0,0,0,0,0,0,0,0,0,0,0,0,0,0,0,1,0,0,0,0,0,0,0,0,0,1,0,0,0,0,0,0,0,0,0,0,0,0,0,,0,0,0,0,0,0,2024045151,3,,2,02,,N,2,2037,45,,1600,MCKEESPORT BL,0,
2938,2024045152,11,02,02123,02123,2024,05,6,,,,3,1,4,1,00,0,2,07,0,0,5,3,5,0,0,0,2,0,3,0,0,0,1,0,,1,0,0,0,0,0,0,0,0,0,0,0,0,0,0,0,3,0,0,0,0,0,0,1,1,40 21:46.533,80 05:04.743,40.362926,-80.084651,,,,N,,,,,0,,,,,,,,,,,,2024045152,0,0,1,1,0,0,0,0,0,0,0,0,0,0,0,0,0,1,0,1,0,0,0,0,0,0,0,0,0,0,0,0,0,0,0,0,0,0,0,0,0,0,0,0,0,0,0,0,0,0,0,0,0,1,0,0,0,0,1,1,0,0,0,1,0,0,0,0,1,0,1,0,0,1,0,0,0,0,0,0,0,1,,0,0,0,0,0,0,2024045152,3,,,02,,E,4,,35,,,PAINTERS RUN RD,1,
2939,2024045154,11,02,02301,02301,2024,05,4,,,,3,1,1,1,00,0,2,00,0,0,2,2,2,1,0,0,0,0,1,0,0,0,0,0,,0,0,0,2,0,0,0,0,0,0,0,0,0,0,0,0,0,0,0,0,0,0,1,0,0,40 27:23.213,79 57:50.471,40.456448,-79.96402,,,,N,,,,,0,,,,,,,,,,,,2024045154,0,1,0,0,0,0,0,0,0,0,1,0,0,0,0,1,0,0,0,1,0,0,0,0,0,0,0,0,0,0,0,0,0,0,0,0,0,0,0,0,0,0,0,0,0,0,0,0,1,0,0,0,0,0,1,0,0,0,0,0,1,0,0,0,0,0,0,1,1,0,0,0,0,0,0,0,0,0,0,0,0,0,,0,0,0,0,0,0,2024045154,3,,3,02,,E,2,0400,35,,773,BIGELOW BL,0,
2940,2024045190,11,02,02473,02473,2024,05,4,,,,3,1,7,1,00,0,2,00,0,0,1,1,1,0,0,0,0,0,1,0,0,0,1,0,,1,0,0,0,0,0,0,0,0,0,0,0,0,0,0,0,3,0,0,0,0,0,0,0,0,40 20:06.978,79 53:46.878,40.335272,-79.896355,,,5,N,,,,N,0,,,,,,,,,,,,2024045190,0,1,0,0,0,0,0,0,0,0,0,0,1,1,0,0,0,1,0,1,0,0,0,0,0,0,0,0,0,0,0,0,0,0,1,0,0,0,0,0,0,1,1,0,0,0,0,0,0,0,0,0,0,0,0,0,0,0,0,0,0,0,0,0,0,0,0,0,1,0,0,0,0,1,0,1,0,0,0,0,0,1,,0,0,0,0,0,0,2024045190,3,,3,02,2,S,2,0837,40,,2483,NORTH STATE ST,1,
2941,2024045210,11,02,02108,02108,2024,05,5,,,,3,1,4,1,01,0,2,00,0,0,2,5,2,1,0,0,0,0,1,0,0,0,1,0,,1,0,0,0,0,0,0,0,0,0,0,0,0,0,0,0,3,0,0,0,0,0,0,0,1,40 33:53.540,79 59:33.497,40.564872,-79.992638,,,,N,,,,,0,,,,,,,,,,,,2024045210,0,1,1,0,0,0,0,0,0,0,0,0,0,0,0,0,0,1,0,0,1,0,0,1,0,0,0,0,0,0,0,0,0,0,0,0,0,0,0,0,0,0,0,0,0,0,1,0,0,0,0,0,0,0,1,0,0,0,0,1,0,0,0,0,0,0,0,0,1,0,0,0,0,1,0,0,0,0,0,0,0,1,,0,0,0,0,0,0,2024045210,4,,,02,,S,4,,25,,,WALLACE RD,1,
2942,2024045216,11,02,02216,02505,2024,05,5,,,,3,1,4,1,02,2,2,00,0,0,2,2,2,0,0,0,0,0,2,0,0,0,0,0,,0,0,0,0,0,0,0,0,0,0,0,0,0,0,0,0,0,0,0,0,0,0,0,0,0,40 36:24.321,80 03:06.202,40.606756,-80.051723,,,,N,,,,,0,,,,,,,,,,,,2024045216,0,1,1,0,0,0,0,0,0,0,0,0,0,0,0,1,0,0,0,0,1,1,0,0,0,0,0,0,0,0,0,0,0,0,0,0,0,0,0,0,0,0,0,0,0,0,0,0,0,0,0,0,0,0,1,0,0,0,0,0,0,0,1,0,0,0,0,0,1,0,0,0,0,0,0,0,0,0,0,0,0,0,,0,0,0,0,0,0,2024045216,4,,,02,,W,4,,25,,,BROWN RD,0,
2943,2024045221,11,02,02407,02407,2024,05,5,,,,7,9,4,1,00,3,2,07,0,0,2,2,2,1,0,0,0,0,1,0,0,0,0,0,,0,0,0,0,0,0,0,0,0,0,0,0,0,0,0,0,0,0,0,0,0,0,1,0,0,40 20:47.100,80 03:15.900,40.346417,-80.054417,,,6,N,,,,N,0,,,,,,,,,,,,2024045221,0,0,1,1,0,1,0,0,0,0,0,0,0,0,0,1,0,0,0,1,0,0,0,0,0,0,0,0,0,0,0,0,0,0,0,0,0,0,0,0,0,0,0,0,0,0,0,0,0,0,0,0,0,0,1,0,0,0,0,0,0,0,0,0,0,0,0,1,1,0,0,0,0,0,0,0,0,0,0,0,0,0,,0,1,0,0,0,0,2024045221,3,,,02,,N,4,,35,,,FORT COUCH RD,0,
2944,2024045233,11,02,02481,02481,2024,05,4,,,,3,1,7,5,00,0,1,07,0,0,1,1,1,1,0,0,0,0,0,0,0,0,1,0,,0,0,0,0,0,0,0,0,0,0,0,0,0,0,0,0,4,0,0,0,0,0,0,0,1,40 36:44.865,80 08:25.252,40.612463,-80.140348,,,,N,,,,,0,,,,,,,,,,,,2024045233,0,1,0,0,0,0,0,0,0,0,0,0,1,1,0,0,0,1,0,1,0,0,0,0,0,0,0,0,0,1,0,0,0,0,0,0,0,0,1,0,0,0,0,0,0,0,0,0,0,0,0,0,0,0,0,0,0,0,0,1,0,0,0,1,0,0,0,0,1,0,0,0,0,1,0,0,0,0,0,0,0,0,,0,0,0,0,0,0,2024045233,3,,3,02,,S,2,4043,30,,925,BIG SEWICKLEY CREEK RD,1,
2945,2024045236,11,02,02113,02113,2024,05,5,,,,3,1,1,1,00,2,2,07,0,0,2,2,2,1,0,0,0,0,1,0,0,0,2,0,,2,0,0,0,0,0,0,0,0,0,0,0,0,0,0,0,3,0,0,0,0,0,0,0,0,40 29:48.481,79 50:39.866,40.4968,-79.844407,,,6,N,,,,N,0,,,,,,,,,,,,2024045236,0,1,0,0,0,0,0,0,0,0,1,0,0,0,0,0,0,1,0,1,0,0,0,0,0,0,0,0,0,0,0,0,0,0,0,0,0,0,0,0,0,0,0,0,0,0,0,0,1,0,0,0,0,1,1,0,0,0,0,0,0,0,0,1,0,0,0,0,1,0,0,0,0,1,0,0,0,0,0,0,0,1,,0,1,0,0,0,0,2024045236,3,,3,02,,N,2,2073,45,,2356,ALLEGHENY RIVER BL,2,
2946,2024045237,11,02,02448,02448,2024,05,5,,,,3,1,4,1,01,0,2,00,0,0,2,2,2,1,0,0,1,0,0,0,0,0,1,0,,0,1,0,0,0,0,0,0,0,0,0,0,0,0,0,0,8,0,0,0,0,0,0,0,0,40 24:11.971,79 53:24.452,40.403325,-79.890126,,,2,N,,,,N,0,,,,,,,,,,,,2024045237,0,1,1,0,0,0,0,0,0,0,0,0,0,0,0,0,0,1,0,0,1,0,0,1,0,0,0,0,0,0,0,0,0,0,0,0,0,0,0,0,0,0,0,0,0,0,1,0,0,0,0,0,0,0,1,0,0,0,0,0,0,0,0,1,0,0,0,0,1,0,0,0,0,1,0,0,0,0,0,0,0,0,,0,0,0,0,0,0,2024045237,4,,,02,2,W,4,,25,,,LARKSPUR ST,1,
2947,2024045242,11,02,02110,02215,2024,05,5,,,,7,9,4,1,00,0,2,07,0,0,2,2,2,1,0,0,0,0,0,1,0,0,1,0,,1,0,0,1,0,0,0,0,0,0,0,0,0,0,0,0,3,0,0,0,0,1,0,0,0,40 30:43.400,80 07:54.400,40.512056,-80.131778,,,3,N,,,,N,0,,,,,,,,,,,,2024045242,0,0,1,1,0,1,0,0,0,0,0,0,0,0,0,0,0,1,0,1,0,0,0,0,0,0,0,0,0,0,0,0,0,0,0,0,0,0,1,0,0,0,0,0,0,0,1,0,0,0,0,0,0,0,1,0,0,0,0,0,1,0,0,0,0,0,1,0,1,0,0,0,0,1,0,0,0,0,0,0,0,1,,0,0,0,0,0,0,2024045242,3,,,02,,E,4,,25,,,GRAND AV,1,