_id,CRASH_CRN,DISTRICT,CRASH_COUNTY,MUNICIPALITY,POLICE_AGCY,CRASH_YEAR,CRASH_MONTH,DAY_OF_WEEK,TIME_OF_DAY,HOUR_OF_DAY,ILLUMINATION,WEATHER,ROAD_CONDITION,COLLISION_TYPE,RELATION_TO_ROAD,INTERSECT_TYPE,TCD_TYPE,URBAN_RURAL,LOCATION_TYPE,SCH_BUS_IND,SCH_ZONE_IND,TOTAL_UNITS,PERSON_COUNT,VEHICLE_COUNT,AUTOMOBILE_COUNT,MOTORCYCLE_COUNT,BUS_COUNT,SMALL_TRUCK_COUNT,HEAVY_TRUCK_COUNT,SUV_COUNT,VAN_COUNT,BICYCLE_COUNT,FATAL_COUNT,INJURY_COUNT,MAJ_INJ_COUNT,MOD_INJ_COUNT,MIN_INJ_COUNT,UNK_INJ_DEG_COUNT,UNK_INJ_PER_COUNT,UNBELTED_OCC_COUNT,UNB_DEATH_COUNT,UNB_MAJ_INJ_COUNT,BELTED_DEATH_COUNT,BELTED_MAJ_INJ_COUNT,MCYCLE_DEATH_COUNT,MCYCLE_MAJ_INJ_COUNT,BICYCLE_DEATH_COUNT,BICYCLE_MAJ_INJ_COUNT,PED_COUNT,PED_DEATH_COUNT,PED_MAJ_INJ_COUNT,COMM_VEH_COUNT,MAX_SEVERITY_LEVEL,DRIVER_COUNT_16YR,DRIVER_COUNT_17YR,DRIVER_COUNT_18YR,DRIVER_COUNT_19YR,DRIVER_COUNT_20YR,DRIVER_COUNT_50_64YR,DRIVER_COUNT_65_74YR,DRIVER_COUNT_75PLUS,LATITUDE,LONGITUDE,DEC_LAT,DEC_LONG,EST_HRS_CLOSED,LANE_CLOSED,LN_CLOSE_DIR,NTFY_HIWY_MAINT,RDWY_SURF_TYPE_CD,SPEC_JURIS_CD,TCD_FUNC_CD,TFC_DETOUR_IND,WORK_ZONE_IND,WORK_ZONE_TYPE,WORK_ZONE_LOC,CONS_ZONE_SPD_LIM,WORKERS_PRES,WZ_CLOSE_DETOUR,WZ_FLAGGER,WZ_LAW_OFFCR_IND,WZ_LN_CLOSURE,WZ_MOVING,WZ_OTHER,WZ_SHLDER_MDN,FLAG_CRN,INTERSTATE,STATE_ROAD,LOCAL_ROAD,LOCAL_ROAD_ONLY,TURNPIKE,WET_ROAD,SNOW_SLUSH_ROAD,ICY_ROAD,SUDDEN_DEER,SHLDR_RELATED,REAR_END,HO_OPPDIR_SDSWP,HIT_FIXED_OBJECT,SV_RUN_OFF_RD,WORK_ZONE,PROPERTY_DAMAGE_ONLY,FATAL_OR_MAJ_INJ,INJURY,FATAL,NON_INTERSECTION,INTERSECTION,SIGNALIZED_INT,STOP_CONTROLLED_INT,UNSIGNALIZED_INT,SCHOOL_BUS,SCHOOL_ZONE,HIT_DEER,HIT_TREE_SHRUB,HIT_EMBANKMENT,HIT_POLE,HIT_GDRAIL,HIT_GDRAIL_END,HIT_BARRIER,HIT_BRIDGE,OVERTURNED,MOTORCYCLE,BICYCLE,HVY_TRUCK_RELATED,VEHICLE_FAILURE,TRAIN_TROLLEY,PHANTOM_VEHICLE,ALCOHOL_RELATED,DRINKING_DRIVER,UNDERAGE_DRNK_DRV,UNLICENSED,CELL_PHONE,NO_CLEARANCE,RUNNING_RED_LT,TAILGATING,CROSS_MEDIAN,CURVE_DVR_ERROR,LIMIT_65MPH,SPEEDING,SPEEDING_RELATED,AGGRESSIVE_DRIVING,FATIGUE_ASLEEP,DRIVER_16YR,DRIVER_17YR,DRIVER_65_74YR,DRIVER_75PLUS,UNBELTED,PEDESTRIAN,DISTRACTED,CURVED_ROAD,DRIVER_18YR,DRIVER_19YR,DRIVER_20YR,DRIVER_50_64YR,VEHICLE_TOWED,FIRE_IN_VEHICLE,HIT_PARKED_VEHICLE,MC_DRINKING_DRIVER,DRUGGED_DRIVER,INJURY_OR_FATAL,COMM_VEHICLE,IMPAIRED_DRIVER,DEER_RELATED,DRUG_RELATED,HAZARDOUS_TRUCK,ILLEGAL_DRUG_RELATED,ILLUMINATION_DARK,MINOR_INJURY,MODERATE_INJURY,MAJOR_INJURY,NHTSA_AGG_DRIVING,PSP_REPORTED,RUNNING_STOP_SIGN,TRAIN,TROLLEY,ROADWAY_CRN,RDWY_SEQ_NUM,ADJ_RDWY_SEQ,ACCESS_CTRL,ROADWAY_COUNTY,LANE_COUNT,RDWY_ORIENT,ROAD_OWNER,ROUTE,SPEED_LIMIT,SEGMENT,OFFSET,STREET_NAME,TOT_INJ_COUNT,SCHOOL_BUS_UNIT
3008,2024046143,11,02,02116,02116,2024,05,1,,,,3,1,1,1,00,2,2,00,0,0,2,2,2,1,0,0,1,0,0,0,0,0,0,0,,0,0,0,0,0,0,0,0,0,0,0,0,0,0,0,0,0,0,0,0,0,2,0,0,0,40 30:25.048,80 00:24.327,40.506958,-80.006758,,,2,N,,,,N,0,,,,,,,,,,,,2024046143,0,1,0,0,0,0,0,0,0,0,1,0,0,0,0,1,0,0,0,1,0,0,0,0,0,0,0,0,0,0,0,0,0,0,0,0,0,0,0,0,0,0,0,0,0,0,0,0,0,0,0,0,0,0,0,0,0,0,0,0,0,0,1,0,0,0,1,0,1,0,0,0,0,0,0,0,0,0,0,0,0,0,,0,0,0,0,0,0,2024046143,3,,3,02,,S,2,4003,45,,90,MCKNIGHT RD,0,
3009,2024046145,11,02,02304,02304,2024,05,7,,,,3,1,1,1,02,0,2,00,0,0,2,2,2,0,0,0,0,0,2,0,0,0,0,0,,0,0,0,0,0,0,0,0,0,0,0,0,0,0,0,0,0,0,0,0,0,0,1,0,0,40 21:00.285,79 53:38.751,40.350079,-79.894098,,,,N,,,,,0,,,,,,,,,,,,2024046145,0,1,1,0,0,0,0,0,0,0,1,0,0,0,0,1,0,0,0,0,1,0,0,1,0,0,0,0,0,0,0,0,0,0,0,0,0,0,0,0,0,0,0,0,0,0,0,0,0,0,0,0,0,0,0,0,0,0,0,0,0,0,1,0,0,0,0,1,1,0,0,0,0,0,0,0,0,0,0,0,0,0,,0,0,0,0,0,0,2024046145,3,,,02,,E,4,,25,,,FIFTH ST,0,
3010,2024046148,11,02,02102,02102,2024,05,2,,,,3,1,7,2,02,0,2,00,0,0,1,1,1,1,0,0,0,0,0,0,0,0,1,0,,1,0,0,0,0,0,0,0,0,0,0,0,0,0,0,0,3,0,0,0,0,0,0,0,0,40 22:35.511,80 05:51.342,40.376531,-80.097595,,,4,N,,,,Y,0,,,,,,,,,,,,2024046148,0,1,1,0,0,0,0,0,0,0,0,0,1,1,0,0,0,1,0,0,1,0,0,1,0,0,0,0,0,0,0,0,0,0,0,0,0,0,0,0,0,1,1,0,0,0,0,0,0,0,0,0,0,0,0,0,0,0,0,0,0,0,0,0,0,0,0,0,1,0,0,0,0,1,0,1,0,0,0,0,1,1,,0,0,0,0,0,0,2024046148,4,,,02,,E,4,,25,,,STEEN RD,1,
3011,2024046150,11,02,02301,02301,2024,05,2,,,,3,1,5,6,00,0,2,00,0,0,3,3,3,1,0,0,0,0,2,0,0,0,0,0,,0,0,0,0,0,0,0,0,0,0,0,0,0,0,0,0,0,0,0,0,0,1,0,0,0,40 25:37.800,79 59:13.000,40.427167,-79.986944,,,,N,,,,,0,,,,,,,,,,,,2024046150,0,0,1,1,0,0,0,0,0,0,0,0,0,0,0,1,0,0,0,1,0,0,0,0,0,0,0,0,0,0,0,0,0,0,0,0,0,0,0,0,0,0,0,0,0,0,0,0,0,0,0,0,0,0,0,0,0,0,0,0,0,0,0,0,0,0,1,0,1,0,1,0,0,0,0,0,0,0,0,0,1,0,,0,0,0,0,0,0,2024046150,3,,3,02,,S,4,AGG9,25,,,BRADISH ST,0,
3012,2024046151,11,02,02301,02301,2024,05,2,,,,3,1,1,1,02,2,2,00,0,0,2,3,2,1,0,0,0,0,0,1,0,0,1,0,,0,0,0,0,0,0,0,0,0,0,0,0,0,0,0,0,4,0,0,0,0,0,1,0,0,40 25:00.993,80 00:52.416,40.416943,-80.01456,,,,N,,,,,0,,,,,,,,,,,,2024046151,0,1,1,0,0,0,0,0,0,0,1,0,0,0,0,0,0,1,0,0,1,1,0,0,0,0,0,0,0,0,0,0,0,0,0,0,0,0,0,0,0,0,0,0,0,0,0,0,0,0,0,0,0,0,0,0,0,0,0,0,0,0,1,0,0,0,0,1,1,0,0,0,0,1,0,0,0,0,0,0,1,0,,0,0,0,0,0,0,2024046151,5,,,02,,W,4,,25,,,CRANE AV,1,
3013,2024046154,11,02,02419,02419,2024,05,1,,,,4,1,7,2,02,3,2,00,0,0,1,1,1,1,0,0,0,0,0,0,0,0,0,0,,0,0,0,0,0,0,0,0,0,0,0,0,0,0,0,0,0,0,0,0,0,0,0,0,0,40 26:51.995,79 50:57.747,40.447776,-79.849374,,,2,Y,,,,N,0,,,,,,,,,,,,2024046154,0,1,1,0,0,0,0,0,0,0,0,0,1,1,0,1,0,0,0,0,1,0,1,1,0,0,0,0,0,0,1,0,0,0,0,0,0,0,0,0,0,0,0,0,0,0,0,0,0,0,1,0,0,0,0,0,0,0,0,0,0,0,0,1,0,0,0,0,1,0,0,0,0,0,0,0,0,0,0,0,1,0,,0,0,0,0,0,0,2024046154,4,,,02,,E,4,,25,,,FOREST DR,0,
3014,2024046173,11,02,02402,02402,2024,05,1,,,,3,1,5,6,00,0,2,00,,,2,1,2,2,0,0,0,0,0,0,0,0,0,0,,0,0,0,0,0,0,0,0,0,0,0,0,0,0,0,0,0,0,0,0,0,0,0,0,0,40 30:16.492,80 03:41.544,40.504581,-80.06154,,,,N,,,,,0,,,,,,,,,,,,2024046173,0,1,0,0,0,0,0,0,0,0,0,0,0,0,0,1,0,0,0,1,0,0,0,0,0,0,0,0,0,0,0,0,0,0,0,0,0,0,0,0,0,0,0,0,0,0,0,0,0,0,0,0,0,0,0,0,0,0,0,0,0,0,1,0,0,0,0,0,1,0,1,0,0,0,0,0,0,0,0,0,0,0,,0,0,0,0,0,0,2024046173,3,,3,02,,W,2,4012,30,,1789,UNION AV,0,
3015,2024046190,11,02,02214,02214,2024,05,1,,,,7,9,0,1,00,0,2,00,0,0,1,1,1,1,0,0,0,0,0,0,0,0,1,1,,0,0,0,0,0,0,0,0,0,0,0,0,0,0,0,0,2,0,0,0,0,0,0,0,0,40 26:37.757,80 10:56.896,40.443821,-80.182471,,,6,N,,,,N,0,,,,,,,,,,,,2024046190,0,1,0,0,0,1,0,0,0,0,0,0,0,1,0,0,1,1,0,1,0,0,0,0,0,0,0,0,0,0,0,0,0,0,0,0,0,0,0,0,0,0,0,0,0,0,0,0,0,0,0,0,0,0,0,0,0,0,0,0,0,0,0,0,0,0,0,0,1,0,0,0,0,1,0,0,0,0,0,0,0,0,,1,0,0,0,0,0,2024046190,3,,3,02,,E,2,3066,35,,420,STEUBENVILLE PK,1,
3016,2024046216,11,02,02116,02116,2024,05,7,,,,7,9,1,1,01,0,2,00,0,0,3,3,3,0,0,0,0,0,3,0,0,0,0,0,,0,0,0,0,0,0,0,0,0,0,0,0,0,0,0,0,0,2,0,0,0,0,1,0,0,40 31:45.595,79 59:39.455,40.529332,-79.994293,,,,N,,,,,0,,,,,,,,,,,,2024046216,0,1,1,0,0,1,0,0,0,0,1,0,0,0,0,1,0,0,0,0,1,0,0,1,0,0,0,0,0,0,0,0,0,0,0,0,0,0,0,0,0,0,0,0,0,0,0,0,0,0,0,0,0,1,1,0,1,0,0,0,0,0,0,0,0,0,0,1,1,0,0,0,0,0,0,0,0,0,0,0,0,0,,0,0,0,0,0,0,2024046216,4,,,02,,S,4,,25,,,GOLDSMITH RD,0,
3017,2024046218,11,02,02440,02440,2024,05,5,,,,3,1,1,1,00,0,2,00,0,0,2,2,2,0,0,0,0,1,0,0,0,0,1,0,,0,1,0,0,0,0,0,0,0,0,0,0,0,0,0,1,8,0,0,0,0,0,0,0,0,40 18:26.211,79 58:11.098,40.307281,-79.969749,,,,N,,,,,0,,,,,,,,,,,,2024046218,0,0,1,1,0,0,0,0,0,0,1,0,0,0,0,0,0,1,0,1,0,0,0,0,0,0,0,0,0,0,0,0,0,0,0,0,0,1,0,0,0,0,0,0,0,0,0,0,0,0,0,0,0,0,0,0,0,0,0,0,0,0,0,1,0,0,0,0,0,0,1,0,0,1,1,0,0,0,0,0,0,0,,0,0,0,0,0,0,2024046218,3,,,02,,W,7,,25,,,ARNONI DR,1,
3018,2024046223,11,02,02116,02116,2024,05,7,,,,7,9,4,1,00,0,2,07,0,0,2,2,2,2,0,0,0,0,0,0,0,0,0,0,,0,0,0,0,0,0,0,0,0,0,0,0,0,0,0,0,0,0,0,0,0,0,0,0,0,40 33:06.524,80 01:22.255,40.551812,-80.022849,,,,N,,,,,0,,,,,,,,,,,,2024046223,0,0,1,1,0,1,0,0,0,0,0,0,0,0,0,1,0,0,0,1,0,0,0,0,0,0,0,0,0,0,0,0,0,0,0,0,0,0,0,0,0,0,0,0,0,0,0,0,0,0,0,0,0,0,1,0,0,0,0,0,0,0,0,0,0,0,0,0,1,0,0,0,0,0,0,0,0,0,0,0,0,0,,0,0,0,0,0,0,2024046223,3,,,02,,N,7,,15,,,NORTHWAY DR,0,
3019,2024046234,11,02,02113,02113,2024,05,2,,,,3,1,8,1,02,0,2,00,0,0,2,2,1,0,0,0,0,0,1,0,0,0,1,0,,1,0,0,0,0,0,0,0,0,0,0,0,1,0,0,0,3,0,0,0,0,0,0,0,0,40 28:09.655,79 51:59.396,40.469349,-79.866499,,,,N,,,,,0,,,,,,,,,,,,2024046234,0,0,1,1,0,0,0,0,0,0,0,0,0,0,0,0,0,1,0,0,1,0,0,1,0,0,0,0,0,0,1,0,0,0,0,0,0,0,0,0,0,0,0,0,0,0,0,0,0,0,0,0,0,0,0,0,0,0,0,0,0,1,0,0,0,0,0,0,0,0,0,0,0,1,0,0,0,0,0,0,0,1,,0,0,0,0,0,0,2024046234,3,,3,02,,S,4,ACPE,25,,,GROVE RD,1,
3020,2024046237,11,02,02119,02119,2024,05,2,,,,4,98,7,5,00,0,2,03,0,0,1,1,1,0,0,0,0,0,1,0,0,0,0,0,,0,0,0,0,0,0,0,0,0,0,0,0,0,0,0,0,0,0,0,0,0,0,0,0,0,40 20:16.100,80 10:23.900,40.337806,-80.173306,,,5,N,,,,N,0,,,,,,,,,,,,2024046237,0,0,1,1,0,0,0,0,0,0,0,0,1,1,0,1,0,0,0,1,0,0,0,0,0,0,0,1,0,0,0,0,0,0,0,0,0,0,0,0,0,0,0,0,0,0,0,0,0,0,0,0,0,0,0,0,0,0,0,0,0,0,1,1,0,0,0,0,1,0,0,0,0,0,0,0,0,0,0,0,1,0,,0,0,0,0,0,0,2024046237,3,,3,02,,S,4,ADZ4,35,,,PARKS RD,0,
3021,2024046341,11,02,02407,02407,2024,05,7,,,,3,1,4,1,02,2,2,00,0,0,2,5,2,2,0,0,0,0,0,0,0,0,0,0,,0,0,0,0,0,0,0,0,0,0,0,0,0,0,0,0,0,0,0,0,2,0,0,0,0,40 20:56.783,80 02:59.866,40.349106,-80.049963,,,,N,,,,,0,,,,,,,,,,,,2024046341,0,0,1,1,0,0,0,0,0,0,0,0,0,0,0,1,0,0,0,0,1,1,0,0,0,0,0,0,0,0,0,0,0,0,0,0,0,0,0,0,0,0,0,0,0,0,0,0,0,0,0,0,0,0,1,0,0,0,0,0,0,0,1,0,0,1,0,0,1,0,0,0,0,0,0,0,0,0,0,0,0,0,,0,0,0,0,0,0,2024046341,3,,3,02,,W,4,AJMN,25,,,HIGHLAND RD,0,
3022,2024046344,11,02,02214,02214,2024,05,2,,,,4,1,7,2,00,0,2,00,0,0,1,1,1,0,0,0,0,0,1,0,0,0,1,0,,1,0,0,0,0,0,0,0,0,0,0,0,0,0,0,0,3,0,0,0,0,0,1,0,0,40 26:14.321,80 15:11.417,40.437311,-80.253171,,,,Y,,,,,0,,,,,,,,,,,,2024046344,0,0,1,1,0,0,0,0,0,0,0,0,1,1,0,0,0,1,0,1,0,0,0,0,0,0,0,0,0,0,0,1,0,0,0,0,0,0,0,0,0,1,1,0,0,0,0,0,0,0,1,0,0,1,1,0,0,0,0,0,0,0,0,1,0,0,0,1,1,0,0,0,0,1,0,1,0,0,0,0,0,1,,0,0,0,0,0,0,2024046344,3,,3,02,,S,4,AFIH,35,,,KENNEDY RD,1,
3023,2024046349,11,02,02216,02505,2024,05,5,,,,3,1,7,4,00,0,2,00,0,0,1,1,1,0,0,0,0,0,1,0,0,0,1,0,,1,0,0,1,0,0,0,0,0,0,0,0,0,0,0,0,3,0,0,0,0,0,1,0,0,40 37:45.342,80 01:00.365,40.629262,-80.016768,,,6,N,,,,Y,0,,,,,,,,,,,,2024046349,0,1,0,0,0,0,0,0,0,0,0,0,1,1,0,0,0,1,0,1,0,0,0,0,0,0,0,1,0,0,1,0,0,0,0,0,0,0,0,0,0,0,0,0,0,0,0,0,0,0,1,0,0,0,0,0,0,0,0,0,1,0,0,1,0,0,0,1,1,0,0,0,0,1,0,0,0,0,0,0,0,1,,0,0,0,0,0,0,2024046349,3,,3,02,,W,2,0910,35,,3305,WEXFORD RD,1,
3024,2024046354,11,02,02473,02473,2024,05,1,,,,3,1,4,4,00,0,2,00,0,0,3,2,3,2,0,0,0,0,1,0,0,0,2,0,,2,0,0,0,0,0,0,0,0,0,0,0,0,0,0,0,3,0,0,0,0,0,0,0,0,40 23:22.521,79 52:05.970,40.389589,-79.868325,,,2,N,,,,N,0,,,,,,,,,,,,2024046354,0,1,0,0,0,0,0,0,0,0,0,0,0,1,0,0,0,1,0,1,0,0,0,0,0,0,0,0,0,1,0,0,0,0,0,0,0,0,0,0,0,0,0,0,0,0,0,0,0,0,0,0,1,1,1,0,0,0,0,0,0,0,0,1,0,0,0,0,1,0,1,0,0,1,0,0,0,0,0,0,1,1,,0,0,0,0,0,0,2024046354,3,,3,02,,S,2,0837,40,,195,KENNYWOOD BL,2,
3025,2024046361,11,02,02304,02304,2024,05,2,,,,,1,4,1,00,0,2,07,0,0,2,2,2,0,0,0,0,0,2,0,0,0,0,0,,0,0,0,0,0,0,0,0,0,0,0,0,0,0,0,0,0,0,0,0,0,0,1,0,0,40 20:47.800,79 52:51.200,40.346611,-79.880889,,,,N,,,,,0,,,,,,,,,,,,2024046361,0,0,1,1,0,0,0,0,0,0,0,0,0,0,0,1,0,0,0,1,0,0,0,0,0,0,0,0,0,0,0,0,0,0,0,0,0,0,0,0,0,0,0,0,0,0,0,0,0,0,0,0,0,0,1,0,0,0,0,0,0,0,0,0,0,0,0,1,1,0,0,0,0,0,0,0,0,0,0,0,0,0,,0,0,0,0,0,0,2024046361,3,,,02,,S,4,,25,,,5TH AV,0,
3026,2024046424,11,02,02217,02505,2024,05,2,,,,3,1,4,1,01,2,2,00,0,0,3,5,3,2,0,0,0,0,1,0,0,0,2,0,,2,0,0,0,0,0,0,0,0,0,0,0,0,0,0,0,3,0,1,0,0,0,0,0,0,40 38:32.104,79 56:18.272,40.642251,-79.938409,,,3,N,,,,N,0,,,,,,,,,,,,2024046424,0,1,1,0,0,0,0,0,0,0,0,0,0,0,0,0,0,1,0,0,1,1,0,0,0,0,0,0,0,0,0,0,0,0,0,0,0,0,1,0,0,0,0,0,0,0,0,0,0,0,0,0,0,0,0,0,0,1,0,0,0,0,0,0,0,0,0,0,1,0,0,0,0,1,0,0,0,0,0,0,0,1,,0,0,0,0,0,0,2024046424,5,,,02,,E,4,,25,,,GRANDVIEW DR,2,
3027,2024046430,11,02,02204,02105,2024,05,3,,,,3,1,98,1,00,0,1,00,0,0,1,3,1,1,0,0,0,0,0,0,0,0,0,0,,0,0,0,0,0,0,0,0,0,0,0,0,0,0,0,0,0,0,0,0,0,0,0,0,0,40 12:59.895,79 50:34.323,40.216638,-79.842868,,,,N,,,,,0,,,,,,,,,,,,2024046430,0,1,0,0,0,0,0,0,1,0,0,0,0,0,0,1,0,0,0,1,0,0,0,0,0,0,1,0,0,0,0,0,0,0,0,0,0,0,0,0,0,0,0,0,0,0,0,0,0,0,0,0,0,0,0,0,0,0,0,0,0,0,0,1,0,0,0,0,1,0,0,0,0,0,0,0,1,0,0,0,1,0,,0,0,0,0,0,0,2024046430,3,,2,02,,N,2,0051,50,,2040,HAYDEN BL,0,
3028,2024046445,11,02,02115,68B03,2024,03,3,,,,3,9,7,3,00,0,2,00,0,0,1,3,1,1,0,0,0,0,0,0,0,0,1,0,,1,0,0,0,0,0,0,0,0,0,0,0,0,0,0,0,3,0,0,0,0,0,0,0,0,40 25:39.700,80 06:21.548,40.427694,-80.105986,,,1,N,,,,N,0,,,,,,,,,,,,2024046445,1,1,0,0,0,1,0,0,0,0,0,0,1,1,0,0,0,1,0,1,0,0,0,0,0,0,0,0,0,0,0,0,1,0,0,0,0,0,1,0,0,0,0,0,0,0,0,0,0,0,0,0,0,0,0,0,0,0,0,0,0,0,0,1,0,0,0,0,1,0,0,0,0,1,0,0,0,0,0,0,1,1,,0,0,1,0,0,0,2024046445,3,,1,02,2,N,1,0079,55,,2442,RAYMOND P SHAFER HW,1,
3029,2024046446,11,02,02102,68B03,2024,03,4,,,,7,9,7,3,00,0,2,00,0,0,1,1,1,0,0,0,0,0,1,0,0,0,0,0,,0,0,0,0,0,0,0,0,0,0,0,0,0,0,0,0,0,0,0,0,0,0,1,0,0,40 22:29.335,80 06:09.801,40.374815,-80.102723,,,,Y,,,,,0,,,,,,,,,,,,2024046446,1,1,0,0,0,1,0,0,0,0,0,0,1,1,0,1,0,0,0,1,0,0,0,0,0,0,0,0,0,0,0,0,1,0,0,0,0,0,0,0,0,0,0,0,0,0,0,0,0,0,0,0,0,0,0,0,0,0,0,0,0,0,0,1,0,0,0,1,1,0,0,0,0,0,0,0,0,0,0,0,0,0,,0,0,1,0,0,0,2024046446,3,,1,02,,N,1,0079,55,,2554,RAYMOND P SHAFER HW,0,
3030,2024046475,11,02,02118,02118,2024,05,3,,,,3,1,1,1,06,0,2,02,0,0,2,2,2,0,0,0,0,0,2,0,0,0,0,0,,0,0,0,0,0,0,0,0,0,0,0,0,0,0,0,0,0,0,0,0,0,0,0,1,0,40 28:42.966,79 58:02.090,40.478602,-79.967247,,,,N,,,,,0,,,,,,,,,,,,2024046475,0,1,0,0,0,0,0,0,0,0,1,0,0,0,0,1,0,0,0,0,1,0,0,1,0,0,0,0,0,0,0,0,0,0,0,0,0,0,0,0,0,0,0,0,0,0,0,0,1,0,0,0,0,0,1,0,0,0,1,0,0,0,0,0,0,0,0,0,1,0,0,0,0,0,0,0,0,0,0,0,0,0,,0,0,0,0,0,0,2024046475,3,,1,02,,N,2,0028,45,,1195,EAST OHIO ST,0,
3031,2024046482,11,02,02446,02446,2024,05,4,,,,3,1,8,1,00,0,2,07,0,0,2,2,1,0,0,0,0,0,1,0,0,0,1,0,,0,1,0,0,0,0,0,0,0,0,0,0,1,0,0,0,8,0,0,0,0,0,0,0,0,40 25:51.200,79 47:12.890,40.430889,-79.786914,,,,N,,,,,0,,,,,,,,,,,,2024046482,0,0,1,1,0,0,0,0,0,0,0,0,0,0,0,0,0,1,0,1,0,0,0,0,0,0,0,0,0,0,0,0,0,0,0,0,0,0,0,0,0,0,0,0,0,0,0,0,0,0,0,0,0,0,0,0,0,0,0,0,0,1,0,0,0,0,0,0,0,0,0,0,0,1,0,0,0,0,0,0,0,0,,0,0,0,0,0,0,2024046482,3,,,02,,N,4,,35,,,OXFORD DR,1,
3032,2024046499,11,02,02214,62422,2024,05,4,,,,3,1,4,1,02,3,2,00,0,0,2,2,2,0,0,0,0,1,1,0,0,0,0,0,,0,0,0,0,0,0,0,0,0,0,0,0,0,0,0,1,0,0,0,0,0,0,0,0,0,40 22:21.637,80 13:33.331,40.372677,-80.225925,,,,N,,,,,0,,,,,,,,,,,,2024046499,0,1,0,0,0,0,0,0,0,0,0,0,0,0,0,1,0,0,0,0,1,0,1,1,0,0,0,0,0,0,0,0,0,0,0,0,0,1,0,0,0,0,0,0,0,0,1,0,0,0,0,0,0,0,1,0,0,0,0,0,0,0,0,0,0,0,0,0,1,0,0,0,0,0,1,0,0,0,0,0,0,0,,0,0,0,0,0,0,2024046499,3,,3,02,,W,2,3024,30,,0,LAURELHILL RD,0,
3033,2024046546,11,02,02108,02108,2024,05,3,,,,3,1,4,1,00,2,2,07,0,0,2,3,2,1,0,0,0,0,1,0,0,0,0,0,,0,0,0,0,0,0,0,0,0,0,0,0,0,0,0,0,0,0,0,0,1,0,0,1,0,40 36:17.175,80 03:02.623,40.604771,-80.050729,,,,N,,,,,0,,,,,,,,,,,,2024046546,0,1,0,0,0,0,0,0,0,0,0,0,0,0,0,1,0,0,0,1,0,0,0,0,0,0,0,0,0,0,0,0,0,0,0,0,0,0,0,0,0,0,0,0,0,0,0,0,0,0,0,0,0,0,1,0,0,0,1,0,0,0,0,0,0,1,0,0,1,0,0,0,0,0,0,0,0,0,0,0,0,0,,0,1,0,0,0,0,2024046546,3,,3,02,,N,2,0019,40,,2566,PERRY HW,0,
3034,2024046554,11,02,02446,02446,2024,05,6,,,,3,9,5,1,00,0,2,00,0,0,3,3,3,1,0,0,1,0,1,0,0,0,1,0,,1,0,0,0,0,0,0,0,0,0,0,0,0,0,0,0,3,0,0,0,0,0,0,0,0,40 25:48.608,79 42:34.563,40.430169,-79.709601,,,3,N,,,,N,1,8,8,99,0,,,0,,,,,2024046554,0,1,0,0,0,1,0,0,0,0,0,0,0,0,1,0,0,1,0,1,0,0,0,0,0,0,0,0,0,0,0,0,0,0,0,0,0,0,0,0,0,0,0,0,0,0,0,0,0,0,0,0,0,0,1,0,0,0,0,0,0,0,0,1,0,0,0,0,1,0,0,0,0,1,0,0,0,0,0,0,0,1,,0,0,0,0,0,0,2024046554,3,,3,02,,W,2,0022,50,,369,NEW WM PENN HW,1,
3035,2024046555,11,02,02407,02407,2024,05,6,,,,3,9,1,1,00,0,2,00,0,0,3,4,3,0,0,0,1,0,2,0,0,0,0,0,,0,0,0,1,0,0,0,0,0,0,0,0,0,0,0,0,0,0,0,0,0,0,0,0,0,40 17:58.412,80 01:47.767,40.299559,-80.029935,,,,N,,,,,0,,,,,,,,,,,,2024046555,0,1,0,0,0,1,0,0,0,0,1,0,0,0,0,1,0,0,0,1,0,0,0,0,0,0,0,0,0,0,0,0,0,0,0,0,0,0,0,0,0,0,0,0,0,0,0,0,1,0,0,0,0,0,1,0,0,0,0,0,1,0,0,0,0,0,0,0,1,0,0,0,0,0,0,0,0,0,0,0,0,0,,0,0,0,0,0,0,2024046555,3,,3,02,,S,2,0088,35,,2848,LIBRARY RD,0,
3036,2024046562,11,02,02116,02116,2024,05,7,,,,3,1,4,1,00,0,2,07,0,0,2,3,2,2,0,0,0,0,0,0,0,0,0,0,,0,0,0,0,0,0,0,0,0,0,0,0,0,0,0,0,0,0,0,1,0,0,0,0,1,40 33:10.300,80 01:21.200,40.552861,-80.022556,,,,N,,,,,0,,,,,,,,,,,,2024046562,0,0,1,1,0,0,0,0,0,0,0,0,0,0,0,1,0,0,0,1,0,0,0,0,0,0,0,0,0,0,0,0,0,0,0,0,0,0,0,0,0,0,0,0,0,0,0,0,0,0,0,0,0,0,1,0,0,0,0,1,0,0,0,0,1,0,0,0,1,0,0,0,0,0,0,0,0,0,0,0,0,0,,0,1,0,0,0,0,2024046562,3,,,02,,W,4,,35,,,BABCOCK BL,0,