_id,CRASH_CRN,DISTRICT,CRASH_COUNTY,MUNICIPALITY,POLICE_AGCY,CRASH_YEAR,CRASH_MONTH,DAY_OF_WEEK,TIME_OF_DAY,HOUR_OF_DAY,ILLUMINATION,WEATHER,ROAD_CONDITION,COLLISION_TYPE,RELATION_TO_ROAD,INTERSECT_TYPE,TCD_TYPE,URBAN_RURAL,LOCATION_TYPE,SCH_BUS_IND,SCH_ZONE_IND,TOTAL_UNITS,PERSON_COUNT,VEHICLE_COUNT,AUTOMOBILE_COUNT,MOTORCYCLE_COUNT,BUS_COUNT,SMALL_TRUCK_COUNT,HEAVY_TRUCK_COUNT,SUV_COUNT,VAN_COUNT,BICYCLE_COUNT,FATAL_COUNT,INJURY_COUNT,MAJ_INJ_COUNT,MOD_INJ_COUNT,MIN_INJ_COUNT,UNK_INJ_DEG_COUNT,UNK_INJ_PER_COUNT,UNBELTED_OCC_COUNT,UNB_DEATH_COUNT,UNB_MAJ_INJ_COUNT,BELTED_DEATH_COUNT,BELTED_MAJ_INJ_COUNT,MCYCLE_DEATH_COUNT,MCYCLE_MAJ_INJ_COUNT,BICYCLE_DEATH_COUNT,BICYCLE_MAJ_INJ_COUNT,PED_COUNT,PED_DEATH_COUNT,PED_MAJ_INJ_COUNT,COMM_VEH_COUNT,MAX_SEVERITY_LEVEL,DRIVER_COUNT_16YR,DRIVER_COUNT_17YR,DRIVER_COUNT_18YR,DRIVER_COUNT_19YR,DRIVER_COUNT_20YR,DRIVER_COUNT_50_64YR,DRIVER_COUNT_65_74YR,DRIVER_COUNT_75PLUS,LATITUDE,LONGITUDE,DEC_LAT,DEC_LONG,EST_HRS_CLOSED,LANE_CLOSED,LN_CLOSE_DIR,NTFY_HIWY_MAINT,RDWY_SURF_TYPE_CD,SPEC_JURIS_CD,TCD_FUNC_CD,TFC_DETOUR_IND,WORK_ZONE_IND,WORK_ZONE_TYPE,WORK_ZONE_LOC,CONS_ZONE_SPD_LIM,WORKERS_PRES,WZ_CLOSE_DETOUR,WZ_FLAGGER,WZ_LAW_OFFCR_IND,WZ_LN_CLOSURE,WZ_MOVING,WZ_OTHER,WZ_SHLDER_MDN,FLAG_CRN,INTERSTATE,STATE_ROAD,LOCAL_ROAD,LOCAL_ROAD_ONLY,TURNPIKE,WET_ROAD,SNOW_SLUSH_ROAD,ICY_ROAD,SUDDEN_DEER,SHLDR_RELATED,REAR_END,HO_OPPDIR_SDSWP,HIT_FIXED_OBJECT,SV_RUN_OFF_RD,WORK_ZONE,PROPERTY_DAMAGE_ONLY,FATAL_OR_MAJ_INJ,INJURY,FATAL,NON_INTERSECTION,INTERSECTION,SIGNALIZED_INT,STOP_CONTROLLED_INT,UNSIGNALIZED_INT,SCHOOL_BUS,SCHOOL_ZONE,HIT_DEER,HIT_TREE_SHRUB,HIT_EMBANKMENT,HIT_POLE,HIT_GDRAIL,HIT_GDRAIL_END,HIT_BARRIER,HIT_BRIDGE,OVERTURNED,MOTORCYCLE,BICYCLE,HVY_TRUCK_RELATED,VEHICLE_FAILURE,TRAIN_TROLLEY,PHANTOM_VEHICLE,ALCOHOL_RELATED,DRINKING_DRIVER,UNDERAGE_DRNK_DRV,UNLICENSED,CELL_PHONE,NO_CLEARANCE,RUNNING_RED_LT,TAILGATING,CROSS_MEDIAN,CURVE_DVR_ERROR,LIMIT_65MPH,SPEEDING,SPEEDING_RELATED,AGGRESSIVE_DRIVING,FATIGUE_ASLEEP,DRIVER_16YR,DRIVER_17YR,DRIVER_65_74YR,DRIVER_75PLUS,UNBELTED,PEDESTRIAN,DISTRACTED,CURVED_ROAD,DRIVER_18YR,DRIVER_19YR,DRIVER_20YR,DRIVER_50_64YR,VEHICLE_TOWED,FIRE_IN_VEHICLE,HIT_PARKED_VEHICLE,MC_DRINKING_DRIVER,DRUGGED_DRIVER,INJURY_OR_FATAL,COMM_VEHICLE,IMPAIRED_DRIVER,DEER_RELATED,DRUG_RELATED,HAZARDOUS_TRUCK,ILLEGAL_DRUG_RELATED,ILLUMINATION_DARK,MINOR_INJURY,MODERATE_INJURY,MAJOR_INJURY,NHTSA_AGG_DRIVING,PSP_REPORTED,RUNNING_STOP_SIGN,TRAIN,TROLLEY,ROADWAY_CRN,RDWY_SEQ_NUM,ADJ_RDWY_SEQ,ACCESS_CTRL,ROADWAY_COUNTY,LANE_COUNT,RDWY_ORIENT,ROAD_OWNER,ROUTE,SPEED_LIMIT,SEGMENT,OFFSET,STREET_NAME,TOT_INJ_COUNT,SCHOOL_BUS_UNIT
3833,2024057484,11,02,02416,02109,2024,06,5,,,,3,1,4,1,01,2,2,00,0,0,2,3,2,2,0,0,0,0,0,0,0,0,2,0,,2,0,0,0,0,0,0,0,0,0,0,0,0,0,0,0,3,0,0,0,1,1,0,0,0,40 21:17.639,80 02:11.144,40.3549,-80.036429,,,,N,,,,,0,,,,,,,,,,,,2024057484,0,1,1,0,0,0,0,0,0,0,0,0,0,0,0,0,0,1,0,0,1,1,0,0,0,0,0,0,0,0,0,0,0,0,0,0,0,0,0,0,0,0,0,0,0,0,0,1,0,0,0,0,0,0,1,0,0,0,0,0,0,0,0,0,0,1,1,0,1,0,0,0,0,1,0,0,0,0,0,0,0,1,,0,1,0,0,0,0,2024057484,5,,,02,,N,4,,35,,,GREENRIDGE RD,2,
3834,2024057533,11,02,02301,02301,2024,06,2,,,,3,1,1,1,01,2,2,00,0,0,2,2,2,0,0,0,1,0,1,0,0,0,0,0,,0,0,0,0,0,0,0,0,0,0,0,0,0,0,0,0,0,0,0,0,0,0,0,0,0,40 27:15.008,79 55:31.195,40.454169,-79.925332,,,,N,,,,,0,,,,,,,,,,,,2024057533,0,0,1,1,0,0,0,0,0,0,1,0,0,0,0,1,0,0,0,0,1,1,0,0,0,0,0,0,0,0,0,0,0,0,0,0,0,0,0,0,0,0,0,0,0,0,0,0,0,0,0,0,0,0,0,0,0,0,0,0,0,0,1,0,0,0,0,0,1,0,0,0,0,0,0,0,0,0,0,0,0,0,,0,0,0,0,0,0,2024057533,4,,,02,,S,4,,25,,,HIGHLAND AV,0,
3835,2024057578,11,02,02440,02440,2024,07,2,,,,3,1,1,1,01,2,2,00,0,0,3,6,3,1,0,0,0,0,1,1,0,0,1,0,,1,0,0,0,0,0,0,0,0,0,0,0,0,0,0,0,3,0,0,0,0,1,0,0,0,40 18:47.590,79 56:19.053,40.313219,-79.938626,,,6,N,,,,Y,0,,,,,,,,,,,,2024057578,0,1,1,0,0,0,0,0,0,0,1,0,0,0,0,0,0,1,0,0,1,1,0,0,0,0,0,0,0,0,0,0,0,0,0,0,0,0,0,0,0,0,0,0,0,0,0,0,1,0,0,0,0,0,1,0,0,0,0,0,0,0,0,0,0,0,1,0,1,0,0,0,0,1,0,0,0,0,0,0,0,1,,0,0,0,0,0,0,2024057578,5,,,02,,E,4,,35,,,COAL VALLEY RD,1,
3836,2024057580,11,02,02426,68B03,2024,03,2,,,,3,1,1,1,00,0,2,00,0,0,2,1,2,1,0,0,1,0,0,0,0,0,0,0,,0,0,0,0,0,0,0,0,0,0,0,0,0,0,0,0,0,0,0,0,0,0,0,0,0,40 25:47.720,79 52:29.027,40.429922,-79.87473,,,,N,,,,,0,,,,,,,,,,,,2024057580,1,1,0,0,0,0,0,0,0,0,1,0,0,0,0,1,0,0,0,1,0,0,0,0,0,0,0,0,0,0,0,0,0,0,0,0,0,0,0,0,0,0,0,0,0,0,0,0,1,0,0,0,0,0,1,0,0,0,0,0,0,0,0,0,0,0,0,0,1,0,0,0,0,0,0,0,0,0,0,0,0,0,,0,0,1,0,0,0,2024057580,3,,1,02,,W,1,0376,55,,202,PENN LINCOLN PY,0,
3837,2024057598,11,02,02301,68B02,2024,06,3,,,,3,1,1,1,00,0,2,00,0,0,2,3,2,0,0,0,2,0,0,0,0,0,1,0,,1,0,0,0,0,0,0,0,0,0,0,0,0,0,0,0,3,0,0,0,0,0,0,0,0,40 25:44.392,80 01:44.743,40.428998,-80.029095,,,,N,,,,,0,,,,,,,,,,,,2024057598,1,1,0,0,0,0,0,0,0,0,1,0,0,0,0,0,0,1,0,1,0,0,0,0,0,0,0,0,0,0,0,0,0,0,0,0,0,0,0,0,0,0,0,0,0,0,0,0,1,0,0,0,0,0,1,0,0,0,0,0,0,0,0,0,0,0,0,0,0,0,0,0,0,1,0,0,0,0,0,0,0,1,,0,0,1,0,0,0,2024057598,3,,1,02,,E,2,0376,55,,1044,PENN LINCOLN PY,1,
3838,2024057601,11,02,02301,68B02,2024,06,4,,,,3,1,1,1,06,0,2,00,0,0,2,2,2,0,0,0,0,0,2,0,0,0,0,0,,0,0,0,0,0,0,0,0,0,0,0,0,0,0,0,0,0,0,0,0,0,0,0,0,0,40 26:02.693,79 59:44.538,40.434081,-79.995705,,,,N,,,,,0,,,,,,,,,,,,2024057601,1,1,0,0,0,0,0,0,0,0,1,0,0,0,0,1,0,0,0,0,1,0,0,1,0,0,0,0,0,0,0,0,0,0,0,0,0,0,0,0,0,0,0,0,0,0,0,0,1,0,0,0,0,1,1,0,0,0,0,0,0,0,0,0,0,0,0,0,1,0,0,0,0,0,0,0,0,0,0,0,1,0,,0,0,1,0,0,0,2024057601,3,,1,02,,E,1,0376,55,,1522,PENN LINCOLN PY,0,
3839,2024057619,11,02,02116,02116,2024,07,2,,,,3,1,0,1,00,0,2,00,0,0,2,4,2,0,1,0,0,0,1,0,0,0,1,0,,1,0,0,1,0,0,0,0,0,0,0,0,0,0,0,0,3,0,0,0,0,0,0,0,0,40 30:24.700,80 02:54.700,40.506861,-80.048528,,,4,N,,,,N,0,,,,,,,,,,,,2024057619,0,0,1,1,0,0,0,0,0,0,0,0,0,1,0,0,0,1,0,1,0,0,0,0,0,0,0,0,0,0,0,0,0,0,0,1,0,0,0,0,0,0,0,0,0,0,0,0,0,0,0,0,0,0,0,0,0,0,0,0,1,0,0,1,0,0,0,0,0,0,0,0,0,1,0,0,0,0,0,0,0,1,,0,0,0,0,0,0,2024057619,3,,,02,,E,4,,25,,,BELLEVUE RD,1,
3840,2024057655,11,02,02108,02108,2024,07,3,,,,3,1,1,1,00,0,2,00,0,0,4,5,4,1,0,0,0,0,2,1,0,0,1,0,,0,1,0,0,0,0,0,0,0,0,0,0,0,0,0,0,8,0,0,0,0,0,3,0,1,40 34:19.095,80 01:03.031,40.571971,-80.017509,,,6,N,,,,N,0,,,,,,,,,,,,2024057655,0,1,0,0,0,0,0,0,0,0,1,0,0,0,0,0,0,1,0,1,0,0,0,0,0,0,0,0,0,0,0,0,0,0,0,0,0,0,0,0,0,0,0,0,0,0,0,0,1,0,0,0,0,0,1,0,0,0,0,1,0,0,0,0,0,0,0,1,1,0,0,0,0,1,0,0,0,0,0,0,0,0,,0,0,0,0,0,0,2024057655,3,,3,02,,W,2,4024,35,,3200,CUMBERLAND RD,1,
3841,2024057658,11,02,02477,02477,2024,07,2,,,,3,1,8,1,02,0,2,00,0,0,2,3,1,1,0,0,0,0,0,0,0,0,2,0,,0,2,0,0,0,0,0,0,0,0,0,0,2,0,0,0,8,0,0,0,0,0,1,0,0,40 20:51.995,79 49:04.408,40.347776,-79.817891,,,6,N,,,,Y,0,,,,,,,,,,,,2024057658,0,0,1,1,0,0,0,0,0,0,0,0,0,0,0,0,0,1,0,0,1,0,0,1,0,0,0,0,0,0,0,0,0,0,0,0,0,0,0,0,0,0,0,0,0,0,0,0,0,0,0,0,0,0,0,0,0,0,0,0,0,1,0,0,0,0,0,1,0,0,0,0,0,1,0,0,0,0,0,0,0,0,,0,0,0,0,0,0,2024057658,3,,,02,,W,4,,25,,,MYERS LN,2,
3842,2024057659,11,02,02451,02451,2024,06,6,,,,3,1,4,1,01,8,2,00,0,0,3,4,3,1,0,0,0,0,2,0,0,0,0,0,,0,0,0,0,0,0,0,0,0,0,0,0,0,0,0,0,0,0,0,0,0,0,1,1,0,40 31:33.650,79 50:33.755,40.526014,-79.84271,,,,N,,,,,0,,,,,,,,,,,,2024057659,0,1,1,0,0,0,0,0,0,0,0,0,0,0,0,1,0,0,0,0,1,0,0,1,0,0,0,0,0,0,0,0,0,0,0,0,0,0,0,0,0,0,0,0,0,0,0,0,0,0,0,0,0,0,1,0,0,0,1,0,0,0,0,0,0,0,0,1,1,0,0,0,0,0,0,0,0,0,0,0,0,0,,0,0,0,0,0,0,2024057659,4,,,02,,S,4,,25,,,THIRD ST,0,
3843,2024057668,11,02,02301,02301,2024,06,2,,,,3,1,7,6,00,0,2,00,0,0,3,1,3,1,0,0,0,0,2,0,0,0,0,0,,0,0,0,0,0,0,0,0,0,0,0,0,0,0,0,0,0,0,0,0,0,0,0,0,0,40 25:27.600,79 55:41.800,40.424333,-79.928278,,,6,N,,,,N,0,,,,,,,,,,,,2024057668,0,0,1,1,0,0,0,0,0,0,0,0,1,1,0,1,0,0,0,1,0,0,0,0,0,0,0,0,0,0,0,0,0,0,0,0,0,0,0,0,0,0,0,0,0,1,0,0,0,0,0,0,0,0,0,0,0,0,0,0,0,0,1,0,0,0,0,0,1,0,1,0,0,0,0,0,0,0,0,0,0,0,,0,0,0,0,0,0,2024057668,3,,3,02,,N,4,AHQ2,25,,,MURRAY AV,0,
3844,2024057671,11,02,02220,02220,2024,07,3,,,,3,1,7,4,00,3,1,00,,,1,1,1,0,0,0,1,0,0,0,0,0,1,0,,1,0,0,0,0,0,0,0,0,0,0,0,0,0,0,0,3,0,0,0,1,0,0,0,0,40 37:07.485,79 54:28.546,40.618746,-79.907929,,,4,Y,,,,N,0,,,,,,,,,,,,2024057671,0,1,0,0,0,0,0,0,0,0,0,0,1,1,0,0,0,1,0,1,0,0,0,0,0,0,0,0,0,0,0,0,0,0,0,0,0,0,0,0,0,0,0,0,0,0,0,0,0,0,0,0,0,0,0,0,0,0,0,0,0,0,1,0,0,1,0,0,0,0,0,0,0,1,0,0,0,0,0,0,0,1,,0,0,0,0,0,0,2024057671,3,,3,02,,W,2,0910,45,,30,GIBSONIA RD,1,
3845,2024057678,11,02,02109,02109,2024,07,2,,,,3,1,1,1,02,0,2,00,0,0,2,2,2,1,0,0,0,0,1,0,0,0,0,0,,0,0,0,0,0,0,0,0,0,0,0,0,0,0,0,0,0,0,0,0,0,0,0,0,0,40 23:10.564,80 02:53.494,40.386268,-80.048193,,,,N,,,,,0,,,,,,,,,,,,2024057678,0,0,1,1,0,0,0,0,0,0,1,0,0,0,0,1,0,0,0,0,1,0,0,1,0,0,0,0,0,0,0,0,0,0,0,0,0,0,0,0,0,0,0,0,0,0,0,0,0,0,0,0,0,0,0,0,0,0,0,0,0,0,0,0,0,0,0,0,1,0,0,0,0,0,0,0,0,0,0,0,0,0,,0,0,0,0,0,0,2024057678,3,,,02,,S,4,,25,,,COOLIDGE AV,0,
3846,2024057679,11,02,02123,02123,2024,06,5,,,,3,1,4,1,02,3,2,00,0,0,2,3,2,0,0,0,0,0,2,0,0,0,1,0,,1,0,0,0,0,0,0,0,0,0,0,0,0,0,0,0,3,1,0,0,0,0,0,0,0,40 21:42.016,80 04:11.633,40.361671,-80.069898,,,6,N,,,,N,0,,,,,,,,,,,,2024057679,0,1,1,0,0,0,0,0,0,0,0,0,0,0,0,0,0,1,0,0,1,0,1,1,0,0,0,0,0,0,0,0,0,0,0,0,0,0,0,0,0,0,0,0,0,0,0,0,0,0,0,0,0,0,1,0,1,0,0,0,0,0,0,0,0,0,0,0,1,0,0,0,0,1,0,0,0,0,0,0,0,1,,0,0,0,0,0,0,2024057679,4,,,02,,W,4,,30,,,PAINTERS RUN RD,1,
3847,2024057692,11,02,02108,02108,2024,07,2,,,,3,1,7,2,00,0,2,00,0,0,2,2,2,0,0,0,2,0,0,0,0,0,1,0,,0,1,0,0,0,0,0,0,0,0,0,0,0,0,0,0,8,0,0,0,1,0,0,0,0,40 33:16.461,80 02:14.636,40.554573,-80.037399,,,,N,,,,,0,,,,,,,,,,,,2024057692,0,0,1,1,0,0,0,0,0,0,0,0,1,1,0,0,0,1,0,1,0,0,0,0,0,0,0,0,0,0,0,0,0,0,0,0,0,0,0,0,0,0,0,0,0,0,0,0,0,0,0,0,0,0,1,0,0,0,0,0,0,0,0,0,0,1,0,0,1,0,1,0,0,1,0,0,0,0,0,0,0,0,,0,0,0,0,0,0,2024057692,3,,3,02,,E,4,ABQT,25,,,MANOR RD,1,
3848,2024057693,11,02,02415,02415,2024,06,2,,,,3,1,7,4,02,0,2,02,0,0,2,1,1,0,0,0,0,0,1,0,0,0,0,0,,0,0,0,0,0,0,0,0,0,0,0,0,0,0,0,0,0,0,0,0,0,0,1,0,0,40 24:34.509,80 04:48.673,40.409586,-80.080187,,,,N,,,,,0,,,,,,,,,,,,2024057693,0,1,1,0,0,0,0,0,0,0,0,0,1,1,0,1,0,0,0,0,1,0,0,1,0,0,0,0,1,1,0,0,0,0,0,0,0,0,0,0,1,0,0,0,0,0,0,0,0,0,0,0,0,0,1,0,0,0,0,0,0,0,0,1,0,0,0,1,1,0,0,0,0,0,0,0,0,0,0,0,0,0,,0,1,0,0,0,0,2024057693,5,,,02,2,W,4,,25,,,ANTHONY ST,0,
3849,2024057699,11,02,02466,02466,2024,07,3,,,,3,1,7,4,02,0,1,00,0,0,1,1,1,0,0,0,0,0,1,0,0,0,1,0,,1,0,0,0,0,0,0,0,0,0,0,0,0,0,0,0,3,0,0,0,0,0,0,0,0,40 31:06.551,79 45:39.599,40.518486,-79.761,,,6,N,,,,N,0,,,,,,,,,,,,2024057699,0,1,1,0,0,0,0,0,0,0,0,0,1,1,0,0,0,1,0,0,1,0,0,1,0,0,0,1,0,0,0,0,0,0,1,0,0,0,0,0,0,0,0,0,0,0,0,0,0,0,0,0,0,0,0,0,0,0,0,0,0,0,0,0,0,0,0,0,1,0,0,0,0,1,0,0,0,0,0,0,0,1,,0,0,0,0,0,0,2024057699,4,,,02,2,W,4,,25,,,SHEARER RD,1,
3850,2024057700,11,02,02467,02467,2024,07,2,,,,3,1,4,1,03,3,2,00,0,0,2,3,2,0,0,0,0,0,1,1,0,0,1,0,,1,0,0,1,0,0,0,0,0,0,0,0,0,0,0,0,3,0,0,0,0,0,2,0,0,40 24:19.094,79 49:37.984,40.405304,-79.827218,,,6,N,,,,Y,0,,,,,,,,,,,,2024057700,0,0,1,1,0,0,0,0,0,0,0,0,0,0,0,0,0,1,0,0,1,0,1,1,0,0,0,0,0,0,0,0,0,0,0,0,0,0,0,0,0,0,0,0,0,0,1,0,0,0,0,0,0,0,1,0,0,0,0,0,1,0,0,1,0,0,0,1,1,0,0,0,0,1,0,0,0,0,0,0,0,1,,0,0,0,0,0,0,2024057700,3,,3,02,,W,4,AMRT,25,,,PENN AV,1,
3851,2024057727,11,02,02301,02301,2024,06,1,,,,3,1,4,1,01,3,2,00,0,0,2,2,2,2,0,0,0,0,0,0,0,0,0,0,,0,0,0,0,0,0,0,0,0,0,0,0,0,0,0,0,0,0,0,0,0,0,0,0,0,40 28:43.581,79 57:07.663,40.478773,-79.952129,,,,N,,,,,0,,,,,,,,,,,,2024057727,0,0,1,1,0,0,0,0,0,0,0,0,0,0,0,1,0,0,0,0,1,0,1,1,0,0,0,0,0,0,0,0,0,0,0,0,0,0,0,0,0,0,0,0,0,0,1,0,0,0,0,0,0,0,1,0,0,0,0,0,0,0,0,0,0,0,0,0,1,0,0,0,0,0,0,0,0,0,0,0,0,0,,0,0,0,0,0,0,2024057727,3,,3,02,2,W,4,AGY2,25,,,HOLMES ST,0,
3852,2024057728,11,02,02301,02301,2024,07,2,,,,3,1,1,1,00,0,2,00,0,0,2,2,2,0,0,0,0,0,2,0,0,0,0,0,,0,0,1,0,0,0,0,0,0,0,0,0,0,0,0,0,9,0,0,0,0,0,0,0,0,40 27:43.450,79 58:54.983,40.462069,-79.98194,,,7,N,,,,N,0,,,,,,,,,,,,2024057728,0,1,0,0,0,0,0,0,0,0,1,0,0,0,0,0,0,0,0,1,0,0,0,0,0,0,0,0,0,0,0,0,0,0,0,0,0,0,0,0,0,0,0,0,0,0,0,0,0,0,0,0,0,0,0,0,0,0,0,0,0,0,1,0,0,0,0,0,1,0,0,0,0,0,0,0,0,0,0,0,0,0,,0,0,0,0,0,0,2024057728,3,,1,02,,N,2,0028,35,,500,EAST OHIO ST,0,
3853,2024057748,11,02,02219,02219,2024,07,3,,,,3,1,4,1,03,3,2,00,0,0,2,2,2,0,0,0,1,0,1,0,0,0,1,0,,1,0,0,0,0,0,0,0,0,0,0,0,0,0,0,0,3,0,0,0,0,0,1,0,0,40 17:17.324,79 59:50.294,40.288146,-79.997304,,,2,N,,,,Y,0,,,,,,,,,,,,2024057748,0,1,1,0,0,0,0,0,0,0,0,0,0,0,0,0,0,1,0,0,1,0,1,1,0,0,0,0,0,0,0,0,0,0,0,0,0,0,0,0,0,0,0,0,0,0,1,0,0,0,0,0,0,0,1,0,0,0,0,0,0,0,0,1,0,0,0,1,1,0,0,0,0,1,0,0,0,0,0,0,0,1,,0,0,0,0,0,0,2024057748,5,,,02,,N,4,,25,,,BROWNSVILLE RD,1,
3854,2024057755,11,02,02116,02116,2024,07,3,,,,3,1,1,1,00,0,2,00,0,0,2,2,2,1,0,0,0,0,1,0,0,0,0,0,,0,0,0,0,0,0,0,0,0,0,0,0,0,0,0,0,0,0,0,0,0,0,0,0,1,40 32:43.154,80 02:15.877,40.545321,-80.037744,,,4,N,,,,N,0,,,,,,,,,,,,2024057755,0,1,0,0,0,0,0,0,0,0,1,0,0,0,0,1,0,0,0,1,0,0,0,0,0,0,0,0,0,0,0,0,0,0,0,0,0,0,1,0,0,0,0,0,0,0,0,0,0,0,0,0,0,0,0,0,0,0,0,1,0,0,0,0,0,0,0,0,1,0,0,0,0,0,0,0,0,0,0,0,0,0,,0,0,0,0,0,0,2024057755,3,,3,02,,E,2,4022,30,,1880,SEWICKLEY OAKMONT RD,0,
3855,2024057760,11,02,02118,02118,2024,07,2,,,,3,1,1,1,00,0,2,00,0,0,4,5,4,1,0,0,0,0,3,0,0,0,0,0,,0,0,0,0,0,0,0,0,0,0,0,0,0,0,0,0,0,0,0,0,0,0,2,0,0,40 28:59.253,79 57:43.828,40.483126,-79.962174,,,1,N,,,,N,0,,,,,,,,,,,,2024057760,0,1,0,0,0,0,0,0,0,0,1,0,0,0,0,1,0,0,0,1,0,0,0,0,0,0,0,0,0,0,0,0,0,0,0,0,0,0,0,0,0,0,0,0,0,0,0,0,1,0,0,0,0,0,1,0,0,0,0,0,0,0,0,0,0,0,0,1,1,0,0,0,0,0,0,0,0,0,0,0,0,0,,0,0,0,0,0,0,2024057760,3,,1,02,,N,2,0028,45,,1561,EAST OHIO ST,0,
3856,2024057765,11,02,02454,02454,2024,07,3,,,,3,1,1,1,00,0,2,00,0,0,2,3,2,1,0,0,0,0,1,0,0,0,1,0,,0,1,0,0,0,0,0,0,0,0,0,0,0,0,0,0,8,0,0,0,0,0,0,1,0,40 19:14.328,79 56:30.974,40.320647,-79.941937,,,,N,,,,,0,,,,,,,,,,,,2024057765,0,1,0,0,0,0,0,0,0,0,1,0,0,0,0,0,0,1,0,1,0,0,0,0,0,0,0,0,0,0,0,0,0,0,0,0,0,0,0,0,0,0,0,0,0,0,0,0,1,0,0,0,0,0,1,0,0,0,1,0,0,0,0,0,0,0,0,0,0,0,0,0,0,1,0,0,0,0,0,0,0,0,,0,0,0,0,0,0,2024057765,3,,3,02,,N,2,0051,50,,804,CLAIRTON BL,1,
3857,2024057771,11,02,02115,02115,2024,07,3,,,,3,1,4,1,02,3,2,00,0,0,2,3,2,1,0,0,0,0,1,0,0,0,0,0,,0,0,0,0,0,0,0,0,0,0,0,0,0,0,0,0,0,0,0,0,0,0,1,0,0,40 25:57.225,80 05:41.579,40.432563,-80.094883,,,5,N,,,,N,0,,,,,,,,,,,,2024057771,0,0,1,1,0,0,0,0,0,0,0,0,0,0,0,1,0,0,0,0,1,0,1,1,0,0,0,0,0,0,0,0,0,0,0,0,0,0,0,0,0,0,0,0,0,0,1,0,0,0,0,0,0,0,1,0,0,0,0,0,0,0,0,1,0,0,0,1,1,0,0,0,0,0,0,0,0,0,0,0,0,0,,0,0,0,0,0,0,2024057771,3,,3,02,,N,4,ACZT,25,,,BALDWIN RD,0,
3858,2024057775,11,02,02113,02113,2024,07,3,,,,3,1,1,1,00,0,2,00,0,0,2,3,2,1,0,0,0,0,1,0,0,0,0,0,,0,0,0,0,0,0,0,0,0,0,0,0,0,0,0,0,0,0,0,0,1,0,0,0,1,40 27:03.896,79 49:36.079,40.451082,-79.826689,,,,N,,,,,0,,,,,,,,,,,,2024057775,0,1,0,0,0,0,0,0,0,0,1,0,0,0,0,1,0,0,0,1,0,0,0,0,0,0,0,0,0,0,0,0,0,0,0,0,0,0,0,0,0,0,0,0,0,0,0,0,1,0,0,0,0,0,1,0,0,0,0,1,0,0,0,0,0,1,0,0,1,0,0,0,0,0,0,0,0,0,0,0,0,0,,0,0,0,0,0,0,2024057775,3,,3,02,,N,2,0791,35,,2506,RODI RD,0,
3859,2024057798,11,02,02214,02214,2024,07,3,,,,3,1,4,1,01,2,2,08,0,0,2,3,2,1,0,0,1,0,0,0,0,0,1,0,,1,0,0,0,0,0,0,0,0,0,0,0,0,0,0,0,3,0,0,0,0,0,1,0,0,40 27:08.979,80 10:21.125,40.452494,-80.172535,,,4,N,,,,N,0,,,,,,,,,,,,2024057798,0,1,1,0,0,0,0,0,0,0,0,0,0,0,0,0,0,1,0,0,1,1,0,0,0,0,0,0,0,0,0,0,0,0,0,0,0,0,0,0,0,0,0,0,0,0,0,0,0,0,0,0,0,0,1,0,0,0,0,0,0,0,0,0,0,0,0,1,1,0,0,0,0,1,0,0,0,0,0,0,0,1,,0,0,0,0,0,0,2024057798,4,,,02,4,S,4,,30,,,SUMMIT PARK DR,1,
3860,2024057801,11,02,02402,02402,2024,07,3,,,,3,1,4,1,01,0,2,00,0,0,2,3,2,0,1,0,0,0,1,0,0,0,1,0,,1,0,0,0,0,0,0,0,0,0,0,0,0,0,0,0,3,0,0,0,0,0,1,0,0,40 30:08.185,80 04:08.667,40.502274,-80.069074,,,,N,,,,,0,,,,,,,,,,,,2024057801,0,0,1,1,0,0,0,0,0,0,0,0,0,0,0,0,0,1,0,0,1,0,0,1,0,0,0,0,0,0,0,0,0,0,0,1,0,0,0,0,0,0,0,0,0,0,1,0,0,0,0,0,0,0,1,0,0,0,0,0,0,0,0,0,0,0,0,1,0,0,0,0,0,1,0,0,0,0,0,0,0,1,,0,0,0,0,0,0,2024057801,3,,3,02,,N,4,AJ3J,25,,,BIRMINGHAM AV,1,
3861,2024057812,11,02,02106,02106,2024,07,3,,,,3,1,4,1,01,2,2,00,0,0,2,2,2,1,0,0,0,0,1,0,0,0,0,0,,0,0,0,0,0,0,0,0,0,0,0,0,0,0,0,0,0,0,0,0,0,0,1,0,0,40 37:46.459,79 43:06.072,40.629572,-79.718353,,,2,N,,,,N,0,,,,,,,,,,,,2024057812,0,1,0,0,0,0,0,0,0,0,0,0,0,0,0,1,0,0,0,0,1,1,0,0,0,0,0,0,0,0,0,0,0,0,0,0,0,0,0,0,0,0,0,0,0,0,0,1,0,0,0,0,0,0,1,0,0,0,0,0,0,0,0,0,0,0,0,1,1,0,0,0,0,0,0,0,0,0,0,0,0,0,,0,1,0,0,0,0,2024057812,3,,3,02,,S,2,1001,35,,1690,FREEPORT RD,0,
3862,2024057819,11,02,02301,02301,2024,07,3,,,,3,1,4,1,02,0,2,01,0,0,2,2,2,1,0,0,0,0,1,0,0,0,1,0,,1,0,0,0,0,0,0,0,0,0,0,0,0,0,0,0,3,0,0,0,0,0,1,0,0,40 26:42.754,79 59:30.630,40.445209,-79.991842,,,4,N,,,,N,0,,,,,,,,,,,,2024057819,0,0,1,1,0,0,0,0,0,0,0,0,0,0,0,0,0,1,0,0,1,0,0,1,0,0,0,0,0,0,0,0,0,0,0,0,0,0,0,0,0,0,0,0,0,0,0,0,0,0,0,0,0,0,1,0,0,0,0,0,0,0,0,0,0,0,0,1,1,0,0,0,0,1,0,0,0,0,0,0,0,1,,0,0,0,0,0,0,2024057819,3,,3,02,4,E,4,AIF7,25,,,LIBERTY AV,1,