_id,CRASH_CRN,DISTRICT,CRASH_COUNTY,MUNICIPALITY,POLICE_AGCY,CRASH_YEAR,CRASH_MONTH,DAY_OF_WEEK,TIME_OF_DAY,HOUR_OF_DAY,ILLUMINATION,WEATHER,ROAD_CONDITION,COLLISION_TYPE,RELATION_TO_ROAD,INTERSECT_TYPE,TCD_TYPE,URBAN_RURAL,LOCATION_TYPE,SCH_BUS_IND,SCH_ZONE_IND,TOTAL_UNITS,PERSON_COUNT,VEHICLE_COUNT,AUTOMOBILE_COUNT,MOTORCYCLE_COUNT,BUS_COUNT,SMALL_TRUCK_COUNT,HEAVY_TRUCK_COUNT,SUV_COUNT,VAN_COUNT,BICYCLE_COUNT,FATAL_COUNT,INJURY_COUNT,MAJ_INJ_COUNT,MOD_INJ_COUNT,MIN_INJ_COUNT,UNK_INJ_DEG_COUNT,UNK_INJ_PER_COUNT,UNBELTED_OCC_COUNT,UNB_DEATH_COUNT,UNB_MAJ_INJ_COUNT,BELTED_DEATH_COUNT,BELTED_MAJ_INJ_COUNT,MCYCLE_DEATH_COUNT,MCYCLE_MAJ_INJ_COUNT,BICYCLE_DEATH_COUNT,BICYCLE_MAJ_INJ_COUNT,PED_COUNT,PED_DEATH_COUNT,PED_MAJ_INJ_COUNT,COMM_VEH_COUNT,MAX_SEVERITY_LEVEL,DRIVER_COUNT_16YR,DRIVER_COUNT_17YR,DRIVER_COUNT_18YR,DRIVER_COUNT_19YR,DRIVER_COUNT_20YR,DRIVER_COUNT_50_64YR,DRIVER_COUNT_65_74YR,DRIVER_COUNT_75PLUS,LATITUDE,LONGITUDE,DEC_LAT,DEC_LONG,EST_HRS_CLOSED,LANE_CLOSED,LN_CLOSE_DIR,NTFY_HIWY_MAINT,RDWY_SURF_TYPE_CD,SPEC_JURIS_CD,TCD_FUNC_CD,TFC_DETOUR_IND,WORK_ZONE_IND,WORK_ZONE_TYPE,WORK_ZONE_LOC,CONS_ZONE_SPD_LIM,WORKERS_PRES,WZ_CLOSE_DETOUR,WZ_FLAGGER,WZ_LAW_OFFCR_IND,WZ_LN_CLOSURE,WZ_MOVING,WZ_OTHER,WZ_SHLDER_MDN,FLAG_CRN,INTERSTATE,STATE_ROAD,LOCAL_ROAD,LOCAL_ROAD_ONLY,TURNPIKE,WET_ROAD,SNOW_SLUSH_ROAD,ICY_ROAD,SUDDEN_DEER,SHLDR_RELATED,REAR_END,HO_OPPDIR_SDSWP,HIT_FIXED_OBJECT,SV_RUN_OFF_RD,WORK_ZONE,PROPERTY_DAMAGE_ONLY,FATAL_OR_MAJ_INJ,INJURY,FATAL,NON_INTERSECTION,INTERSECTION,SIGNALIZED_INT,STOP_CONTROLLED_INT,UNSIGNALIZED_INT,SCHOOL_BUS,SCHOOL_ZONE,HIT_DEER,HIT_TREE_SHRUB,HIT_EMBANKMENT,HIT_POLE,HIT_GDRAIL,HIT_GDRAIL_END,HIT_BARRIER,HIT_BRIDGE,OVERTURNED,MOTORCYCLE,BICYCLE,HVY_TRUCK_RELATED,VEHICLE_FAILURE,TRAIN_TROLLEY,PHANTOM_VEHICLE,ALCOHOL_RELATED,DRINKING_DRIVER,UNDERAGE_DRNK_DRV,UNLICENSED,CELL_PHONE,NO_CLEARANCE,RUNNING_RED_LT,TAILGATING,CROSS_MEDIAN,CURVE_DVR_ERROR,LIMIT_65MPH,SPEEDING,SPEEDING_RELATED,AGGRESSIVE_DRIVING,FATIGUE_ASLEEP,DRIVER_16YR,DRIVER_17YR,DRIVER_65_74YR,DRIVER_75PLUS,UNBELTED,PEDESTRIAN,DISTRACTED,CURVED_ROAD,DRIVER_18YR,DRIVER_19YR,DRIVER_20YR,DRIVER_50_64YR,VEHICLE_TOWED,FIRE_IN_VEHICLE,HIT_PARKED_VEHICLE,MC_DRINKING_DRIVER,DRUGGED_DRIVER,INJURY_OR_FATAL,COMM_VEHICLE,IMPAIRED_DRIVER,DEER_RELATED,DRUG_RELATED,HAZARDOUS_TRUCK,ILLEGAL_DRUG_RELATED,ILLUMINATION_DARK,MINOR_INJURY,MODERATE_INJURY,MAJOR_INJURY,NHTSA_AGG_DRIVING,PSP_REPORTED,RUNNING_STOP_SIGN,TRAIN,TROLLEY,ROADWAY_CRN,RDWY_SEQ_NUM,ADJ_RDWY_SEQ,ACCESS_CTRL,ROADWAY_COUNTY,LANE_COUNT,RDWY_ORIENT,ROAD_OWNER,ROUTE,SPEED_LIMIT,SEGMENT,OFFSET,STREET_NAME,TOT_INJ_COUNT,SCHOOL_BUS_UNIT
4010,2024059583,11,02,02113,02113,2024,07,3,,,,3,1,4,1,00,0,2,07,0,0,2,2,2,1,0,0,0,0,0,1,0,0,0,0,,0,0,0,0,0,0,0,0,0,0,0,0,0,0,0,0,0,0,0,0,1,0,0,0,0,40 27:36.236,79 50:36.211,40.460066,-79.843392,,,,N,,,,,0,,,,,,,,,,,,2024059583,0,1,0,0,0,0,0,0,0,0,0,0,0,0,0,1,0,0,0,1,0,0,0,0,0,0,0,0,0,0,0,0,0,0,0,0,0,0,0,0,0,0,0,0,0,0,0,0,0,0,0,0,0,0,1,0,0,0,0,0,0,0,0,1,0,1,0,0,1,0,0,0,0,0,0,0,0,0,0,0,0,0,,0,1,0,0,0,0,2024059583,3,,3,02,2,E,2,0400,35,,162,FRANKSTOWN RD,0,
4011,2024059611,11,02,02446,02446,2024,07,7,,,,3,1,4,1,02,0,2,00,0,0,2,2,2,1,0,0,1,0,0,0,0,0,0,0,,0,0,0,0,0,0,0,0,0,0,0,0,0,0,0,0,0,0,0,0,1,0,0,0,0,40 25:40.292,79 43:18.301,40.427859,-79.72175,,,,N,,,,,0,,,,,,,,,,,,2024059611,0,1,0,0,0,0,0,0,0,0,0,0,0,0,0,1,0,0,0,0,1,0,0,1,0,0,0,0,0,0,0,0,0,0,0,0,0,0,0,0,0,0,0,0,0,0,0,0,1,0,0,0,0,0,1,0,0,0,0,0,0,0,0,0,0,1,0,0,1,0,0,0,0,0,0,0,0,0,0,0,0,0,,0,0,0,0,0,0,2024059611,5,,3,02,,S,2,2129,25,,182,ALPINE VILLAGE DR,0,
4012,2024059655,11,02,02301,02301,2024,07,1,,,,3,1,1,1,00,0,2,03,0,0,4,7,4,0,0,0,1,0,3,0,0,0,1,0,,1,0,0,0,0,0,0,0,0,0,0,0,0,0,0,0,3,0,0,0,0,0,0,0,0,40 26:19.954,79 59:37.988,40.438876,-79.993886,,,2,N,,,,N,0,,,,,,,,,,,,2024059655,1,1,0,0,0,0,0,0,0,0,1,0,0,0,0,0,0,1,0,1,0,0,0,0,0,0,0,0,0,0,0,0,0,0,0,0,0,0,0,0,0,0,0,0,0,0,0,0,0,0,0,0,0,0,1,0,0,0,0,0,0,0,0,0,0,0,0,0,0,0,0,0,0,1,0,0,0,0,0,0,0,1,,0,1,0,0,0,0,2024059655,3,,1,02,,S,1,0579,55,,171,CROSSTOWN BL,1,
4013,2024059688,11,02,02102,02102,2024,07,7,,,,3,1,4,1,03,3,2,00,0,0,2,3,2,1,0,0,1,0,0,0,0,0,1,0,,1,0,0,0,0,0,0,0,0,0,0,0,0,0,0,0,3,1,0,0,0,0,0,0,1,40 25:47.769,80 08:43.753,40.429936,-80.145487,,,,N,,,,,0,,,,,,,,,,,,2024059688,0,1,0,0,0,0,0,0,0,0,0,0,0,0,0,0,0,1,0,0,1,0,1,1,0,0,0,0,0,0,0,0,0,0,0,0,0,0,0,0,0,0,0,0,0,0,1,0,0,0,0,0,0,0,1,0,1,0,0,1,0,0,0,1,0,0,0,0,1,0,0,0,0,1,0,0,0,0,0,0,0,1,,0,0,0,0,0,0,2024059688,3,,3,02,,S,2,3041,40,,1160,MCMICHAEL RD,1,
4014,2024059704,11,02,02403,02403,2024,07,3,,,,3,1,7,5,00,0,2,00,0,0,1,1,1,0,0,0,0,0,1,0,0,0,0,0,,0,0,0,0,0,0,0,0,0,0,0,0,0,0,0,0,0,0,0,0,0,0,0,0,0,40 21:44.899,79 57:59.903,40.362472,-79.96664,,,,N,,,,,0,,,,,,,,,,,,2024059704,0,0,1,1,0,0,0,0,0,0,0,0,1,1,0,1,0,0,0,1,0,0,0,0,0,0,0,0,0,0,0,0,0,0,0,0,0,0,0,0,0,0,0,0,0,0,0,0,0,0,0,0,0,0,0,1,0,0,0,0,0,0,0,1,0,0,0,0,1,0,0,0,0,0,0,0,0,0,0,0,0,0,,0,0,0,0,0,0,2024059704,3,,3,02,,S,4,AJ6P,25,,,ELMWOOD DR,0,
4015,2024059705,11,02,02213,02213,2024,06,5,,,,3,1,4,1,02,4,2,00,0,0,2,2,2,0,0,0,1,0,1,0,0,0,1,0,,0,0,0,0,0,0,0,0,0,0,0,0,0,0,0,0,4,0,0,0,0,0,0,0,0,40 28:21.449,80 13:04.116,40.472625,-80.21781,,,,N,,,,,0,,,,,,,,,,,,2024059705,1,1,0,0,0,0,0,0,0,0,0,0,0,0,0,0,0,1,0,0,1,0,0,1,0,0,0,0,0,0,0,0,0,0,0,0,0,0,0,0,0,0,0,0,0,0,0,0,0,0,0,1,0,0,1,0,0,0,0,0,0,0,0,0,0,0,0,0,1,0,0,0,0,1,0,0,0,0,0,0,0,0,,0,0,0,0,0,0,2024059705,3,,1,02,3,W,1,0376,65,,565,AIRPORT PY,1,
4016,2024059707,11,02,02419,02419,2024,07,1,,,,3,1,7,5,00,8,2,00,0,0,1,1,1,1,0,0,0,0,0,0,0,0,0,0,,0,0,0,1,0,0,0,0,0,0,0,0,0,0,0,0,0,1,0,0,0,0,0,0,0,40 26:14.989,79 51:34.302,40.437497,-79.859528,,,,N,,,,,0,,,,,,,,,,,,2024059707,0,0,1,1,0,0,0,0,0,0,0,0,1,1,0,1,0,0,0,1,0,0,0,0,0,0,0,1,0,0,0,0,0,0,0,0,0,0,0,0,0,0,0,0,0,0,0,0,0,0,0,0,0,0,1,0,1,0,0,0,1,0,0,0,0,0,0,0,1,0,0,0,0,0,0,0,0,0,0,0,1,0,,0,0,0,0,0,0,2024059707,3,,3,02,,S,4,AK96,25,,,MARBURY RD,0,
4017,2024059756,11,02,02466,02466,2024,07,3,,,,3,1,4,1,02,0,2,00,0,0,2,3,2,1,0,0,0,0,1,0,0,0,0,0,,0,0,0,0,0,0,0,0,0,0,0,0,0,0,0,0,0,0,0,0,0,0,0,0,1,40 31:32.366,79 49:22.453,40.525657,-79.822904,,,6,N,,,,Y,0,,,,,,,,,,,,2024059756,0,1,1,0,0,0,0,0,0,0,0,0,0,0,0,1,0,0,0,0,1,0,0,1,0,0,0,0,0,0,0,0,0,0,0,0,0,0,0,0,0,0,0,0,0,0,1,0,0,0,0,0,0,0,1,0,0,0,0,1,0,0,0,0,0,0,0,0,1,0,0,0,0,0,0,0,0,0,0,0,0,0,,0,0,0,0,0,0,2024059756,4,,,02,,N,4,,25,,,FIFTEENTH ST,0,
4018,2024059758,11,02,02440,02440,2024,07,1,,,,3,1,1,1,06,3,2,02,0,0,2,2,2,1,0,0,0,0,1,0,0,0,0,0,,0,0,0,0,0,0,0,0,0,0,0,0,0,0,0,0,0,0,0,0,1,0,1,0,0,40 16:30.311,79 53:33.898,40.275086,-79.892749,,,2,N,,,,N,0,,,,,,,,,,,,2024059758,0,1,0,0,0,0,0,0,0,0,1,0,0,0,0,1,0,0,0,0,1,0,1,1,0,0,0,0,0,0,0,0,0,0,0,0,0,0,0,0,0,0,0,0,0,0,0,0,1,0,0,0,0,0,1,0,0,0,0,0,0,0,0,0,0,1,0,1,1,0,0,0,0,0,0,0,0,0,0,0,0,0,,0,0,0,0,0,0,2024059758,3,,3,02,,S,2,0051,45,,615,SR 0051 HW,0,
4019,2024059795,11,02,02473,02473,2024,07,3,,,,3,1,7,1,02,0,2,00,0,0,1,1,1,1,0,0,0,0,0,0,0,0,0,0,,0,0,0,0,0,0,0,0,0,0,0,0,0,0,0,0,0,0,0,0,0,0,0,0,0,40 23:53.080,79 53:05.766,40.398078,-79.884935,,,,N,,,,,0,,,,,,,,,,,,2024059795,0,1,1,0,0,0,0,0,0,0,0,0,1,1,0,1,0,0,0,0,1,0,0,1,0,0,0,0,0,0,0,0,0,0,0,0,0,0,0,0,0,1,1,0,0,0,0,0,0,0,0,0,0,0,0,0,0,0,0,0,0,0,0,1,0,0,0,0,1,0,0,0,0,0,0,1,0,0,0,0,0,0,,0,0,0,0,0,0,2024059795,4,,,02,,E,4,,35,,,MIDWAY DR,0,
4020,2024059862,11,02,02438,02438,2024,07,4,,,,3,1,4,1,01,3,2,00,0,0,2,2,2,1,0,0,0,0,1,0,0,0,0,0,,0,0,0,0,0,0,0,0,0,0,0,0,0,0,0,0,0,0,0,0,0,0,2,0,0,40 24:23.331,79 54:29.032,40.406481,-79.908064,,,,N,,,,,0,,,,,,,,,,,,2024059862,0,0,1,1,0,0,0,0,0,0,0,0,0,0,0,1,0,0,0,0,1,0,1,1,0,0,0,0,0,0,0,0,0,0,0,0,0,0,0,0,0,0,0,0,0,0,1,0,0,0,0,0,0,0,1,0,0,0,0,0,0,0,0,0,0,0,0,1,1,0,0,0,0,0,0,0,0,0,0,0,0,0,,0,0,0,0,0,0,2024059862,3,,3,02,,E,4,AL0G,25,,,TENTH AV,0,
4021,2024059868,11,02,02446,02446,2024,06,4,,,,3,1,1,1,00,0,2,00,0,0,2,2,2,1,0,0,0,0,1,0,0,0,0,0,,0,0,0,0,0,0,0,0,0,0,0,0,0,0,0,0,0,0,0,0,1,0,0,0,0,40 24:14.764,79 45:45.779,40.404101,-79.762716,,,,N,,,,,0,,,,,,,,,,,,2024059868,0,1,0,0,0,0,0,0,1,0,1,0,0,0,0,1,0,0,0,1,0,0,0,0,0,0,0,0,0,0,0,0,0,0,0,0,0,0,0,0,0,0,0,0,0,0,0,0,1,0,0,0,0,0,1,0,0,0,0,0,0,0,0,1,0,1,0,0,1,0,0,0,0,0,0,0,1,0,0,0,0,0,,0,0,0,0,0,0,2024059868,3,,3,02,,N,2,0048,45,,1916,MOSSIDE BL,0,
4022,2024059875,11,02,02217,02505,2024,06,2,,,,4,1,1,1,01,0,2,00,0,0,2,3,2,0,0,0,0,0,1,1,0,0,0,0,,0,0,0,0,0,0,0,0,0,0,0,0,0,0,0,0,0,0,0,0,0,0,0,0,0,40 38:54.718,79 56:14.285,40.648533,-79.937301,,,,N,,,,,0,,,,,,,,,,,,2024059875,0,1,1,0,0,0,0,0,0,0,1,0,0,0,0,1,0,0,0,0,1,0,0,1,0,0,0,0,0,0,0,0,0,0,0,0,0,0,0,0,0,0,0,0,0,0,0,0,0,0,0,0,0,1,1,0,0,0,0,0,0,0,0,0,0,0,0,0,1,0,0,0,0,0,0,0,0,0,0,0,0,0,,0,0,0,0,0,0,2024059875,5,,,02,,E,4,,25,,,ST GEORGE DR,0,
4023,2024059878,11,02,02407,02407,2024,06,6,,,,3,1,5,1,02,0,2,00,0,0,2,3,2,0,0,0,0,0,2,0,0,0,1,0,,0,1,0,0,0,0,0,0,0,0,0,0,0,0,0,0,8,0,0,0,0,0,0,0,1,40 17:31.433,80 01:49.747,40.292065,-80.030485,,,,N,,,,,0,,,,,,,,,,,,2024059878,0,1,0,0,0,0,0,0,0,0,0,0,0,0,0,0,0,1,0,0,1,0,0,1,0,0,0,0,0,0,0,0,0,0,0,0,0,0,0,0,0,0,0,0,0,0,1,0,0,0,0,0,0,0,1,0,0,0,0,1,0,0,0,0,0,0,0,0,1,0,0,0,0,1,0,0,0,0,0,0,0,0,,0,1,0,1,0,0,2024059878,3,,3,02,2,S,2,0088,25,,0,LIBRARY RD,1,
4024,2024059886,11,02,02126,02126,2024,07,4,,,,3,1,1,1,02,0,2,00,0,0,2,2,2,1,0,0,0,0,1,0,0,0,0,0,,0,0,0,0,0,0,0,0,0,0,0,0,0,0,0,0,0,0,0,1,0,0,0,0,0,40 28:14.586,80 05:33.054,40.470718,-80.092515,,,4,N,,,,N,0,,,,,,,,,,,,2024059886,0,0,1,1,0,0,0,0,0,0,1,0,0,0,0,1,0,0,0,0,1,0,0,1,0,0,0,0,0,0,0,0,0,0,0,0,0,0,0,0,0,0,0,0,0,0,0,0,0,0,0,0,0,0,0,0,0,0,0,0,0,0,1,0,1,0,0,0,1,0,0,0,0,0,0,0,0,0,0,0,0,0,,0,0,0,0,0,0,2024059886,3,,3,02,,W,4,AEIW,35,,,MCKEES ROCKS RD,0,
4025,2024059892,11,02,02219,02219,2024,07,4,,,,,1,7,4,00,0,2,07,0,0,2,1,1,1,0,0,0,0,0,0,0,0,0,0,,0,0,0,0,0,0,0,0,0,0,0,0,0,0,0,0,0,0,0,0,0,1,0,0,0,40 17:34.047,79 59:46.865,40.292791,-79.996351,,,2,N,,,,N,0,,,,,,,,,,,,2024059892,0,1,0,0,0,0,0,0,0,0,0,0,1,1,0,1,0,0,0,1,0,0,0,0,0,0,0,0,0,1,0,0,0,0,0,0,0,0,0,0,1,0,0,0,0,0,0,0,0,0,0,0,0,0,1,0,0,0,0,0,0,0,0,1,0,0,1,0,1,0,0,0,0,0,0,0,0,0,0,0,0,0,,0,1,0,0,0,0,2024059892,3,,3,02,,S,2,3013,35,,1780,BROWNSVILLE RD,0,
4026,2024059895,11,02,02116,02116,2024,01,2,,,,98,1,7,4,00,0,2,00,0,0,1,1,1,1,0,0,0,0,0,0,0,0,0,0,,0,0,0,0,0,0,0,0,0,0,0,0,0,0,0,0,0,0,0,0,0,0,0,0,0,40 30:01.943,80 00:17.224,40.50054,-80.004784,,,2,N,,,,N,0,,,,,,,,,,,,2024059895,0,1,0,0,0,0,0,0,0,0,0,0,1,1,0,1,0,0,0,1,0,0,0,0,0,0,0,0,1,0,0,0,0,0,0,0,0,0,0,0,0,1,1,0,0,0,0,0,0,0,0,0,0,0,0,0,0,0,0,0,0,0,0,0,0,0,0,0,1,0,0,0,0,0,0,1,0,0,0,0,1,0,,0,0,0,0,0,0,2024059895,3,,3,02,,N,2,4009,35,,2287,EVERGREEN RD,0,
4027,2024059896,11,02,02102,02102,2024,07,4,,,,3,1,4,1,02,3,2,00,0,0,2,2,2,2,0,0,0,0,0,0,0,0,2,0,,2,0,0,0,0,0,0,0,0,0,0,0,0,0,0,0,3,0,0,0,0,0,0,0,0,40 22:09.800,80 06:05.377,40.369389,-80.101494,,,4,N,,,,N,0,,,,,,,,,,,,2024059896,0,1,1,0,0,0,0,0,0,0,0,0,0,0,0,0,0,1,0,0,1,0,1,1,0,0,0,0,0,0,0,0,0,0,0,0,0,0,0,0,0,0,0,0,0,0,0,0,0,0,0,0,0,0,1,0,0,0,0,0,0,0,0,0,0,0,0,0,1,0,0,0,0,1,0,0,0,0,0,0,0,1,,0,0,0,0,0,0,2024059896,5,,,02,,S,4,,20,,,STAFFORD AV,2,
4028,2024059898,11,02,02423,02304,2024,07,4,,,,3,1,4,1,03,2,2,00,0,0,2,3,2,2,0,0,0,0,0,0,0,0,0,0,,0,0,0,0,0,0,0,0,0,0,0,0,0,0,0,0,0,0,0,0,0,0,0,0,0,40 21:21.617,79 53:53.368,40.356005,-79.898158,,,7,N,,,,Y,0,,,,,,,,,,,,2024059898,0,1,0,0,0,0,0,0,0,0,0,0,0,0,0,1,0,0,0,0,1,1,0,0,0,0,0,0,0,0,0,0,0,0,0,0,0,0,0,0,0,0,0,0,0,0,0,1,0,0,0,0,0,0,1,0,0,0,0,0,0,0,0,1,0,0,0,0,1,0,0,0,0,0,0,0,0,0,0,0,0,0,,0,1,0,0,0,0,2024059898,3,,3,02,,N,2,2045,40,,1720,PITTSBURGH MCKEESPORT BL,0,
4029,2024059902,11,02,02419,68B03,2024,03,1,,,,3,1,1,1,00,0,2,00,0,0,2,4,2,0,0,0,1,0,1,0,0,0,1,0,,1,0,0,1,0,0,0,0,0,0,0,0,0,0,0,0,3,0,0,0,0,0,1,0,0,40 26:22.751,79 51:38.640,40.439653,-79.860733,,,3,N,,,,N,0,,,,,,,,,,,,2024059902,1,1,0,0,0,0,0,0,0,0,1,0,0,0,0,0,0,1,0,1,0,0,0,0,0,0,0,0,0,0,0,0,0,0,0,0,0,0,1,0,0,0,0,0,0,0,0,0,0,0,0,0,0,0,0,0,0,0,0,0,1,0,0,0,0,0,0,1,1,0,0,0,0,1,0,0,0,0,0,0,1,1,,0,0,1,0,0,0,2024059902,3,,1,02,,E,1,0376,55,,2532,PENN LINCOLN PY,1,
4030,2024059904,11,02,02301,68B03,2024,04,4,,,,4,9,1,1,00,0,2,00,0,0,2,2,2,0,0,0,0,0,2,0,0,0,1,0,,1,0,0,0,0,0,0,0,0,0,0,0,0,0,0,0,3,0,0,0,0,0,1,0,0,40 26:01.306,79 57:48.959,40.433696,-79.9636,,,3,N,,,,N,0,,,,,,,,,,,,2024059904,1,1,0,0,0,1,0,0,0,0,1,0,0,0,0,0,0,1,0,1,0,0,0,0,0,0,0,0,0,0,0,0,0,0,0,0,0,0,0,0,0,0,0,0,0,0,0,0,0,0,0,0,0,0,1,0,0,0,0,0,0,0,0,0,0,0,0,1,1,0,0,0,0,1,0,0,0,0,0,0,0,1,,0,0,1,0,0,0,2024059904,3,,1,02,,E,1,0376,55,,151,PENN LINCOLN PY,1,
4031,2024059909,11,02,02301,68B03,2024,04,6,,,,3,1,5,1,00,0,2,03,0,0,2,3,2,2,0,0,0,0,0,0,0,0,0,0,,0,0,0,0,0,0,0,0,0,0,0,0,0,0,0,0,0,0,0,0,0,0,0,0,0,40 26:04.770,79 59:13.661,40.434658,-79.987128,,,4,N,,,,N,0,,,,,,,,,,,,2024059909,1,1,0,0,0,0,0,0,0,0,0,0,0,0,0,1,0,0,0,1,0,0,0,0,0,0,0,0,0,0,0,0,0,0,0,0,0,0,0,0,0,0,0,0,0,0,0,0,0,0,0,0,0,0,0,0,0,0,0,0,0,0,1,0,0,0,0,0,1,0,0,0,0,0,0,0,0,0,0,0,0,0,,0,0,1,0,0,0,2024059909,3,,1,02,,W,1,0376,55,,1291,PENN LINCOLN PY,0,
4032,2024059911,11,02,02115,68B03,2024,04,3,,,,3,1,1,1,00,0,2,00,0,0,4,5,4,0,0,0,1,1,2,0,0,0,1,0,,1,0,0,0,0,0,0,0,0,0,0,0,0,0,0,1,3,0,0,0,0,0,2,1,0,40 25:29.057,80 06:53.255,40.424738,-80.114793,,,3,N,,,,N,0,,,,,,,,,,,,2024059911,1,1,0,0,0,0,0,0,0,0,1,0,0,0,0,0,0,1,0,1,0,0,0,0,0,0,0,0,0,0,0,0,0,0,0,0,0,1,0,0,0,0,0,0,0,0,0,0,1,0,0,0,0,0,1,0,0,0,1,0,0,0,1,1,0,0,0,1,1,0,0,0,0,1,1,0,0,0,0,0,0,1,,0,0,1,0,0,0,2024059911,3,,1,02,,E,1,0376,55,,1098,PENN LINCOLN PY,1,
4033,2024059975,11,02,02215,68B03,2024,06,3,,,,3,1,5,1,00,0,2,00,0,0,2,2,2,1,0,0,0,0,0,0,0,0,0,0,,0,0,0,0,0,0,0,0,0,0,0,0,0,0,0,0,0,0,0,0,0,0,1,0,0,40 31:28.187,80 04:12.417,40.524496,-80.070116,,,,N,,,,,0,,,,,,,,,,,,2024059975,1,1,0,0,0,0,0,0,0,0,0,0,0,0,0,1,0,0,0,1,0,0,0,0,0,0,0,0,0,0,0,0,0,0,0,0,0,0,0,0,0,0,0,0,0,0,0,0,0,0,0,0,0,0,1,0,0,0,0,0,0,0,0,0,0,0,0,1,1,0,0,0,0,0,0,0,0,0,0,0,0,0,,0,0,1,0,0,0,2024059975,3,,1,02,,S,2,0279,55,,2082,NORTH HILLS EX,0,
4034,2024060054,11,02,02117,68B03,2024,07,2,,,,3,1,1,1,00,0,2,00,0,0,2,3,2,1,0,0,1,0,0,0,0,0,1,0,,0,0,0,1,0,0,0,0,0,0,0,0,0,0,0,0,4,0,0,0,0,0,0,0,0,40 24:41.295,80 04:32.865,40.411471,-80.075796,,,3,N,,,,N,0,,,,,,,,,,,,2024060054,1,1,0,0,0,0,0,0,0,0,1,0,0,0,0,0,0,1,0,1,0,0,0,0,0,0,0,0,0,0,0,0,0,0,0,0,0,0,0,0,0,0,0,0,0,0,0,0,1,0,0,0,0,0,1,0,0,0,0,0,1,0,0,0,0,0,0,0,0,0,0,0,0,1,0,0,0,0,0,0,0,0,,0,0,1,0,0,0,2024060054,3,,1,02,,E,1,0376,55,,2567,PENN LINCOLN PY,1,
4035,2024060055,11,02,02117,68B03,2024,07,2,,,,3,1,1,1,00,0,2,00,0,0,3,3,3,1,0,0,0,0,2,0,0,0,0,0,,0,0,0,0,0,0,0,0,0,0,0,0,0,0,0,0,0,0,0,0,0,0,0,1,0,40 24:40.973,80 04:31.984,40.411381,-80.075551,,,3,N,,,,N,0,,,,,,,,,,,,2024060055,1,1,0,0,0,0,0,0,0,0,1,0,0,0,0,1,0,0,0,1,0,0,0,0,0,0,0,0,0,0,0,0,1,0,0,0,0,0,0,0,0,0,0,0,0,0,0,0,1,0,0,0,0,0,1,0,0,0,1,0,0,0,0,0,0,0,0,0,1,0,0,0,0,0,0,0,0,0,0,0,0,0,,0,0,1,0,0,0,2024060055,3,,1,02,,E,1,0376,55,,2644,PENN LINCOLN PY,0,
4036,2024060082,11,02,02411,68B03,2024,07,4,,,,3,1,4,1,00,0,2,00,0,0,2,2,2,1,0,0,0,0,0,1,0,0,0,0,,0,0,1,0,0,0,0,0,0,0,0,0,0,0,0,0,9,0,0,0,0,0,0,0,0,40 25:50.121,79 52:24.157,40.430589,-79.873377,,,,N,,,,,0,,,,,,,,,,,,2024060082,1,1,0,0,0,0,0,0,0,0,0,0,0,0,0,0,0,0,0,1,0,0,0,0,0,0,0,0,0,0,0,0,0,0,0,0,0,0,0,0,0,0,0,0,0,0,0,0,0,0,0,0,0,0,0,0,0,0,0,0,0,0,0,0,0,0,0,0,1,0,0,0,0,0,0,0,0,0,0,0,0,0,,0,0,1,0,0,0,2024060082,3,,1,02,2,E,1,0376,55,,691,PENN LINCOLN PY,0,
4037,2024060085,11,02,02207,02207,2024,07,4,,,,3,1,4,1,02,3,1,00,0,0,2,4,2,1,0,0,0,0,1,0,0,0,0,0,,0,0,0,0,0,0,0,0,0,0,0,0,0,0,0,0,0,0,1,0,0,0,0,0,0,40 35:49.657,79 55:49.167,40.597127,-79.930324,,,2,N,,,,N,0,,,,,,,,,,,,2024060085,0,1,1,0,0,0,0,0,0,0,0,0,0,0,0,1,0,0,0,0,1,0,1,1,0,0,0,0,0,0,0,0,0,0,0,0,0,0,0,0,0,0,0,0,0,0,1,0,0,0,0,0,0,0,1,0,0,1,0,0,0,0,0,1,0,0,0,0,1,0,0,0,0,0,0,0,0,0,0,0,0,0,,0,0,0,0,0,0,2024060085,3,,,02,,S,4,,35,,,MIDDLE RD,0,
4038,2024060089,11,02,02301,68B03,2024,07,4,,,,3,1,7,2,00,0,2,00,0,0,1,1,1,1,0,0,0,0,0,0,0,0,0,0,,0,0,1,0,0,0,0,0,0,0,0,0,0,0,0,0,9,0,0,0,0,0,0,0,0,40 25:35.147,79 53:36.163,40.42643,-79.893379,,,4,N,,,,Y,0,,,,,,,,,,,,2024060089,1,1,0,0,0,0,0,0,0,0,0,0,1,1,0,0,0,0,0,1,0,0,0,0,0,0,0,0,1,0,0,0,0,0,1,0,0,0,0,0,0,0,0,0,0,0,0,0,0,0,0,0,0,0,0,0,0,0,0,0,0,0,0,0,0,0,0,0,1,0,0,0,0,0,0,0,0,0,0,0,1,0,,0,0,1,0,0,0,2024060089,3,,1,02,2,W,1,0376,55,,2418,PENN LINCOLN PY,0,