_id,CRASH_CRN,DISTRICT,CRASH_COUNTY,MUNICIPALITY,POLICE_AGCY,CRASH_YEAR,CRASH_MONTH,DAY_OF_WEEK,TIME_OF_DAY,HOUR_OF_DAY,ILLUMINATION,WEATHER,ROAD_CONDITION,COLLISION_TYPE,RELATION_TO_ROAD,INTERSECT_TYPE,TCD_TYPE,URBAN_RURAL,LOCATION_TYPE,SCH_BUS_IND,SCH_ZONE_IND,TOTAL_UNITS,PERSON_COUNT,VEHICLE_COUNT,AUTOMOBILE_COUNT,MOTORCYCLE_COUNT,BUS_COUNT,SMALL_TRUCK_COUNT,HEAVY_TRUCK_COUNT,SUV_COUNT,VAN_COUNT,BICYCLE_COUNT,FATAL_COUNT,INJURY_COUNT,MAJ_INJ_COUNT,MOD_INJ_COUNT,MIN_INJ_COUNT,UNK_INJ_DEG_COUNT,UNK_INJ_PER_COUNT,UNBELTED_OCC_COUNT,UNB_DEATH_COUNT,UNB_MAJ_INJ_COUNT,BELTED_DEATH_COUNT,BELTED_MAJ_INJ_COUNT,MCYCLE_DEATH_COUNT,MCYCLE_MAJ_INJ_COUNT,BICYCLE_DEATH_COUNT,BICYCLE_MAJ_INJ_COUNT,PED_COUNT,PED_DEATH_COUNT,PED_MAJ_INJ_COUNT,COMM_VEH_COUNT,MAX_SEVERITY_LEVEL,DRIVER_COUNT_16YR,DRIVER_COUNT_17YR,DRIVER_COUNT_18YR,DRIVER_COUNT_19YR,DRIVER_COUNT_20YR,DRIVER_COUNT_50_64YR,DRIVER_COUNT_65_74YR,DRIVER_COUNT_75PLUS,LATITUDE,LONGITUDE,DEC_LAT,DEC_LONG,EST_HRS_CLOSED,LANE_CLOSED,LN_CLOSE_DIR,NTFY_HIWY_MAINT,RDWY_SURF_TYPE_CD,SPEC_JURIS_CD,TCD_FUNC_CD,TFC_DETOUR_IND,WORK_ZONE_IND,WORK_ZONE_TYPE,WORK_ZONE_LOC,CONS_ZONE_SPD_LIM,WORKERS_PRES,WZ_CLOSE_DETOUR,WZ_FLAGGER,WZ_LAW_OFFCR_IND,WZ_LN_CLOSURE,WZ_MOVING,WZ_OTHER,WZ_SHLDER_MDN,FLAG_CRN,INTERSTATE,STATE_ROAD,LOCAL_ROAD,LOCAL_ROAD_ONLY,TURNPIKE,WET_ROAD,SNOW_SLUSH_ROAD,ICY_ROAD,SUDDEN_DEER,SHLDR_RELATED,REAR_END,HO_OPPDIR_SDSWP,HIT_FIXED_OBJECT,SV_RUN_OFF_RD,WORK_ZONE,PROPERTY_DAMAGE_ONLY,FATAL_OR_MAJ_INJ,INJURY,FATAL,NON_INTERSECTION,INTERSECTION,SIGNALIZED_INT,STOP_CONTROLLED_INT,UNSIGNALIZED_INT,SCHOOL_BUS,SCHOOL_ZONE,HIT_DEER,HIT_TREE_SHRUB,HIT_EMBANKMENT,HIT_POLE,HIT_GDRAIL,HIT_GDRAIL_END,HIT_BARRIER,HIT_BRIDGE,OVERTURNED,MOTORCYCLE,BICYCLE,HVY_TRUCK_RELATED,VEHICLE_FAILURE,TRAIN_TROLLEY,PHANTOM_VEHICLE,ALCOHOL_RELATED,DRINKING_DRIVER,UNDERAGE_DRNK_DRV,UNLICENSED,CELL_PHONE,NO_CLEARANCE,RUNNING_RED_LT,TAILGATING,CROSS_MEDIAN,CURVE_DVR_ERROR,LIMIT_65MPH,SPEEDING,SPEEDING_RELATED,AGGRESSIVE_DRIVING,FATIGUE_ASLEEP,DRIVER_16YR,DRIVER_17YR,DRIVER_65_74YR,DRIVER_75PLUS,UNBELTED,PEDESTRIAN,DISTRACTED,CURVED_ROAD,DRIVER_18YR,DRIVER_19YR,DRIVER_20YR,DRIVER_50_64YR,VEHICLE_TOWED,FIRE_IN_VEHICLE,HIT_PARKED_VEHICLE,MC_DRINKING_DRIVER,DRUGGED_DRIVER,INJURY_OR_FATAL,COMM_VEHICLE,IMPAIRED_DRIVER,DEER_RELATED,DRUG_RELATED,HAZARDOUS_TRUCK,ILLEGAL_DRUG_RELATED,ILLUMINATION_DARK,MINOR_INJURY,MODERATE_INJURY,MAJOR_INJURY,NHTSA_AGG_DRIVING,PSP_REPORTED,RUNNING_STOP_SIGN,TRAIN,TROLLEY,ROADWAY_CRN,RDWY_SEQ_NUM,ADJ_RDWY_SEQ,ACCESS_CTRL,ROADWAY_COUNTY,LANE_COUNT,RDWY_ORIENT,ROAD_OWNER,ROUTE,SPEED_LIMIT,SEGMENT,OFFSET,STREET_NAME,TOT_INJ_COUNT,SCHOOL_BUS_UNIT
4127,2024061362,11,02,02430,02430,2024,07,2,,,,3,1,1,1,00,0,2,00,0,0,2,2,2,1,0,0,0,0,1,0,0,0,0,0,,0,0,0,0,0,0,0,0,0,0,0,0,0,0,0,0,0,0,0,0,0,0,0,0,0,40 29:30.718,79 57:02.199,40.491866,-79.950611,,,2,N,,,,N,0,,,,,,,,,,,,2024061362,0,1,0,0,0,0,0,0,0,0,1,0,0,0,0,1,0,0,0,1,0,0,0,0,0,0,0,0,0,0,0,0,0,0,0,0,0,0,0,0,0,0,0,0,0,0,0,0,0,0,0,0,0,0,0,0,0,0,0,0,0,0,1,1,0,0,0,0,1,0,0,0,0,0,0,0,0,0,0,0,0,0,,0,0,0,0,0,0,2024061362,3,,1,02,,S,2,0028,45,,1390,ETNA BP,0,
4128,2024061374,11,02,02208,02208,2024,07,7,,,,3,1,6,1,00,0,2,00,0,0,2,2,2,0,0,0,1,0,1,0,0,0,0,0,,0,0,0,0,0,0,0,0,0,0,0,0,0,0,0,0,0,0,0,0,0,0,0,0,0,40 33:00.263,79 48:28.705,40.550073,-79.807974,,,6,N,,,,N,0,,,,,,,,,,,,2024061374,0,0,1,1,0,0,0,0,0,0,0,1,0,0,0,1,0,0,0,1,0,0,0,0,0,0,0,0,0,0,0,0,0,0,0,0,0,0,0,0,0,0,0,0,0,0,0,0,0,1,0,0,0,0,0,0,0,0,0,0,0,0,0,0,0,0,0,0,1,0,0,0,0,0,0,0,0,0,0,0,1,0,,0,0,0,0,0,0,2024061374,3,,3,02,,N,4,AE28,25,,,LOW GRADE RD,0,
4129,2024061388,11,02,02116,02116,2024,06,5,,,,3,1,4,1,02,3,2,00,0,0,2,2,2,2,0,0,0,0,0,0,0,0,0,0,,0,0,0,0,0,0,0,0,0,0,0,0,0,0,0,0,0,0,0,0,0,0,0,0,0,40 32:03.205,80 02:59.900,40.534224,-80.049972,,,,N,,,,,0,,,,,,,,,,,,2024061388,0,1,0,0,0,0,0,0,0,0,0,0,0,0,0,1,0,0,0,0,1,0,1,1,0,0,0,0,0,0,0,0,0,0,0,0,0,0,0,0,0,0,0,0,0,0,1,0,0,0,0,0,0,0,1,0,0,0,0,0,0,0,0,1,0,0,0,0,1,0,0,0,0,0,0,0,0,0,0,0,0,0,,0,0,0,0,0,0,2024061388,3,,3,02,2,N,2,4011,35,,0,ROCHESTER RD,0,
4130,2024061400,11,02,02301,68B03,2024,06,6,,,,3,1,1,1,00,0,2,03,0,0,2,2,2,1,0,0,0,0,1,0,0,0,1,0,,0,1,0,0,0,0,0,0,0,0,0,0,0,0,0,0,8,0,0,0,0,1,1,0,0,40 26:35.374,80 00:32.283,40.443159,-80.008968,,,,N,,,,,0,,,,,,,,,,,,2024061400,1,1,0,0,0,0,0,0,0,0,1,0,0,0,0,0,0,1,0,1,0,0,0,0,0,0,0,0,0,0,0,0,0,0,0,0,0,0,0,0,0,0,0,0,0,0,0,0,0,0,0,0,0,0,1,0,0,0,0,0,0,0,0,0,0,0,1,1,1,0,0,0,0,1,0,0,0,0,0,0,0,0,,0,0,1,0,0,0,2024061400,3,,1,02,,S,1,0279,50,,128,FORT DUQUESNE BR,1,
4131,2024061458,11,02,02216,68T02,2024,07,1,,,,3,1,7,3,00,0,1,03,0,0,1,3,1,0,0,0,0,0,1,0,0,0,0,0,,0,0,0,0,0,0,0,0,0,0,0,0,0,0,0,0,0,0,0,0,0,0,0,0,0,40 38:35.833,80 01:42.516,40.643287,-80.028477,,,,N,,,,,0,,,,,,,,,,,,2024061458,0,0,0,0,1,0,0,0,0,0,0,0,1,1,0,1,0,0,0,1,0,0,0,0,0,0,0,0,0,0,0,0,1,0,0,0,0,0,0,0,0,0,0,0,0,0,0,0,0,0,1,1,0,0,0,0,0,0,0,0,0,0,0,1,0,0,0,0,1,0,0,0,0,0,0,0,0,0,0,0,0,0,,0,0,1,0,0,0,2024061458,3,,1,02,,W,5,7076,65,,2640,I 76 PK,0,
4132,2024061478,11,02,02111,02111,2024,07,2,,,,3,1,4,1,03,3,2,00,0,0,2,5,2,0,0,0,0,0,2,0,0,0,1,0,,1,0,0,0,0,0,0,0,0,0,0,0,0,0,0,0,3,0,0,0,0,0,0,1,0,40 22:06.255,79 48:59.707,40.368404,-79.816585,,,5,N,,,,Y,0,,,,,,,,,,,,2024061478,0,1,1,0,0,0,0,0,0,0,0,0,0,0,0,0,0,1,0,0,1,0,1,1,0,0,0,0,0,0,0,0,0,0,0,0,0,0,0,0,0,0,0,0,0,0,1,0,0,0,0,0,0,0,1,0,0,0,1,0,0,0,0,1,0,0,0,0,1,0,0,0,0,1,0,0,0,0,0,0,0,1,,0,0,0,0,0,0,2024061478,5,,,02,,W,4,,35,,,CROOKED RUN RD,1,
4133,2024061486,11,02,02109,02109,2024,07,5,,,,3,1,4,1,00,0,2,00,0,0,2,2,2,0,0,0,0,0,2,0,0,0,2,0,,2,0,0,0,0,0,0,0,0,0,0,0,0,0,0,0,3,0,0,0,0,0,1,0,0,40 21:28.528,80 03:00.392,40.357924,-80.050109,,,,N,,,,,0,,,,,,,,,,,,2024061486,0,1,0,0,0,0,0,0,0,0,0,0,0,0,0,0,0,1,0,1,0,0,0,0,0,0,0,0,0,0,0,0,0,0,0,0,0,0,0,0,0,0,0,0,0,0,0,0,0,0,0,0,0,0,1,0,0,0,0,0,0,0,0,0,0,0,0,1,1,0,0,0,0,1,0,0,0,0,0,0,1,1,,0,0,0,0,0,0,2024061486,3,,3,02,,N,2,0019,40,,3143,WASHINGTON RD,2,
4134,2024061529,11,02,02113,02113,2024,07,3,,,,3,1,2,1,02,3,2,00,0,0,2,2,2,1,0,0,0,0,1,0,0,0,0,0,,0,0,0,0,0,0,0,0,0,0,0,0,0,0,0,0,0,0,0,0,1,0,0,0,0,40 27:08.879,79 49:34.581,40.452466,-79.826273,,,,N,,,,,0,,,,,,,,,,,,2024061529,0,1,1,0,0,0,0,0,0,0,0,1,0,0,0,1,0,0,0,0,1,0,1,1,0,0,0,0,0,0,0,0,0,0,0,0,0,0,0,0,0,0,0,0,0,0,1,0,0,0,0,0,0,0,1,0,0,0,0,0,0,0,0,0,0,1,0,0,1,0,0,0,0,0,0,0,0,0,0,0,1,0,,0,0,0,0,0,0,2024061529,4,,,02,2,W,4,,15,,,DUFF RD,0,
4135,2024061542,11,02,02464,02464,2024,07,3,0255,02,,3,1,1,1,02,0,2,00,0,0,3,2,3,3,0,0,0,0,0,0,0,0,0,0,,0,0,0,0,0,0,0,0,0,0,0,0,0,0,0,0,0,0,0,0,0,0,0,0,0,40 36:07.670,79 45:09.055,40.602131,-79.752515,,,,N,,,0,,0,,,,,,,,,,,,2024061542,0,0,1,1,0,0,0,0,0,0,1,0,0,0,0,1,0,0,0,0,1,0,0,1,0,0,0,0,0,0,0,0,0,0,0,0,0,0,0,0,0,0,0,0,1,0,0,0,0,0,0,0,1,1,1,0,0,0,0,0,0,0,0,0,0,0,0,0,1,0,1,0,0,0,0,0,0,0,0,0,1,0,,0,0,0,0,0,0,2024061542,3,,,02,,E,4,,25,,,FOURTH AV,0,
4136,2024061553,11,02,02115,02115,2024,07,2,,,,3,1,4,1,01,2,2,00,0,0,2,2,2,0,1,0,0,0,1,0,0,0,1,1,,0,0,0,0,0,0,0,0,0,1,0,0,0,0,0,0,2,0,0,0,0,0,0,0,0,40 26:58.043,80 06:26.477,40.449456,-80.107355,,,3,N,,,,N,0,,,,,,,,,,,,2024061553,0,1,1,0,0,0,0,0,0,0,0,0,0,0,0,0,1,1,0,0,1,1,0,0,0,0,0,0,0,0,0,0,0,0,0,1,0,0,0,0,0,0,0,0,0,0,0,1,0,0,0,0,0,0,1,0,0,0,0,0,0,0,0,0,0,0,0,0,1,0,0,0,0,1,0,0,0,0,0,0,0,0,,1,0,0,0,0,0,2024061553,5,,,02,,S,4,,25,,,HADDOCK DR,1,
4137,2024061576,11,02,02119,68B03,2024,06,5,,,,3,1,0,1,00,0,2,00,0,0,3,5,3,1,0,0,0,1,1,0,0,0,1,0,,1,0,0,0,0,0,0,0,0,0,0,0,0,0,0,1,3,0,0,0,0,1,0,0,0,40 21:03.154,80 07:02.865,40.350876,-80.117463,,,2,N,,,,N,0,,,,,,,,,,,,2024061576,1,1,0,0,0,0,0,0,0,0,0,0,0,1,0,0,0,1,0,1,0,0,0,0,0,0,0,0,0,0,0,0,0,0,1,0,0,1,1,0,0,0,0,0,0,0,0,0,0,0,0,0,0,0,0,0,0,0,0,0,0,0,0,1,0,0,1,0,1,0,0,0,0,1,1,0,0,0,0,0,0,1,,0,0,1,0,0,0,2024061576,3,,1,02,,S,1,0079,55,,1142,RAYMOND P SHAFER HW,1,
4138,2024061589,11,02,02104,68D02,2024,07,4,,,,3,1,1,1,00,0,2,03,0,0,2,3,2,0,0,0,0,1,1,0,0,0,2,1,,1,0,0,0,0,0,0,0,0,0,0,0,0,0,0,1,2,0,0,0,0,0,0,0,0,40 35:14.807,79 46:38.793,40.587446,-79.777443,,,2,N,,,,N,0,,,,,,,,,,,,2024061589,0,1,0,0,0,0,0,0,0,0,1,0,0,0,0,0,1,1,0,1,0,0,0,0,0,0,0,0,0,0,0,0,0,0,0,0,0,1,0,0,0,0,0,0,0,0,0,0,0,0,0,1,0,0,0,0,0,0,0,0,0,0,1,1,0,0,0,0,1,0,0,0,0,1,1,0,0,0,0,0,1,1,,1,0,1,0,0,0,2024061589,3,,1,02,,S,2,0028,65,,864,ALLEGHENY VALLEY EX,2,
4139,2024061592,11,02,02301,68B03,2024,07,5,,,,3,1,4,1,00,0,2,00,0,0,2,2,2,2,0,0,0,0,0,0,0,0,0,0,,0,0,0,0,0,0,0,0,0,0,0,0,0,0,0,0,0,0,0,0,0,0,0,0,0,40 26:58.152,80 00:11.897,40.449487,-80.003305,,,,N,,,,,0,,,,,,,,,,,,2024061592,1,1,0,0,0,0,0,0,0,0,0,0,0,0,0,1,0,0,0,1,0,0,0,0,0,0,0,0,0,0,0,0,0,0,0,0,0,0,0,0,0,0,0,0,0,0,0,0,0,0,0,0,0,0,1,0,0,0,0,0,0,0,0,0,0,0,0,0,1,0,0,0,0,0,0,0,0,0,0,0,1,0,,0,0,1,0,0,0,2024061592,3,,1,02,,S,1,0279,50,,3577,FORT DUQUESNE BR,0,
4140,2024061648,11,02,02446,02446,2024,07,5,,,,3,1,4,1,02,0,2,07,0,0,2,2,2,1,0,0,0,0,1,0,0,0,0,0,,0,0,0,0,0,0,0,0,0,0,0,0,0,0,0,0,0,0,0,0,0,0,0,0,0,40 26:25.000,79 47:07.100,40.440278,-79.785306,,,,N,,,,,0,,,,,,,,,,,,2024061648,0,0,1,1,0,0,0,0,0,0,0,0,0,0,0,1,0,0,0,0,1,0,0,1,0,0,0,0,0,0,0,0,0,0,0,0,0,0,0,0,0,0,0,0,0,0,1,0,0,0,0,0,0,0,1,0,0,0,0,0,0,0,0,1,0,0,0,0,1,0,0,0,0,0,0,0,0,0,0,0,1,0,,0,0,0,0,0,0,2024061648,3,,,02,,W,7,,15,,,VENSEL LN,0,
4141,2024061649,11,02,02458,02458,2024,07,3,,,,3,1,1,1,00,0,2,00,0,0,3,3,3,3,0,0,0,0,0,0,0,0,0,0,,0,0,0,0,0,0,0,0,0,0,0,0,0,0,0,0,0,0,0,0,0,0,1,0,0,40 31:55.882,80 10:30.908,40.532189,-80.175252,,,1,N,,,,N,0,,,,,,,,,,,,2024061649,0,1,0,0,0,0,0,0,0,0,1,0,0,0,0,1,0,0,0,1,0,0,0,0,0,0,0,0,0,0,0,0,0,0,0,0,0,0,0,0,0,0,0,0,0,0,0,0,0,0,0,0,0,0,0,0,0,0,0,0,0,0,0,0,0,0,0,1,1,0,0,0,0,0,0,0,0,0,0,0,0,0,,0,0,0,0,0,0,2024061649,3,,3,02,2,N,2,0065,45,,1423,OHIO RIVER BL,0,
4142,2024061664,11,02,02446,02446,2024,07,5,,,,3,1,4,1,00,0,2,07,0,0,2,4,2,2,0,0,0,0,0,0,0,0,0,0,,0,0,0,0,0,0,0,0,0,0,0,0,0,0,0,0,0,0,0,0,0,0,0,0,1,40 26:19.847,79 45:52.890,40.438846,-79.764692,,,,N,,,,,0,,,,,,,,,,,,2024061664,0,1,0,0,0,0,0,0,0,0,0,0,0,0,0,1,0,0,0,1,0,0,0,0,0,0,0,0,0,0,0,0,0,0,0,0,0,0,0,0,0,0,0,0,0,0,0,0,0,0,0,0,0,0,1,0,0,0,0,1,0,0,0,0,0,0,0,0,1,0,0,0,0,0,0,0,0,0,0,0,0,0,,0,1,0,0,0,0,2024061664,3,,3,02,,E,2,2048,35,,1200,WILLIAM PENN HW,0,
4143,2024061670,11,02,02478,02478,2024,07,2,,,,3,1,4,1,01,3,2,00,0,0,2,2,2,1,0,0,0,0,1,0,0,0,0,0,,0,0,0,0,0,0,0,0,0,0,0,0,0,0,0,0,0,0,0,0,0,0,1,0,0,40 26:39.406,79 52:40.760,40.444279,-79.877989,,,,N,,,,N,0,,,,,,,,,,,,2024061670,0,0,1,1,0,0,0,0,0,0,0,0,0,0,0,1,0,0,0,0,1,0,1,1,0,0,0,0,0,0,0,0,0,0,0,0,0,0,0,0,0,0,0,0,0,0,0,0,0,0,0,0,0,0,0,0,0,0,0,0,0,0,0,0,0,0,0,1,1,0,0,0,0,0,0,0,0,0,0,0,0,0,,0,0,0,0,0,0,2024061670,3,,3,02,,W,4,ANFA,25,,,HILL AV,0,
4144,2024061693,11,02,02301,02301,2024,07,2,,,,3,1,2,1,00,0,2,00,0,0,2,2,2,0,0,0,0,0,2,0,0,0,2,0,,2,0,0,0,0,0,0,0,0,0,0,0,0,0,0,0,3,0,0,0,0,0,0,0,0,40 26:22.506,80 02:06.476,40.439585,-80.035132,,,4,N,,,,N,0,,,,,,,,,,,,2024061693,0,1,0,0,0,0,0,0,0,0,0,1,0,0,0,0,0,1,0,1,0,0,0,0,0,0,0,0,0,0,0,0,0,0,0,0,0,0,0,0,0,0,0,0,0,0,0,0,0,0,0,0,0,0,0,1,0,0,0,0,0,0,1,1,0,0,0,0,1,0,0,0,0,1,0,0,0,0,0,0,0,1,,0,0,0,0,0,0,2024061693,3,,3,02,,S,2,0060,55,,121,MAIN ST,2,
4145,2024061695,11,02,02301,02301,2024,07,2,,,,3,1,7,4,03,0,2,00,0,0,2,1,1,0,0,0,0,0,1,0,0,0,0,0,,0,0,0,0,0,0,0,0,0,0,0,0,0,0,0,0,0,0,0,0,0,0,0,0,0,40 26:31.019,80 03:38.676,40.44195,-80.060743,,,,N,,,,,0,,,,,,,,,,,,2024061695,0,0,1,1,0,0,0,0,0,0,0,0,1,1,0,1,0,0,0,0,1,0,0,1,0,0,0,0,0,0,0,0,0,0,0,0,0,0,0,0,1,0,0,0,0,0,0,0,0,0,0,0,0,0,1,0,0,0,0,0,0,0,0,0,0,0,0,0,1,0,0,0,0,0,0,0,0,0,0,0,0,0,,0,0,0,0,0,0,2024061695,3,,3,02,,W,4,AGPC,35,,,STEUBEN ST,0,
4146,2024061700,11,02,02466,02466,2024,07,3,,,,3,1,0,1,02,0,2,00,0,0,1,1,1,0,0,0,0,1,0,0,0,0,1,0,,0,1,0,0,0,0,0,0,0,0,0,0,0,0,0,1,8,0,0,0,0,0,0,0,0,40 28:13.291,79 45:17.526,40.470359,-79.754868,,,5,N,,,,Y,0,,,,,,,,,,,,2024061700,0,0,1,1,0,0,0,0,0,0,0,0,0,1,0,0,0,1,0,0,1,0,0,1,0,0,0,0,0,0,0,0,0,0,1,0,0,1,0,0,0,0,0,0,0,0,0,0,0,0,1,0,1,1,1,0,0,0,0,0,0,0,0,1,0,0,0,0,1,0,0,0,0,1,1,0,0,0,0,0,0,0,,0,0,0,0,0,0,2024061700,3,,,02,,N,4,,35,,,PIERSONS RUN RD,1,
4147,2024061708,11,02,02108,02108,2024,07,3,,,,2,1,4,1,00,0,2,07,0,0,2,3,2,2,0,0,0,0,0,0,0,0,2,0,,2,0,0,1,0,0,0,0,0,0,0,0,0,0,0,0,3,0,0,0,0,0,1,1,0,40 33:21.217,80 02:20.238,40.555894,-80.038955,,,1,N,,,,N,0,,,,,,,,,,,,2024061708,0,1,0,0,0,0,0,0,0,0,0,0,0,0,0,0,0,1,0,1,0,0,0,0,0,0,0,0,0,0,0,0,0,0,0,0,0,0,0,0,0,0,0,0,0,0,0,0,0,0,0,0,0,0,1,0,0,0,1,0,1,0,0,0,0,0,0,1,1,0,0,0,0,1,0,0,0,0,0,0,0,1,,0,0,0,0,0,0,2024061708,3,,3,02,,N,2,0019,35,,2843,PERRY HW,2,
4148,2024061712,11,02,02301,02301,2024,06,3,1613,16,,3,1,1,1,06,4,2,02,0,0,3,5,3,1,0,0,0,0,2,0,0,0,1,0,,1,0,0,0,0,0,0,0,0,0,0,0,0,0,0,0,3,0,0,0,1,0,1,0,0,40 25:44.013,79 55:57.038,40.428893,-79.932511,,,,N,,,3,,0,,,,,,,,,,,,2024061712,1,1,0,0,0,0,0,0,0,0,1,0,0,0,0,0,0,1,0,0,1,0,0,1,0,0,0,0,0,0,0,0,0,0,0,0,0,0,0,0,0,0,0,0,0,0,0,0,0,0,0,0,0,0,1,0,0,0,0,0,0,0,0,0,0,1,0,1,1,0,0,0,0,1,0,0,0,0,0,0,0,1,,0,1,0,0,0,0,2024061712,3,,1,02,,E,1,0376,55,,1852,PENN LINCOLN PY,1,
4149,2024061727,11,02,02414,02102,2024,07,1,,,,3,1,7,2,00,4,2,02,0,0,1,1,1,0,0,0,0,0,1,0,0,0,0,0,,0,0,0,1,0,0,0,0,0,0,0,0,0,0,0,0,0,0,0,0,0,0,1,0,0,40 21:19.808,80 07:09.460,40.355502,-80.119294,,,,Y,,,,,1,1,1,99,0,,,0,1,,,1,2024061727,0,1,0,0,0,0,0,0,0,0,0,0,1,1,1,1,0,0,0,1,0,0,0,0,0,0,0,0,0,0,0,1,0,0,0,0,0,0,0,0,0,1,1,0,0,0,0,0,0,0,0,0,1,1,1,0,0,0,0,0,1,0,0,0,0,0,0,1,1,0,0,0,0,0,0,1,0,0,0,0,0,0,,0,0,0,0,0,0,2024061727,3,,1,02,2,N,2,8003,20,,964,RAMP D RD,0,
4150,2024061741,11,02,02113,02113,2024,07,3,,,,3,1,4,1,01,3,2,00,0,0,2,2,2,2,0,0,0,0,0,0,0,0,0,0,,0,0,0,1,0,0,0,0,0,0,0,0,0,0,0,0,0,0,0,1,0,0,1,0,0,40 29:22.124,79 49:11.470,40.489479,-79.819853,,,7,N,,,,N,0,,,,,,,,,,,,2024061741,0,1,1,0,0,0,0,0,0,0,0,0,0,0,0,1,0,0,0,0,1,0,1,1,0,0,0,0,0,0,0,0,0,0,0,0,0,0,0,0,0,0,0,0,0,0,0,0,0,0,0,0,1,1,1,0,0,0,0,0,1,0,0,0,1,0,0,1,1,0,0,0,0,0,0,0,0,0,0,0,0,0,,0,1,0,1,0,0,2024061741,6,,,02,,N,4,,25,,,MCGREGOR DR,0,
4151,2024061780,11,02,02109,02109,2024,07,6,,,,3,1,4,1,02,3,2,00,0,0,2,3,2,1,0,0,0,0,1,0,0,0,0,0,,0,0,0,0,0,0,0,0,0,0,0,0,0,0,0,0,0,0,0,0,0,0,1,0,1,40 22:17.014,80 04:38.907,40.371393,-80.077474,,,2,N,,,,N,0,,,,,,,,,,,,2024061780,0,1,1,0,0,0,0,0,0,0,0,0,0,0,0,1,0,0,0,0,1,0,1,1,0,0,0,0,0,0,0,0,0,0,0,0,0,0,0,0,0,0,0,0,0,0,1,0,0,0,0,0,0,0,1,0,0,0,0,1,0,0,0,0,0,0,0,1,1,0,0,0,0,0,0,0,0,0,0,0,0,0,,0,0,0,0,0,0,2024061780,4,,,02,,U,4,,,,,WORCESTER DR,0,
4152,2024061781,11,02,02213,02213,2024,07,5,,,,3,1,4,1,02,3,2,00,0,0,2,2,2,2,0,0,0,0,0,0,0,0,1,0,,1,0,0,0,0,0,0,0,0,0,0,0,0,0,0,0,3,0,0,0,0,0,1,0,0,40 32:48.324,80 14:31.555,40.546757,-80.242099,,,,N,,,,,0,,,,,,,,,,,,2024061781,0,1,1,0,0,0,0,0,0,0,0,0,0,0,0,0,0,1,0,0,1,0,1,1,0,0,0,0,0,0,0,0,0,0,0,0,0,0,0,0,0,0,0,0,0,0,1,0,0,0,0,0,0,0,1,0,0,0,0,0,0,0,0,1,0,0,0,1,1,0,0,0,0,1,0,0,0,0,0,0,0,1,,0,0,0,0,0,0,2024061781,4,,,02,,E,4,,35,,,SPRING RUN RD ET,1,
4153,2024061835,11,02,02413,02413,2024,07,3,,,,3,1,4,1,02,0,2,00,0,0,2,2,2,1,0,0,0,0,1,0,0,0,2,0,,2,0,0,0,0,0,0,0,0,0,0,0,0,0,0,0,3,0,0,1,0,0,0,0,0,40 23:08.360,79 58:17.117,40.385656,-79.971421,,,1,N,,,,N,0,,,,,,,,,,,,2024061835,0,1,1,0,0,0,0,0,0,0,0,0,0,0,0,0,0,1,0,0,1,0,0,1,0,0,0,0,0,0,0,0,0,0,0,0,0,0,0,0,0,0,0,0,0,0,0,0,0,0,0,0,0,0,1,0,0,0,0,0,0,0,0,0,1,0,0,0,1,0,0,0,0,1,0,0,0,0,0,0,1,1,,0,0,0,0,0,0,2024061835,4,,,02,,N,4,,35,,,WILLETT AV,2,
4154,2024061889,11,02,02467,02467,2024,07,4,,,,3,1,4,1,01,2,2,00,0,0,2,2,2,2,0,0,0,0,0,0,0,0,1,0,,0,0,0,0,0,0,0,0,0,0,0,0,0,0,0,0,4,0,0,0,0,0,0,1,0,40 24:23.181,79 49:36.619,40.406439,-79.826839,,,4,N,,,,N,0,,,,,,,,,,,,2024061889,0,1,1,0,0,0,0,0,0,0,0,0,0,0,0,0,0,1,0,0,1,1,0,0,0,0,0,0,0,0,0,0,0,0,0,0,0,0,0,0,0,0,0,0,0,0,0,0,0,0,0,0,0,0,1,0,0,0,1,0,0,0,0,0,0,0,0,0,1,0,0,0,0,1,0,0,0,0,0,0,0,0,,0,0,0,0,0,0,2024061889,6,,,02,,S,4,,25,,,THOMPSON ST,1,
4155,2024061892,11,02,02446,02446,2024,07,2,,,,3,1,5,1,00,2,2,00,0,0,3,5,3,2,0,0,0,0,1,0,0,0,1,0,,1,0,0,0,0,0,0,0,0,0,0,0,0,0,0,0,3,0,1,0,0,0,0,0,0,40 25:47.810,79 47:09.910,40.429947,-79.786086,,,,N,,,,,0,,,,,,,,,,,,2024061892,0,0,1,1,0,0,0,0,0,0,0,0,0,0,0,0,0,1,0,1,0,0,0,0,0,0,0,0,0,0,0,0,0,0,0,0,0,0,0,0,0,0,0,0,0,0,0,0,0,0,0,0,0,1,1,0,0,1,0,0,0,0,0,0,0,0,0,0,0,0,0,0,0,1,0,0,0,0,0,0,0,1,,0,1,0,0,0,0,2024061892,3,,,02,,E,4,,25,,,MONROEVILLE BL,1,
4156,2024061906,11,02,02113,02113,2024,07,4,,,,7,9,7,5,00,0,2,07,0,0,2,1,1,0,1,0,0,0,0,0,0,0,1,0,,0,1,0,0,0,0,0,0,0,0,0,0,0,0,0,0,8,0,0,0,0,0,0,0,0,40 28:33.312,79 47:10.417,40.47592,-79.786227,,,,N,,,,,0,,,,,,,,,,,,2024061906,0,0,1,1,0,1,0,0,0,0,0,0,1,1,0,0,0,1,0,1,0,0,0,0,0,0,0,1,0,0,0,0,0,0,0,1,0,0,0,0,1,0,0,0,0,0,0,0,0,0,0,0,0,0,1,0,0,0,0,0,0,0,0,0,0,0,0,0,1,0,0,0,0,1,0,0,0,0,0,0,0,0,,0,0,0,0,0,0,2024061906,3,,,02,,N,4,,35,,,UNIVERSAL RD,1,