_id,CRASH_CRN,DISTRICT,CRASH_COUNTY,MUNICIPALITY,POLICE_AGCY,CRASH_YEAR,CRASH_MONTH,DAY_OF_WEEK,TIME_OF_DAY,HOUR_OF_DAY,ILLUMINATION,WEATHER,ROAD_CONDITION,COLLISION_TYPE,RELATION_TO_ROAD,INTERSECT_TYPE,TCD_TYPE,URBAN_RURAL,LOCATION_TYPE,SCH_BUS_IND,SCH_ZONE_IND,TOTAL_UNITS,PERSON_COUNT,VEHICLE_COUNT,AUTOMOBILE_COUNT,MOTORCYCLE_COUNT,BUS_COUNT,SMALL_TRUCK_COUNT,HEAVY_TRUCK_COUNT,SUV_COUNT,VAN_COUNT,BICYCLE_COUNT,FATAL_COUNT,INJURY_COUNT,MAJ_INJ_COUNT,MOD_INJ_COUNT,MIN_INJ_COUNT,UNK_INJ_DEG_COUNT,UNK_INJ_PER_COUNT,UNBELTED_OCC_COUNT,UNB_DEATH_COUNT,UNB_MAJ_INJ_COUNT,BELTED_DEATH_COUNT,BELTED_MAJ_INJ_COUNT,MCYCLE_DEATH_COUNT,MCYCLE_MAJ_INJ_COUNT,BICYCLE_DEATH_COUNT,BICYCLE_MAJ_INJ_COUNT,PED_COUNT,PED_DEATH_COUNT,PED_MAJ_INJ_COUNT,COMM_VEH_COUNT,MAX_SEVERITY_LEVEL,DRIVER_COUNT_16YR,DRIVER_COUNT_17YR,DRIVER_COUNT_18YR,DRIVER_COUNT_19YR,DRIVER_COUNT_20YR,DRIVER_COUNT_50_64YR,DRIVER_COUNT_65_74YR,DRIVER_COUNT_75PLUS,LATITUDE,LONGITUDE,DEC_LAT,DEC_LONG,EST_HRS_CLOSED,LANE_CLOSED,LN_CLOSE_DIR,NTFY_HIWY_MAINT,RDWY_SURF_TYPE_CD,SPEC_JURIS_CD,TCD_FUNC_CD,TFC_DETOUR_IND,WORK_ZONE_IND,WORK_ZONE_TYPE,WORK_ZONE_LOC,CONS_ZONE_SPD_LIM,WORKERS_PRES,WZ_CLOSE_DETOUR,WZ_FLAGGER,WZ_LAW_OFFCR_IND,WZ_LN_CLOSURE,WZ_MOVING,WZ_OTHER,WZ_SHLDER_MDN,FLAG_CRN,INTERSTATE,STATE_ROAD,LOCAL_ROAD,LOCAL_ROAD_ONLY,TURNPIKE,WET_ROAD,SNOW_SLUSH_ROAD,ICY_ROAD,SUDDEN_DEER,SHLDR_RELATED,REAR_END,HO_OPPDIR_SDSWP,HIT_FIXED_OBJECT,SV_RUN_OFF_RD,WORK_ZONE,PROPERTY_DAMAGE_ONLY,FATAL_OR_MAJ_INJ,INJURY,FATAL,NON_INTERSECTION,INTERSECTION,SIGNALIZED_INT,STOP_CONTROLLED_INT,UNSIGNALIZED_INT,SCHOOL_BUS,SCHOOL_ZONE,HIT_DEER,HIT_TREE_SHRUB,HIT_EMBANKMENT,HIT_POLE,HIT_GDRAIL,HIT_GDRAIL_END,HIT_BARRIER,HIT_BRIDGE,OVERTURNED,MOTORCYCLE,BICYCLE,HVY_TRUCK_RELATED,VEHICLE_FAILURE,TRAIN_TROLLEY,PHANTOM_VEHICLE,ALCOHOL_RELATED,DRINKING_DRIVER,UNDERAGE_DRNK_DRV,UNLICENSED,CELL_PHONE,NO_CLEARANCE,RUNNING_RED_LT,TAILGATING,CROSS_MEDIAN,CURVE_DVR_ERROR,LIMIT_65MPH,SPEEDING,SPEEDING_RELATED,AGGRESSIVE_DRIVING,FATIGUE_ASLEEP,DRIVER_16YR,DRIVER_17YR,DRIVER_65_74YR,DRIVER_75PLUS,UNBELTED,PEDESTRIAN,DISTRACTED,CURVED_ROAD,DRIVER_18YR,DRIVER_19YR,DRIVER_20YR,DRIVER_50_64YR,VEHICLE_TOWED,FIRE_IN_VEHICLE,HIT_PARKED_VEHICLE,MC_DRINKING_DRIVER,DRUGGED_DRIVER,INJURY_OR_FATAL,COMM_VEHICLE,IMPAIRED_DRIVER,DEER_RELATED,DRUG_RELATED,HAZARDOUS_TRUCK,ILLEGAL_DRUG_RELATED,ILLUMINATION_DARK,MINOR_INJURY,MODERATE_INJURY,MAJOR_INJURY,NHTSA_AGG_DRIVING,PSP_REPORTED,RUNNING_STOP_SIGN,TRAIN,TROLLEY,ROADWAY_CRN,RDWY_SEQ_NUM,ADJ_RDWY_SEQ,ACCESS_CTRL,ROADWAY_COUNTY,LANE_COUNT,RDWY_ORIENT,ROAD_OWNER,ROUTE,SPEED_LIMIT,SEGMENT,OFFSET,STREET_NAME,TOT_INJ_COUNT,SCHOOL_BUS_UNIT
4187,2024062322,11,02,02451,02451,2024,07,5,,,,3,1,5,1,00,0,2,00,,,2,2,2,1,0,0,0,0,1,0,0,0,0,0,,0,0,0,0,0,0,0,0,0,0,0,0,0,0,0,0,0,0,0,0,0,0,1,1,0,40 31:29.692,79 50:17.219,40.524914,-79.838116,,,4,N,,,,N,0,,,,,,,,,,,,2024062322,0,1,0,0,0,0,0,0,0,0,0,0,0,0,0,1,0,0,0,1,0,0,0,0,0,0,0,0,0,0,0,0,0,0,0,0,0,0,0,0,0,0,0,0,0,0,0,0,0,0,0,0,0,0,0,0,0,0,1,0,0,0,0,0,0,0,0,1,1,0,0,0,0,0,0,0,0,0,0,0,0,0,,0,0,0,0,0,0,2024062322,3,,3,02,,W,2,2082,35,,789,HULTON BRIDGE RD,0,
4188,2024062366,11,02,02301,02301,2024,07,7,,,,3,1,4,1,00,2,2,00,0,0,2,3,2,0,0,0,0,0,2,0,0,0,1,0,,1,0,0,0,0,0,0,0,0,0,0,0,0,0,0,0,3,0,0,0,0,0,0,0,0,40 27:11.553,79 54:24.895,40.453209,-79.906915,,,,N,,,,,0,,,,,,,,,,,,2024062366,0,1,0,0,0,0,0,0,0,0,0,0,0,0,0,0,0,1,0,1,0,0,0,0,0,0,0,0,0,0,0,0,0,0,0,0,0,0,0,0,0,0,0,0,0,0,0,0,0,0,0,0,0,0,0,0,0,0,0,0,0,0,0,0,0,0,0,0,1,0,0,0,0,1,0,0,0,0,0,0,0,1,,0,0,0,0,0,0,2024062366,3,,3,02,2,B,2,0400,25,,709,N DALLAS AV,1,
4189,2024062381,11,02,02214,02214,2024,07,5,,,,3,1,7,2,00,0,1,00,0,0,1,1,1,0,0,0,0,0,1,0,0,0,1,0,,1,0,0,0,0,0,0,0,0,0,0,0,0,0,0,0,3,0,0,0,0,0,0,1,0,40 25:31.282,80 12:04.329,40.425356,-80.201203,,,2,N,,,,N,0,,,,,,,,,,,,2024062381,0,1,0,0,0,0,0,0,0,0,0,0,1,1,0,0,0,1,0,1,0,0,0,0,0,0,0,0,0,0,1,0,0,0,0,0,0,0,0,0,0,0,0,0,0,0,0,0,0,0,0,0,0,0,0,0,0,0,1,0,0,0,0,1,0,0,0,0,1,0,0,0,0,1,0,0,0,0,0,0,0,1,,0,0,0,0,0,0,2024062381,3,,3,02,,S,2,3063,40,,2451,OAKDALE RD,1,
4190,2024062383,11,02,02415,02415,2024,07,4,,,,3,1,6,1,00,0,2,03,0,0,2,2,2,1,0,0,0,0,0,1,0,0,1,0,,0,1,0,0,0,0,0,0,0,0,0,0,0,0,0,0,8,0,0,0,0,0,1,0,0,40 24:09.511,80 05:20.293,40.402642,-80.08897,,,5,N,,,,N,0,,,,,,,,,,,,2024062383,0,0,1,1,0,0,0,0,0,0,0,1,0,0,0,0,0,1,0,1,0,0,0,0,0,0,0,0,0,0,0,0,0,0,0,0,0,0,0,0,0,0,0,0,0,1,0,0,0,1,0,0,0,0,0,0,0,0,0,0,0,0,1,0,0,0,0,1,1,0,0,0,0,1,0,0,0,0,0,0,1,0,,0,0,0,0,0,0,2024062383,3,,,02,,S,4,,35,,,THIRD ST,1,
4191,2024062393,11,02,02220,02220,2024,07,3,,,,3,1,7,4,00,0,2,00,0,0,1,1,1,0,0,0,1,0,0,0,0,0,0,0,,0,0,0,0,0,0,0,0,0,0,0,0,0,0,0,0,0,0,0,0,0,0,0,0,0,40 36:45.800,79 51:52.100,40.612722,-79.864472,,,6,N,,,,N,0,,,,,,,,,,,,2024062393,0,0,1,1,0,0,0,0,0,0,0,0,1,1,0,1,0,0,0,1,0,0,0,0,0,0,0,0,0,1,0,0,0,0,0,0,0,0,0,0,0,0,0,0,0,0,0,0,0,0,0,0,0,0,0,1,0,0,0,0,0,0,0,1,0,0,0,0,1,0,0,0,0,0,0,0,0,0,0,0,0,0,,0,0,0,0,0,0,2024062393,3,,3,02,,E,4,AG6P,25,,,TRUMP RD,0,
4192,2024062395,11,02,02301,02301,2024,06,4,,,,3,1,4,1,00,0,2,01,0,0,2,3,2,1,0,0,0,0,1,0,0,0,2,0,,0,0,0,0,0,0,0,0,0,0,0,0,0,0,0,0,4,0,0,0,0,0,0,1,0,40 26:25.079,80 01:05.598,40.4403,-80.018222,,,7,N,,,,N,0,,,,,,,,,,,,2024062395,0,1,0,0,0,0,0,0,0,0,0,0,0,0,0,0,0,1,0,1,0,0,0,0,0,0,0,0,0,0,0,0,0,0,0,0,0,0,0,0,0,0,0,0,0,0,0,0,0,0,0,0,0,0,1,0,0,0,1,0,0,0,0,0,0,0,0,0,1,0,0,0,0,1,0,0,0,0,0,0,0,0,,0,0,0,0,0,0,2024062395,3,,3,02,,S,2,0837,35,,809,WEST CARSON ST,2,
4193,2024062400,11,02,02117,02117,2024,07,5,,,,3,1,4,1,02,0,2,00,0,0,2,2,2,1,0,0,0,0,1,0,0,0,2,0,,1,1,0,0,0,0,0,0,0,0,0,0,0,0,0,0,3,0,1,0,0,0,0,0,1,40 24:04.662,80 03:47.761,40.401295,-80.063267,,,1,N,,,,Y,0,,,,,,,,,,,,2024062400,0,1,1,0,0,0,0,0,0,0,0,0,0,0,0,0,0,1,0,0,1,0,0,1,0,0,0,0,0,0,0,0,0,0,0,0,0,0,0,0,0,0,0,0,0,0,0,0,0,0,0,0,0,0,1,0,0,1,0,1,0,0,0,0,0,0,0,0,1,0,0,0,0,1,0,0,0,0,0,0,0,1,,0,0,0,0,0,0,2024062400,5,,,02,2,E,4,,25,,,GREEN OAK LN,2,
4194,2024062405,11,02,02118,02118,2024,07,4,,,,3,1,0,1,00,0,2,00,0,0,1,3,1,0,1,0,0,0,0,0,0,0,3,0,,3,0,0,0,0,0,0,0,0,0,0,0,0,0,0,0,3,0,0,0,0,1,0,0,0,40 30:34.793,79 57:21.596,40.509665,-79.955999,,,5,N,,,,Y,0,,,,,,,,,,,,2024062405,0,1,0,0,0,0,0,0,0,0,0,0,0,1,0,0,0,1,0,1,0,0,0,0,0,0,0,0,0,0,0,0,0,0,0,1,0,0,0,0,0,1,1,1,0,0,0,0,0,0,1,0,1,1,1,0,0,0,0,0,0,0,0,1,0,0,1,0,1,0,0,1,0,1,0,1,0,0,0,0,1,1,,0,1,0,0,0,0,2024062405,3,,3,02,,S,2,4019,30,,1313,MT ROYAL BL,3,
4195,2024062409,11,02,02301,02301,2024,07,7,,,,3,1,4,1,01,0,2,00,0,0,2,4,2,1,0,0,0,0,1,0,0,0,1,0,,1,0,0,0,0,0,0,0,0,0,0,0,0,0,0,0,3,0,0,0,0,0,0,0,0,40 27:30.706,79 58:20.806,40.458529,-79.972446,,,,N,,,,,0,,,,,,,,,,,,2024062409,0,0,1,1,0,0,0,0,0,0,0,0,0,0,0,0,0,1,0,0,1,0,0,1,0,0,0,0,0,0,0,0,0,0,0,0,0,0,0,0,0,0,0,0,0,0,1,0,0,0,0,0,0,0,1,0,0,0,0,0,0,0,0,0,0,0,0,0,1,0,0,0,0,1,0,0,0,0,0,0,1,1,,0,0,0,0,0,0,2024062409,3,,3,02,,E,4,AIDA,25,,,SPRING WY,1,
4196,2024062421,11,02,02111,02111,2024,07,4,,,,3,1,4,1,02,2,2,00,0,0,2,2,2,2,0,0,0,0,0,0,0,0,2,0,,2,0,0,1,0,0,0,0,0,0,0,0,0,0,0,0,3,0,0,0,0,0,0,0,0,40 23:01.776,79 49:22.279,40.383827,-79.822855,,,4,N,,,,Y,0,,,,,,,,,,,,2024062421,0,1,0,0,0,0,0,0,0,0,0,0,0,0,0,0,0,1,0,0,1,1,0,0,0,0,0,0,0,0,0,0,0,0,0,0,0,0,0,0,0,0,0,0,0,0,0,0,0,1,0,0,0,1,1,0,0,0,0,0,1,0,0,0,0,0,0,0,1,0,0,0,0,1,0,0,0,0,0,0,0,1,,0,1,0,0,0,0,2024062421,3,,3,02,,E,2,0030,40,,1269,LINCOLN HW,2,
4197,2024062495,11,02,02112,02112,2024,07,2,,,,3,1,7,4,00,0,2,00,0,0,1,1,1,0,0,0,0,0,1,0,0,0,1,0,,0,1,0,0,0,0,0,0,0,0,0,0,0,0,0,0,8,0,0,0,0,0,0,0,0,40 31:08.900,79 55:10.700,40.519139,-79.919639,,,,N,,,,,0,,,,,,,,,,,,2024062495,0,0,1,1,0,0,0,0,0,0,0,0,1,1,0,0,0,1,0,1,0,0,0,0,0,0,0,0,0,0,0,0,0,0,0,0,0,0,0,0,0,1,1,0,0,0,0,0,0,0,0,0,0,0,0,0,0,0,0,0,0,0,0,1,0,0,0,0,1,0,0,0,0,1,0,1,0,0,0,0,0,0,,0,0,0,0,0,0,2024062495,3,,,02,,E,4,,30,,,DORSEYVILLE RD,1,
4198,2024062498,11,02,02301,02503,2024,07,7,,,,3,1,8,1,00,0,2,00,0,0,2,2,1,0,0,1,0,0,0,0,0,0,1,1,,0,0,0,0,0,0,0,1,0,0,0,0,1,0,1,1,2,0,0,0,0,0,0,0,0,40 25:43.838,79 58:56.698,40.428844,-79.982416,,,5,N,,,,Y,0,,,,,,,,,,,,2024062498,0,1,0,0,0,0,0,0,0,0,0,0,0,0,0,0,1,1,0,1,0,0,0,0,0,0,0,0,0,0,0,0,0,0,0,0,0,0,0,0,0,1,0,0,0,0,0,0,0,0,0,0,0,0,0,0,0,0,0,0,0,1,0,0,0,0,0,0,0,0,0,0,0,1,1,0,0,0,0,0,1,0,,1,0,0,0,0,0,2024062498,3,,3,02,,W,2,0837,25,,221,EAST CARSON ST,1,
4199,2024062502,11,02,02109,02109,2024,07,3,,,,3,1,4,1,02,3,2,00,0,0,2,3,2,1,0,0,0,0,1,0,0,0,1,0,,0,0,0,0,0,0,0,0,0,0,0,0,0,0,0,0,4,0,0,0,0,0,1,0,0,40 22:42.656,80 03:16.316,40.378516,-80.054532,,,4,N,,,,Y,0,,,,,,,,,,,,2024062502,0,0,1,1,0,0,0,0,0,0,0,0,0,0,0,0,0,1,0,0,1,0,1,1,0,0,0,0,0,0,0,0,0,0,0,0,0,0,0,0,0,0,0,0,0,0,1,0,0,0,0,0,0,0,1,0,0,0,0,0,0,0,0,0,0,0,0,1,1,0,0,0,0,1,0,0,0,0,0,0,0,0,,0,0,0,0,0,0,2024062502,3,,3,02,,S,4,ABZV,25,,,CEDAR BL,1,
4200,2024062503,11,02,02109,02109,2024,07,5,,,,3,1,7,4,02,2,2,00,0,0,1,1,1,0,0,0,0,0,1,0,0,0,0,0,,0,0,0,0,0,0,0,0,0,0,0,0,0,0,0,0,0,0,0,0,0,0,0,0,0,40 22:39.001,80 02:47.260,40.3775,-80.046461,,,1,N,,,,N,0,,,,,,,,,,,,2024062503,0,1,0,0,0,0,0,0,0,0,0,0,1,1,0,1,0,0,0,0,1,1,0,0,0,0,0,0,0,1,0,0,0,0,0,0,0,0,0,0,0,0,0,0,0,0,0,0,0,0,0,0,0,0,0,0,0,0,0,0,0,0,0,0,0,0,0,0,1,0,0,0,0,0,0,0,0,0,0,0,0,0,,0,0,0,0,0,0,2024062503,3,,3,02,,N,2,3069,35,,1660,WASHINGTON RD,0,
4201,2024062504,11,02,02416,02416,2024,07,7,,,,3,1,4,1,00,0,2,00,0,0,3,2,3,1,0,0,0,0,2,0,0,0,0,0,,0,0,0,0,0,0,0,0,0,0,0,0,0,0,0,0,0,0,0,0,0,0,1,0,1,40 21:35.270,80 02:04.740,40.359797,-80.03465,,,6,N,,,,N,0,,,,,,,,,,,,2024062504,0,0,1,1,0,0,0,0,0,0,0,0,0,0,0,1,0,0,0,1,0,0,0,0,0,0,0,0,0,0,0,0,0,0,0,0,0,0,0,0,0,0,0,0,0,0,0,0,0,1,1,0,0,0,0,0,0,0,0,1,0,0,0,1,0,0,0,1,1,0,1,0,0,0,0,0,0,0,0,0,0,0,,0,0,0,0,0,0,2024062504,3,,3,02,,W,4,AK6V,15,,,VERMONT AV,0,
4202,2024062555,11,02,02433,02433,2024,07,6,,,,3,1,7,4,03,0,2,03,0,0,1,1,1,0,0,0,0,0,1,0,0,0,1,0,,1,0,0,0,0,0,0,0,0,0,0,0,0,0,0,0,3,0,0,0,0,0,0,0,0,40 20:39.875,79 53:02.272,40.34441,-79.883964,,,,N,,,,,0,,,,,,,,,,,,2024062555,0,0,1,1,0,0,0,0,0,0,0,0,1,1,0,0,0,1,0,0,1,0,0,1,0,0,0,0,0,1,0,0,0,0,0,0,0,0,0,0,0,0,0,0,0,0,0,0,0,0,0,0,1,1,1,0,0,0,0,0,0,0,0,1,0,0,0,0,1,0,0,0,0,1,0,0,0,0,0,0,1,1,,0,0,0,0,0,0,2024062555,3,,,02,,E,4,,40,,,MANSFIELD BR,1,
4203,2024062556,11,02,02403,02403,2024,07,5,,,,3,1,4,1,02,2,2,00,0,0,2,3,2,2,0,0,0,0,0,0,0,0,0,0,,0,0,0,0,0,0,0,0,0,0,0,0,0,0,0,0,0,0,0,0,0,0,1,1,0,40 19:58.576,79 59:05.062,40.332938,-79.984739,,,2,N,,,,N,0,,,,,,,,,,,,2024062556,0,1,1,0,0,0,0,0,0,0,0,0,0,0,0,1,0,0,0,0,1,1,0,0,0,0,0,0,0,0,0,0,0,0,0,0,0,0,0,0,0,0,0,0,0,0,0,0,0,0,0,0,0,0,1,0,0,0,1,0,0,0,0,0,0,0,0,1,1,0,0,0,0,0,0,0,0,0,0,0,1,0,,0,0,0,0,0,0,2024062556,5,,,02,2,N,4,,35,,,BROWNSVILLE RD,0,
4204,2024062559,11,02,02301,02301,2024,07,1,,,,3,1,1,6,00,0,2,00,0,0,2,1,2,2,0,0,0,0,0,0,0,0,0,0,,0,0,0,0,0,0,0,0,0,0,0,0,0,0,0,0,0,0,0,0,0,0,0,0,0,40 28:09.020,80 01:04.790,40.469172,-80.017997,,,,N,,,,,0,,,,,,,,,,,,2024062559,0,0,1,1,0,0,0,0,0,0,1,0,0,0,0,1,0,0,0,1,0,0,0,0,0,0,0,0,0,0,0,0,0,0,0,0,0,0,0,0,0,1,1,0,0,0,0,0,0,0,0,0,0,0,0,0,0,0,0,0,0,0,0,0,0,0,0,0,1,0,1,0,0,0,0,1,0,0,0,0,1,0,,0,0,0,0,0,0,2024062559,3,,3,02,,E,4,AGPV,25,,,DANBURY ST,0,
4205,2024062564,11,02,02481,02481,2024,07,5,,,,3,1,4,1,01,2,2,00,0,0,2,3,2,0,0,0,0,0,2,0,0,0,0,0,,0,0,0,0,0,0,0,0,0,0,0,0,0,0,0,0,0,0,0,0,0,0,1,0,1,40 36:57.222,80 05:36.306,40.615895,-80.093418,,,,N,,,,,0,,,,,,,,,,,,2024062564,0,1,1,0,0,0,0,0,0,0,0,0,0,0,0,1,0,0,0,0,1,1,0,0,0,0,0,0,0,0,0,0,0,0,0,0,0,0,0,0,0,0,0,0,0,0,0,1,0,0,0,0,0,0,1,0,0,0,0,1,0,0,1,0,0,0,0,1,1,0,0,0,0,0,0,0,0,0,0,0,0,0,,0,0,0,0,0,0,2024062564,5,,,02,,N,4,,35,,,BRANDT SCHOOL RD,0,
4206,2024062568,11,02,02446,02446,2024,07,4,,,,3,1,2,1,05,2,2,00,0,0,3,3,3,1,0,0,0,0,2,0,0,0,3,3,,0,0,0,0,0,0,0,0,0,0,0,0,0,0,0,0,2,0,0,0,0,0,0,2,1,40 25:28.467,79 47:25.178,40.424574,-79.790327,,,1,N,,,,N,0,,,,,,,,,,,,2024062568,0,0,1,1,0,0,0,0,0,0,0,1,0,0,0,0,1,1,0,0,1,1,0,0,0,0,0,0,0,0,0,0,0,0,0,0,0,0,0,0,0,0,0,0,0,0,0,0,0,1,1,0,0,0,0,0,0,0,1,1,0,0,0,1,0,0,0,0,1,0,0,0,0,1,0,0,0,0,0,0,0,0,,1,0,0,0,0,0,2024062568,3,,,02,,W,4,,35,,,MONROEVILLE RD,3,
4207,2024062576,11,02,02116,02116,2024,07,3,,,,3,1,4,1,00,0,2,07,0,0,2,2,2,1,0,0,0,0,1,0,0,0,1,0,,1,0,0,0,0,0,0,0,0,0,0,0,0,0,0,0,3,0,0,0,0,0,1,0,0,40 33:11.882,80 01:19.784,40.553301,-80.022162,,,,N,,,,,0,,,,,,,,,,,,2024062576,0,0,1,1,0,0,0,0,0,0,0,0,0,0,0,0,0,1,0,1,0,0,0,0,0,0,0,0,0,0,0,0,0,0,0,0,0,0,0,0,0,0,0,0,0,0,0,0,0,0,0,0,0,0,1,0,0,0,0,0,0,0,0,0,0,0,0,1,1,0,0,0,0,1,0,0,0,0,0,0,0,1,,0,1,0,0,0,0,2024062576,3,,,02,,E,4,,35,,,BABCOCK BL,1,
4208,2024062580,11,02,02116,02116,2024,07,3,,,,3,1,4,1,00,0,2,07,0,0,2,4,2,1,0,0,0,0,1,0,0,0,0,0,,0,0,0,0,0,0,0,0,0,0,0,0,0,0,0,0,0,0,1,0,0,0,0,0,0,40 33:11.891,80 01:19.775,40.553303,-80.02216,,,3,N,,,,N,0,,,,,,,,,,,,2024062580,0,0,1,1,0,0,0,0,0,0,0,0,0,0,0,1,0,0,0,1,0,0,0,0,0,0,0,0,0,0,0,0,0,0,0,0,0,0,0,0,0,0,0,0,0,1,0,0,0,0,0,0,0,0,1,0,0,1,0,0,0,0,1,0,0,0,0,0,1,0,0,0,0,0,0,0,0,0,0,0,0,0,,0,1,0,0,0,0,2024062580,3,,,02,,W,4,,35,,,BABCOCK BL,0,
4209,2024062585,11,02,02113,02113,2024,07,6,,,,3,1,1,1,00,0,2,00,0,0,3,3,3,0,0,0,0,0,3,0,0,0,1,0,,1,0,0,0,0,0,0,0,0,0,0,0,0,0,0,0,3,0,0,0,0,0,0,0,0,40 27:36.783,79 49:25.132,40.460218,-79.823648,,,5,N,,,,N,0,,,,,,,,,,,,2024062585,0,1,0,0,0,0,0,0,0,0,1,0,0,0,0,0,0,1,0,1,0,0,0,0,0,0,0,0,0,0,0,0,0,0,0,0,0,0,0,0,0,0,0,0,0,0,0,0,0,0,0,0,0,0,0,0,0,0,0,0,0,0,1,1,0,0,0,0,1,0,0,0,0,1,0,0,0,0,0,0,0,1,,0,0,0,0,0,0,2024062585,3,,3,02,,N,2,0791,35,,506,RODI RD,1,
4210,2024062589,11,02,02424,02424,2024,07,6,,,,3,1,1,1,01,0,2,00,0,0,2,6,2,0,0,0,1,0,1,0,0,0,1,0,,0,0,0,0,0,0,0,0,0,0,0,0,0,0,0,0,4,0,0,0,0,0,0,0,0,40 22:53.446,79 48:46.729,40.381513,-79.81298,,,,N,,,,N,0,,,,,,,,,,,,2024062589,0,1,1,0,0,0,0,0,0,0,1,0,0,0,0,0,0,1,0,0,1,0,0,1,0,0,0,0,0,0,0,0,0,0,0,0,0,0,0,0,0,0,0,0,0,0,0,0,1,0,0,0,0,0,1,0,0,0,0,0,0,0,0,1,0,0,0,0,1,0,0,0,0,1,0,0,0,0,0,0,0,0,,0,0,0,0,0,0,2024062589,5,,,02,,N,4,,25,,,ICE PLANT HILL AV,1,
4211,2024062592,11,02,02112,02112,2024,07,6,,,,3,1,5,1,02,0,2,00,0,0,2,3,2,0,0,0,0,0,2,0,0,0,0,0,,0,0,0,0,0,0,0,0,0,0,0,0,0,0,0,0,0,0,0,0,0,0,0,0,0,40 30:26.723,79 51:06.106,40.507423,-79.851696,,,,N,,,,,0,,,,,,,,,,,,2024062592,0,1,0,0,0,0,0,0,0,0,0,0,0,0,0,1,0,0,0,0,1,0,0,1,0,0,0,0,0,0,0,0,0,0,0,0,0,0,0,0,0,0,0,0,0,0,0,0,0,0,0,0,0,0,1,0,0,0,0,0,0,0,0,0,0,0,0,0,1,0,0,0,0,0,0,0,0,0,0,0,0,0,,0,0,0,0,0,0,2024062592,3,,3,02,2,N,2,1001,55,,0,FREEPORT RD,0,
4212,2024062682,11,02,02424,02424,2024,07,6,,,,3,1,1,1,01,2,2,00,0,0,2,2,2,0,0,0,0,1,1,0,0,0,0,0,,0,0,0,0,0,0,0,0,0,0,0,0,0,0,0,1,0,0,0,0,0,0,1,0,0,40 22:51.958,79 48:42.822,40.381099,-79.811895,,,,N,,,,,0,,,,,,,,,,,,2024062682,0,1,1,0,0,0,0,0,0,0,1,0,0,0,0,1,0,0,0,0,1,1,0,0,0,0,0,0,0,0,0,0,0,0,0,0,0,1,0,0,0,0,0,0,0,0,0,0,0,0,0,0,0,0,0,0,0,0,0,0,0,0,0,0,0,0,0,1,1,0,0,0,0,0,1,0,0,0,0,0,0,0,,0,0,0,0,0,0,2024062682,6,,,02,,S,4,,25,,,FIFTH AV,0,
4213,2024062689,11,02,02216,02505,2024,07,3,,,,3,1,4,1,01,3,2,00,0,0,2,4,2,1,0,0,0,0,1,0,0,0,0,0,,0,0,0,0,0,0,0,0,0,0,0,0,0,0,0,0,0,0,0,0,0,0,1,0,0,40 40:21.814,80 04:10.064,40.672726,-80.069462,,,3,N,,,,N,0,,,,,,,,,,,,2024062689,0,1,1,0,0,0,0,0,0,0,0,0,0,0,0,1,0,0,0,0,1,0,1,1,0,0,0,0,0,0,0,0,0,0,0,0,0,0,0,0,0,0,0,0,0,0,0,0,0,0,0,0,0,0,1,0,0,0,0,0,0,0,0,0,0,0,0,1,1,0,0,0,0,0,0,0,0,0,0,0,0,0,,0,0,0,1,0,0,2024062689,5,,,02,,E,4,,35,,,MT PLEASANT RD,0,
4214,2024062712,11,02,02115,02115,2024,07,6,,,,,1,0,1,00,0,2,00,0,0,1,1,1,0,1,0,0,0,0,0,0,0,1,1,,0,0,0,0,0,0,0,0,0,1,0,0,0,0,0,0,2,0,0,0,0,0,1,0,0,40 28:06.366,80 07:10.165,40.468435,-80.11949,,,5,N,,,,Y,0,,,,,,,,,,,,2024062712,0,0,1,1,0,0,0,0,0,0,0,0,0,1,0,0,1,1,0,1,0,0,0,0,0,0,0,0,0,0,0,0,0,0,0,1,0,0,0,0,0,0,0,0,0,0,0,0,0,0,0,0,0,0,0,0,0,0,0,0,0,0,0,0,0,0,0,1,1,0,0,0,0,1,0,0,0,0,0,0,0,0,,1,0,0,0,0,0,2024062712,3,,,02,2,W,4,,35,,,CLEVER RD,1,
4215,2024062716,11,02,02409,02464,2024,07,6,,,,3,1,4,1,02,3,2,00,,,2,4,2,1,0,0,0,0,1,0,0,0,0,0,,0,0,0,0,0,0,0,0,0,0,0,0,0,0,0,0,0,0,1,0,0,0,0,1,0,40 36:50.513,79 44:31.981,40.614031,-79.742217,,,5,N,,,,Y,0,,,,,,,,,,,,2024062716,0,1,1,0,0,0,0,0,0,0,0,0,0,0,0,1,0,0,0,0,1,0,1,1,0,0,0,0,0,0,0,0,0,0,0,0,0,0,0,0,0,0,0,0,0,0,1,0,0,0,0,0,0,0,1,0,0,1,1,0,0,0,0,0,0,0,0,0,1,0,0,0,0,0,0,0,0,0,0,0,0,0,,0,0,0,0,0,0,2024062716,4,,,02,2,E,4,,25,,,PENN ST,0,