_id,CRASH_CRN,DISTRICT,CRASH_COUNTY,MUNICIPALITY,POLICE_AGCY,CRASH_YEAR,CRASH_MONTH,DAY_OF_WEEK,TIME_OF_DAY,HOUR_OF_DAY,ILLUMINATION,WEATHER,ROAD_CONDITION,COLLISION_TYPE,RELATION_TO_ROAD,INTERSECT_TYPE,TCD_TYPE,URBAN_RURAL,LOCATION_TYPE,SCH_BUS_IND,SCH_ZONE_IND,TOTAL_UNITS,PERSON_COUNT,VEHICLE_COUNT,AUTOMOBILE_COUNT,MOTORCYCLE_COUNT,BUS_COUNT,SMALL_TRUCK_COUNT,HEAVY_TRUCK_COUNT,SUV_COUNT,VAN_COUNT,BICYCLE_COUNT,FATAL_COUNT,INJURY_COUNT,MAJ_INJ_COUNT,MOD_INJ_COUNT,MIN_INJ_COUNT,UNK_INJ_DEG_COUNT,UNK_INJ_PER_COUNT,UNBELTED_OCC_COUNT,UNB_DEATH_COUNT,UNB_MAJ_INJ_COUNT,BELTED_DEATH_COUNT,BELTED_MAJ_INJ_COUNT,MCYCLE_DEATH_COUNT,MCYCLE_MAJ_INJ_COUNT,BICYCLE_DEATH_COUNT,BICYCLE_MAJ_INJ_COUNT,PED_COUNT,PED_DEATH_COUNT,PED_MAJ_INJ_COUNT,COMM_VEH_COUNT,MAX_SEVERITY_LEVEL,DRIVER_COUNT_16YR,DRIVER_COUNT_17YR,DRIVER_COUNT_18YR,DRIVER_COUNT_19YR,DRIVER_COUNT_20YR,DRIVER_COUNT_50_64YR,DRIVER_COUNT_65_74YR,DRIVER_COUNT_75PLUS,LATITUDE,LONGITUDE,DEC_LAT,DEC_LONG,EST_HRS_CLOSED,LANE_CLOSED,LN_CLOSE_DIR,NTFY_HIWY_MAINT,RDWY_SURF_TYPE_CD,SPEC_JURIS_CD,TCD_FUNC_CD,TFC_DETOUR_IND,WORK_ZONE_IND,WORK_ZONE_TYPE,WORK_ZONE_LOC,CONS_ZONE_SPD_LIM,WORKERS_PRES,WZ_CLOSE_DETOUR,WZ_FLAGGER,WZ_LAW_OFFCR_IND,WZ_LN_CLOSURE,WZ_MOVING,WZ_OTHER,WZ_SHLDER_MDN,FLAG_CRN,INTERSTATE,STATE_ROAD,LOCAL_ROAD,LOCAL_ROAD_ONLY,TURNPIKE,WET_ROAD,SNOW_SLUSH_ROAD,ICY_ROAD,SUDDEN_DEER,SHLDR_RELATED,REAR_END,HO_OPPDIR_SDSWP,HIT_FIXED_OBJECT,SV_RUN_OFF_RD,WORK_ZONE,PROPERTY_DAMAGE_ONLY,FATAL_OR_MAJ_INJ,INJURY,FATAL,NON_INTERSECTION,INTERSECTION,SIGNALIZED_INT,STOP_CONTROLLED_INT,UNSIGNALIZED_INT,SCHOOL_BUS,SCHOOL_ZONE,HIT_DEER,HIT_TREE_SHRUB,HIT_EMBANKMENT,HIT_POLE,HIT_GDRAIL,HIT_GDRAIL_END,HIT_BARRIER,HIT_BRIDGE,OVERTURNED,MOTORCYCLE,BICYCLE,HVY_TRUCK_RELATED,VEHICLE_FAILURE,TRAIN_TROLLEY,PHANTOM_VEHICLE,ALCOHOL_RELATED,DRINKING_DRIVER,UNDERAGE_DRNK_DRV,UNLICENSED,CELL_PHONE,NO_CLEARANCE,RUNNING_RED_LT,TAILGATING,CROSS_MEDIAN,CURVE_DVR_ERROR,LIMIT_65MPH,SPEEDING,SPEEDING_RELATED,AGGRESSIVE_DRIVING,FATIGUE_ASLEEP,DRIVER_16YR,DRIVER_17YR,DRIVER_65_74YR,DRIVER_75PLUS,UNBELTED,PEDESTRIAN,DISTRACTED,CURVED_ROAD,DRIVER_18YR,DRIVER_19YR,DRIVER_20YR,DRIVER_50_64YR,VEHICLE_TOWED,FIRE_IN_VEHICLE,HIT_PARKED_VEHICLE,MC_DRINKING_DRIVER,DRUGGED_DRIVER,INJURY_OR_FATAL,COMM_VEHICLE,IMPAIRED_DRIVER,DEER_RELATED,DRUG_RELATED,HAZARDOUS_TRUCK,ILLEGAL_DRUG_RELATED,ILLUMINATION_DARK,MINOR_INJURY,MODERATE_INJURY,MAJOR_INJURY,NHTSA_AGG_DRIVING,PSP_REPORTED,RUNNING_STOP_SIGN,TRAIN,TROLLEY,ROADWAY_CRN,RDWY_SEQ_NUM,ADJ_RDWY_SEQ,ACCESS_CTRL,ROADWAY_COUNTY,LANE_COUNT,RDWY_ORIENT,ROAD_OWNER,ROUTE,SPEED_LIMIT,SEGMENT,OFFSET,STREET_NAME,TOT_INJ_COUNT,SCHOOL_BUS_UNIT
4216,2024062769,11,02,02466,02466,2024,07,6,,,,3,1,4,1,01,3,1,00,0,0,2,2,2,0,0,0,0,0,2,0,0,0,1,0,,0,0,0,0,0,0,0,0,0,0,0,0,0,0,0,0,4,0,0,0,0,0,0,0,0,40 31:01.521,79 43:35.729,40.517089,-79.726591,,,,N,,,,,0,,,,,,,,,,,,2024062769,0,1,0,0,0,0,0,0,0,0,0,0,0,0,0,0,0,1,0,0,1,0,1,1,0,0,0,0,0,0,0,0,0,0,0,0,0,0,0,0,0,0,0,0,0,0,1,0,0,0,0,0,0,0,1,0,0,0,0,0,0,0,0,0,0,0,0,0,0,0,0,0,0,1,0,0,0,0,0,0,0,0,,0,0,0,0,0,0,2024062769,3,,3,02,,N,2,2076,35,,1570,OLD LEECHBURG RD,1,
4217,2024062773,11,02,02411,02411,2024,07,4,,,,3,1,6,1,00,0,2,00,0,0,2,4,2,0,0,0,0,0,2,0,0,0,0,0,,0,0,0,0,0,0,0,0,0,0,0,0,0,0,0,0,0,0,0,0,0,0,0,0,0,40 24:33.903,79 51:23.027,40.409418,-79.856396,,,2,N,,,,N,0,,,,,,,,,,,,2024062773,0,0,1,1,0,0,0,0,0,0,0,1,0,0,0,1,0,0,0,1,0,0,0,0,0,0,0,0,0,0,0,0,0,0,0,0,0,0,0,0,0,0,0,0,0,0,0,0,0,1,0,0,0,1,1,0,0,0,0,0,0,0,0,1,0,0,0,0,1,0,0,0,1,0,0,1,0,1,0,1,1,0,,0,0,0,0,0,0,2024062773,3,,,02,,N,4,,25,,,YOST BL,0,
4218,2024062848,11,02,02113,02113,2024,07,7,,,,3,1,2,6,00,0,2,00,0,0,2,1,2,1,0,0,0,0,1,0,0,0,0,0,,0,0,0,0,0,0,0,0,0,0,0,0,0,0,0,0,0,0,0,0,0,0,0,0,0,40 26:41.740,79 48:03.187,40.444928,-79.800885,,,,N,,,,,0,,,,,,,,,,,,2024062848,0,0,1,1,0,0,0,0,0,0,0,1,0,0,0,1,0,0,0,1,0,0,0,0,0,0,0,0,0,0,0,0,0,0,0,0,0,0,0,0,0,1,1,0,0,0,0,0,0,1,0,0,0,0,0,0,0,0,0,0,0,0,0,0,0,0,0,0,1,0,1,0,0,0,0,1,0,0,0,0,1,0,,0,0,0,0,0,0,2024062848,3,,3,02,,S,4,ACMP,25,,,KNICKERBOCKER DR,0,
4219,2024062850,11,02,02117,02117,2024,07,7,,,,3,1,7,2,00,0,2,00,0,0,1,1,1,1,0,0,0,0,0,0,0,0,0,0,,0,0,0,0,0,0,0,0,0,0,0,0,0,0,0,0,0,0,0,0,0,0,0,0,0,40 23:15.100,80 04:26.100,40.387528,-80.073917,,,,N,,,,,0,,,,,,,,,,,,2024062850,0,0,1,1,0,0,0,0,0,0,0,0,1,1,0,1,0,0,0,1,0,0,0,0,0,0,0,0,0,0,0,0,0,0,0,0,0,0,0,0,0,0,0,0,0,0,0,0,0,0,0,0,0,0,0,1,0,0,0,0,0,0,0,1,0,0,0,0,1,0,0,0,0,0,0,0,0,0,0,0,1,0,,0,0,0,0,0,0,2024062850,3,,,02,,S,4,,25,,,SWALLOW HILL RD,0,
4220,2024062859,11,02,02403,02403,2024,07,6,,,,3,1,5,1,00,0,2,00,0,0,2,3,2,1,0,0,0,0,1,0,0,0,0,0,,0,0,0,0,0,0,0,0,0,0,0,0,0,0,0,0,0,0,0,0,0,0,0,1,0,40 20:21.745,79 58:48.185,40.339374,-79.980051,,,2,N,,,,Y,0,,,,,,,,,,,,2024062859,0,0,1,1,0,0,0,0,0,0,0,0,0,0,0,1,0,0,0,1,0,0,0,0,0,0,0,0,0,0,0,0,0,0,0,0,0,0,1,0,0,0,0,0,0,0,0,0,0,0,0,0,0,0,0,0,0,0,1,0,0,0,0,0,0,0,0,0,1,0,0,0,0,0,0,0,0,0,0,0,0,0,,0,0,0,0,0,0,2024062859,3,,3,02,,S,4,AJ81,25,,,KEEPORT DR,0,
4221,2024062865,11,02,02425,68B03,2024,03,5,,,,3,1,1,1,00,0,2,00,0,0,3,2,3,3,0,0,0,0,0,0,0,0,0,0,,0,0,1,1,0,0,0,0,0,0,0,0,0,0,0,0,9,0,0,0,0,0,0,0,0,40 24:06.632,79 50:09.880,40.401842,-79.836078,,,,N,,,,,0,,,,,,,,,,,,2024062865,0,1,0,0,0,0,0,0,0,0,1,0,0,0,0,0,0,0,0,1,0,0,0,0,0,0,0,0,0,0,0,0,0,0,0,0,0,0,0,0,0,0,0,0,0,0,0,0,0,0,0,0,0,0,0,0,0,0,0,0,1,0,0,0,0,0,0,0,1,0,1,0,0,0,0,0,0,0,0,0,1,0,,0,0,1,0,0,0,2024062865,3,,3,02,,E,2,2112,25,,1949,ELECTRIC AV,0,
4222,2024062866,11,02,02446,68B03,2024,05,5,,,,3,1,1,1,00,0,2,00,0,0,2,2,2,1,0,0,1,0,0,0,0,0,0,0,,0,0,0,0,0,0,0,0,0,0,0,0,0,0,0,0,0,0,0,0,0,0,0,0,0,40 26:36.765,79 45:54.096,40.443546,-79.765027,,,,N,,,,,0,,,,,,,,,,,,2024062866,1,1,0,0,0,0,0,0,0,0,1,0,0,0,0,1,0,0,0,1,0,0,0,0,0,0,0,0,0,0,0,0,0,0,0,0,0,0,0,0,0,0,0,0,0,0,0,0,1,0,0,0,0,1,1,0,0,0,0,0,0,0,0,1,0,0,0,0,1,0,0,0,0,0,0,0,0,0,0,0,0,0,,0,0,1,0,0,0,2024062866,3,,1,02,,W,1,0376,55,,1957,PENN LINCOLN PY,0,
4223,2024062867,11,02,02214,68B03,2024,05,5,,,,3,1,1,1,00,0,2,00,0,0,4,4,4,2,0,0,0,0,2,0,0,0,0,0,,0,0,1,0,0,0,0,0,0,0,0,0,0,0,0,0,9,0,0,0,1,1,0,0,0,40 26:40.645,80 10:36.489,40.444624,-80.176803,,,3,N,,,,N,0,,,,,,,,,,,,2024062867,0,1,0,0,0,0,0,0,0,0,1,0,0,0,0,0,0,0,0,1,0,0,0,0,0,0,0,0,0,0,0,0,0,0,0,0,0,0,0,0,0,0,0,0,0,0,0,0,1,0,0,0,0,1,1,0,0,0,0,0,0,0,0,0,0,1,1,0,1,0,0,0,0,0,0,0,0,0,0,0,1,0,,0,0,1,0,0,0,2024062867,3,,1,02,,E,2,0022,55,,1804,SR 0022 HW,0,
4224,2024062869,11,02,02435,68B03,2024,06,3,,,,7,9,1,1,00,0,2,00,0,0,3,8,3,0,0,0,0,0,3,0,0,0,1,0,,0,1,0,0,0,0,0,0,0,0,0,0,0,0,0,0,8,0,0,0,0,0,0,0,0,40 24:47.720,80 03:53.838,40.413256,-80.064955,,,,N,,,,,0,,,,,,,,,,,,2024062869,1,1,0,0,0,1,0,0,0,0,1,0,0,0,0,0,0,1,0,1,0,0,0,0,0,0,0,0,0,0,0,0,0,0,0,0,0,0,0,0,0,0,0,0,0,0,0,0,0,0,0,0,0,1,1,0,0,0,0,0,0,0,0,0,0,0,0,0,1,0,0,0,0,1,0,0,0,0,0,0,0,0,,0,0,1,0,0,0,2024062869,3,,1,02,3,E,1,0376,55,,706,PENN LINCOLN PY,1,
4225,2024062872,11,02,02115,68B03,2024,06,4,,,,3,9,7,2,06,0,2,02,0,0,1,1,1,1,0,0,0,0,0,0,0,0,1,0,,1,0,0,1,0,0,0,0,0,0,0,0,0,0,0,0,3,0,0,0,0,0,0,0,0,40 25:15.697,80 06:16.691,40.421027,-80.104636,,,3,N,,,,N,0,,,,,,,,,,,,2024062872,1,1,0,0,0,1,0,0,0,0,0,0,1,1,0,0,0,1,0,0,1,0,0,1,0,0,0,0,0,0,1,0,0,0,0,0,0,0,0,0,0,0,0,0,0,0,0,0,0,0,0,0,0,1,0,0,0,0,0,0,1,0,0,1,0,0,0,0,1,0,0,0,0,1,0,0,0,0,0,0,1,1,,0,0,1,0,0,0,2024062872,3,,1,02,,S,1,0079,55,,2305,RAYMOND P SHAFER HW,1,
4226,2024062901,11,02,02304,02304,2024,07,7,,,,3,1,4,1,00,0,2,07,0,0,2,3,2,1,0,0,0,0,1,0,0,0,0,0,,0,0,0,0,0,0,0,0,0,0,0,0,0,0,0,0,0,0,0,0,0,0,0,0,0,40 20:50.979,79 52:46.173,40.347494,-79.879493,,,,N,,,,,0,,,,,,,,,,,,2024062901,0,0,1,1,0,0,0,0,0,0,0,0,0,0,0,1,0,0,0,1,0,0,0,0,0,0,0,0,0,0,0,0,0,0,0,0,0,0,0,0,0,0,0,0,0,0,0,0,0,0,0,0,0,0,1,0,0,0,0,0,0,0,0,0,0,0,0,0,1,0,0,0,0,0,0,0,0,0,0,0,0,0,,0,1,0,0,0,0,2024062901,3,,,02,,E,4,,40,,,FIFTH AV,0,
4227,2024062908,11,02,02118,02118,2024,07,7,,,,3,1,4,1,01,3,2,00,0,0,2,3,2,1,0,0,0,0,1,0,0,0,0,0,,0,0,0,0,0,0,0,0,0,0,0,0,0,0,0,0,0,0,0,0,0,0,0,0,1,40 29:46.101,79 58:36.759,40.496139,-79.976878,,,5,N,,,,N,0,,,,,,,,,,,,2024062908,0,1,1,0,0,0,0,0,0,0,0,0,0,0,0,1,0,0,0,0,1,0,1,1,0,0,0,0,0,0,0,0,0,0,0,0,0,0,0,0,0,0,0,0,0,0,1,0,0,0,0,0,0,0,1,0,0,0,0,1,0,0,0,1,0,0,0,0,1,0,0,0,0,0,0,0,0,0,0,0,0,0,,0,0,0,0,0,0,2024062908,5,,,02,,E,4,,25,,,GEYER AL,0,
4228,2024062911,11,02,02220,02220,2024,07,1,,,,3,1,2,1,02,0,1,00,0,0,2,3,2,1,0,0,1,0,0,0,0,0,1,0,,1,0,0,0,0,0,0,0,0,0,0,0,0,0,0,0,3,0,0,0,0,0,1,0,0,40 37:07.556,79 54:28.923,40.618766,-79.908034,,,5,N,,,,Y,0,,,,,,,,,,,,2024062911,0,1,1,0,0,0,0,0,0,0,0,1,0,0,0,0,0,1,0,0,1,0,0,1,0,0,0,0,0,0,0,0,0,0,0,0,0,0,0,0,0,0,0,0,0,0,0,0,0,1,0,0,0,0,1,0,0,0,0,0,0,0,0,0,0,0,0,1,1,0,0,0,0,1,0,0,0,0,0,0,0,1,,0,0,0,0,0,0,2024062911,4,,,02,,N,4,,35,,,MIDDLE RD,1,
4229,2024062934,11,02,02202,02202,2024,07,5,,,,3,1,4,1,01,3,1,00,0,0,2,2,2,0,0,0,0,1,0,1,0,0,1,0,,1,0,0,0,0,0,0,0,0,0,0,0,0,0,0,1,3,0,0,0,0,0,0,0,0,40 39:08.301,79 47:33.297,40.652306,-79.792583,,,7,Y,,,,N,0,,,,,,,,,,,,2024062934,0,1,0,0,0,0,0,0,0,0,0,0,0,0,0,0,0,1,0,0,1,0,1,1,0,0,0,0,0,0,0,0,0,0,0,0,0,1,0,0,0,0,0,0,0,0,1,0,0,0,0,0,0,0,1,0,0,0,0,0,0,0,0,1,0,0,0,0,1,0,0,0,0,1,1,0,0,0,0,0,0,1,,0,0,0,0,0,0,2024062934,3,,3,02,2,E,2,1028,45,,0,BAKERSTOWN RD,1,
4230,2024062943,11,02,02108,02108,2024,07,7,,,,3,1,4,1,01,3,2,00,0,0,2,2,2,1,0,0,0,0,1,0,0,0,0,0,,0,0,0,0,0,0,0,0,0,0,0,0,0,0,0,0,0,0,0,0,0,0,0,1,0,40 36:42.170,80 02:10.578,40.611714,-80.036272,,,5,N,,,,N,0,,,,,,,,,,,,2024062943,0,0,1,1,0,0,0,0,0,0,0,0,0,0,0,1,0,0,0,0,1,0,1,1,0,0,0,0,0,0,0,0,0,0,0,0,0,0,0,0,0,0,0,0,0,0,0,0,0,0,0,0,0,0,1,0,0,0,1,0,0,0,0,0,0,0,0,0,1,0,0,0,0,0,0,0,0,0,0,0,0,0,,0,1,0,1,0,0,2024062943,3,,3,02,,E,4,ABOX,25,,,REICHOLD RD,0,
4231,2024062954,11,02,02113,02113,2024,07,7,,,,3,1,4,1,01,2,2,00,0,0,2,3,2,2,0,0,0,0,0,0,0,0,0,0,,0,0,0,0,0,0,0,0,0,0,0,0,0,0,0,0,0,0,0,0,0,0,0,0,1,40 29:11.555,79 50:14.330,40.486543,-79.837314,,,,N,,,,,0,,,,,,,,,,,,2024062954,0,1,1,0,0,0,0,0,0,0,0,0,0,0,0,1,0,0,0,0,1,1,0,0,0,0,0,0,0,0,0,0,0,0,0,0,0,0,0,0,0,0,0,0,0,1,0,0,0,0,0,0,0,0,0,0,0,0,0,1,0,0,1,0,0,0,0,0,1,0,0,0,0,0,0,0,0,0,0,0,0,0,,0,0,0,0,0,0,2024062954,4,,,02,,N,4,,35,,,VERONA RD,0,
4232,2024062956,11,02,02466,02466,2024,07,7,,,,3,1,4,1,01,3,2,00,0,0,2,3,2,1,0,0,0,0,1,0,0,0,0,0,,0,0,0,0,0,0,0,0,0,0,0,0,0,0,0,0,0,0,0,0,0,0,1,0,0,40 28:40.250,79 44:09.624,40.477847,-79.736007,,,3,N,,,,N,0,,,,,,,,,,,,2024062956,0,1,0,0,0,0,0,0,0,0,0,0,0,0,0,1,0,0,0,0,1,0,1,1,0,0,0,0,0,0,0,0,0,0,0,0,0,0,0,0,0,0,0,0,0,0,0,0,0,0,0,0,0,0,1,0,0,0,0,0,0,0,0,0,0,0,0,1,1,0,0,0,0,0,0,0,0,0,0,0,0,0,,0,0,0,1,0,0,2024062956,3,,3,02,,E,2,0400,40,,2420,SALTSBURG RD,0,
4233,2024062963,11,02,02124,68B03,2024,06,7,,,,3,1,1,1,00,0,2,00,0,0,3,6,3,2,0,0,0,0,1,0,0,0,0,0,,0,0,0,0,0,0,0,0,0,0,0,0,0,0,0,0,0,0,0,0,0,0,0,0,0,40 26:31.753,79 49:29.496,40.442154,-79.82486,,,4,N,,,,N,1,1,4,45,0,,,0,1,,,,2024062963,1,1,0,0,0,0,0,0,0,0,1,0,0,0,1,1,0,0,0,1,0,0,0,0,0,0,0,0,0,0,0,0,0,0,0,0,0,0,0,0,0,0,0,0,0,0,0,0,1,0,0,0,0,0,1,0,0,0,0,0,0,0,0,1,0,0,0,0,1,0,0,0,0,0,0,0,0,0,0,0,0,0,,0,0,1,0,0,0,2024062963,3,,1,02,3,W,1,0376,55,,801,PENN LINCOLN PY,0,
4234,2024062973,11,02,02435,68B03,2024,07,3,,,,3,1,1,1,00,0,2,00,0,0,2,3,2,1,0,0,0,0,0,1,0,0,1,0,,0,0,0,0,0,0,0,0,0,0,0,0,0,0,0,0,4,0,0,0,0,0,0,0,0,40 25:06.104,80 03:15.185,40.418362,-80.054218,,,3,N,,,,N,0,,,,,,,,,,,,2024062973,1,1,0,0,0,0,0,0,0,0,1,0,0,0,0,0,0,1,0,1,0,0,0,0,0,0,0,0,0,0,0,0,0,0,0,0,0,0,0,0,0,0,0,0,0,1,0,0,0,0,0,0,0,0,0,0,0,0,0,0,0,0,1,0,0,0,0,0,1,0,0,0,0,1,0,0,0,0,0,0,0,0,,0,0,1,0,0,0,2024062973,3,,1,02,,E,1,0376,55,,1663,PENN LINCOLN PY,1,
4235,2024062974,11,02,02452,68B03,2024,07,4,,,,3,1,1,1,01,2,2,00,0,0,3,3,3,1,0,0,0,0,2,0,0,0,0,0,,0,0,0,0,0,0,0,0,0,0,0,0,0,0,0,0,0,0,0,1,0,1,1,0,0,40 31:35.322,80 09:32.850,40.526478,-80.159125,,,,N,,,,,0,,,,,,,,,,,,2024062974,0,1,1,0,0,0,0,0,0,0,1,0,0,0,0,1,0,0,0,0,1,1,0,0,0,0,0,0,0,0,0,0,0,0,0,0,0,0,0,0,0,0,0,0,0,0,0,0,0,0,0,0,0,1,1,0,0,0,0,0,0,0,0,0,1,0,1,1,1,0,0,0,0,0,0,0,0,0,0,0,0,0,,0,0,1,0,0,0,2024062974,6,,,02,,W,4,,25,,,RIVER AV,0,
4236,2024062985,11,02,02481,68B03,2024,07,3,,,,3,1,1,1,00,0,2,00,0,0,2,2,2,2,0,0,0,0,0,0,0,0,1,0,,1,0,0,0,0,0,0,0,0,0,0,0,0,0,0,0,3,0,0,0,0,0,0,0,0,40 35:54.600,80 05:35.935,40.5985,-80.093315,,,,N,,,,,0,,,,,,,,,,,,2024062985,1,1,0,0,0,0,0,0,0,0,1,0,0,0,0,0,0,1,0,1,0,0,0,0,0,0,0,0,0,0,0,0,0,0,0,0,0,0,0,0,0,0,0,0,0,0,0,0,1,0,0,0,0,0,1,0,0,0,0,0,0,0,0,0,0,0,0,0,1,0,0,0,0,1,0,0,0,0,0,0,0,1,,0,0,1,0,0,0,2024062985,3,,1,02,3,N,1,0079,55,,699,RAYMOND P SHAFER HW,1,
4237,2024062989,11,02,02426,68B03,2024,07,4,,,,3,1,2,1,00,0,2,00,0,0,3,4,3,1,0,0,0,1,1,0,0,0,0,0,,0,0,0,0,0,0,0,0,0,0,0,0,0,0,0,0,0,0,0,1,0,0,1,0,0,40 25:46.960,79 53:05.795,40.429711,-79.884943,,,,N,,,,,0,,,,,,,,,,,,2024062989,1,1,0,0,0,0,0,0,0,0,0,1,0,0,0,1,0,0,0,1,0,0,0,0,0,0,0,0,0,0,0,0,1,0,0,0,0,1,1,0,0,0,0,0,0,0,0,0,0,0,0,0,1,1,1,0,0,0,0,0,0,0,0,0,1,0,0,1,1,0,0,0,0,0,0,0,0,0,0,0,0,0,,0,1,1,0,0,0,2024062989,3,,1,02,2,E,1,0376,55,,2531,PENN LINCOLN PY,0,
4238,2024062998,11,02,02207,68T02,2024,07,6,,,,3,1,7,4,00,0,2,00,0,0,1,1,1,0,0,0,0,0,1,0,0,0,1,0,,0,0,0,0,0,0,0,0,0,0,0,0,0,0,0,0,4,0,0,0,0,0,0,0,0,40 36:30.085,79 56:43.585,40.608357,-79.94544,,,,N,,,,,0,,,,,,,,,,,,2024062998,0,0,0,0,1,0,0,0,0,0,0,0,1,1,0,0,0,1,0,1,0,0,0,0,0,0,0,1,0,0,0,0,1,0,0,0,0,0,0,0,0,0,0,0,0,0,0,0,0,0,0,1,0,0,0,0,0,0,0,0,0,0,0,0,0,0,0,0,1,0,0,0,0,1,0,0,0,0,0,0,1,0,,0,0,1,0,0,0,2024062998,3,,1,02,4,E,5,7076,65,,797,MAINLINE TU,1,
4239,2024063028,11,02,02108,02108,2024,07,7,,,,3,1,4,1,01,2,2,00,0,0,2,3,2,1,0,0,1,0,0,0,0,0,1,0,,1,0,0,0,0,0,0,0,0,0,0,0,0,0,0,0,3,0,0,0,0,0,0,0,0,40 35:42.835,80 02:51.543,40.595232,-80.047651,,,1,Y,,,,Y,0,,,,,,,,,,,,2024063028,0,1,1,0,0,0,0,0,0,0,0,0,0,0,0,0,0,1,0,0,1,1,0,0,0,0,0,0,0,1,0,0,0,0,0,0,0,0,0,0,0,1,1,0,0,0,0,1,0,0,0,0,1,1,1,0,0,0,0,0,0,0,0,0,0,0,0,0,1,0,0,0,0,1,0,1,0,0,0,0,1,1,,0,1,0,0,0,0,2024063028,5,,,02,,W,4,,25,,,REICHOLD RD,1,
4240,2024063031,11,02,02301,68B03,2024,04,2,,,,7,9,7,4,00,0,2,00,0,0,1,2,1,0,0,0,0,0,1,0,0,0,1,0,,1,0,0,1,0,0,0,0,0,0,0,0,0,0,0,0,3,0,0,0,0,0,0,0,0,40 25:55.448,79 57:34.510,40.432069,-79.959586,,,,N,,,,,0,,,,,,,,,,,,2024063031,1,1,0,0,0,1,0,0,0,0,0,0,1,1,0,0,0,1,0,1,0,0,0,0,0,0,0,0,0,0,0,0,1,0,0,0,0,0,0,0,0,0,0,0,0,0,0,0,0,0,0,0,0,1,1,0,0,0,0,0,1,0,0,1,0,0,0,0,1,0,0,0,0,1,0,0,0,0,0,0,1,1,,0,0,1,0,0,0,2024063031,3,,1,02,,W,1,0376,55,,1443,PENN LINCOLN PY,1,
4241,2024063033,11,02,02203,68B03,2024,05,1,,,,3,1,7,2,00,0,1,00,0,0,1,1,1,0,0,0,0,0,1,0,0,0,1,0,,1,0,0,0,0,0,0,0,0,0,0,0,0,0,0,0,3,0,0,0,0,0,0,0,0,40 25:36.961,80 17:41.411,40.426934,-80.294836,,,4,N,,,,N,0,,,,,,,,,,,,2024063033,0,1,0,0,0,0,0,0,0,0,0,0,1,1,0,0,0,1,0,1,0,0,0,0,0,0,0,0,0,0,1,0,1,0,0,0,0,0,0,0,0,0,0,0,0,0,0,0,0,0,0,0,0,0,0,1,0,0,0,0,0,0,0,0,0,0,0,0,1,0,0,0,0,1,0,0,0,0,0,0,1,1,,0,0,1,0,0,0,2024063033,3,,1,02,,W,2,0022,55,,719,SR 0022 SH,1,
4242,2024063044,11,02,02115,68B03,2024,06,4,,,,3,1,1,1,00,0,2,00,0,0,3,5,3,0,0,0,2,0,1,0,0,0,1,0,,0,1,1,0,0,0,0,0,0,0,0,0,0,0,0,0,8,0,0,0,0,0,1,1,0,40 25:07.656,80 06:10.810,40.418793,-80.103003,,,1,N,,,,N,0,,,,,,,,,,,,2024063044,1,1,0,0,0,0,0,0,0,0,1,0,0,0,0,0,0,1,0,1,0,0,0,0,0,0,0,0,0,0,0,0,0,0,0,0,0,0,0,0,0,0,0,0,0,0,0,0,0,0,0,0,0,0,0,0,0,0,1,0,0,0,1,1,0,0,0,1,1,0,0,0,0,1,0,0,0,0,0,0,1,0,,0,0,1,0,0,0,2024063044,3,,1,02,2,N,1,0079,55,,1624,RAYMOND P SHAFER HW,1,
4243,2024063054,11,02,02301,02301,2024,07,4,,,,3,9,1,1,06,0,2,08,0,0,2,2,2,0,0,0,0,0,2,0,0,0,1,0,,0,0,0,0,0,0,0,0,0,0,0,0,0,0,0,0,4,0,0,0,0,0,0,0,0,40 27:35.565,79 57:22.592,40.459879,-79.956276,,,1,N,,,,N,0,,,,,,,,,,,,2024063054,0,0,1,1,0,1,0,0,0,0,1,0,0,0,0,0,0,1,0,0,1,0,0,1,0,0,0,0,0,0,0,0,0,0,0,0,0,0,0,0,0,0,0,0,0,0,0,0,1,0,0,0,0,0,1,0,0,0,0,0,0,0,0,0,0,0,0,0,1,0,0,0,0,1,0,0,0,0,0,0,0,0,,0,0,0,0,0,0,2024063054,3,,,02,,N,4,,25,,,BLOOMFIELD BR,1,
4244,2024063056,11,02,02466,02466,2024,07,1,,,,3,1,4,1,00,0,2,07,0,0,2,2,2,0,0,0,0,0,2,0,0,0,0,0,,0,0,0,0,0,0,0,0,0,0,0,0,0,0,0,0,0,0,0,0,0,0,1,0,0,40 28:30.418,79 46:09.009,40.475116,-79.769169,,,1,N,,,,Y,0,,,,,,,,,,,,2024063056,0,1,0,0,0,0,0,0,0,0,0,0,0,0,0,1,0,0,0,1,0,0,0,0,0,0,0,0,0,0,0,0,0,0,0,0,0,0,0,0,0,0,0,0,0,0,0,0,0,0,0,0,1,1,1,0,0,0,0,0,0,0,0,1,0,0,0,1,1,0,0,0,0,0,0,0,0,0,0,0,0,0,,0,0,0,0,0,0,2024063056,3,,3,02,,W,2,0400,40,,1110,SALTSBURG RD,0,