_id,CRASH_CRN,DISTRICT,CRASH_COUNTY,MUNICIPALITY,POLICE_AGCY,CRASH_YEAR,CRASH_MONTH,DAY_OF_WEEK,TIME_OF_DAY,HOUR_OF_DAY,ILLUMINATION,WEATHER,ROAD_CONDITION,COLLISION_TYPE,RELATION_TO_ROAD,INTERSECT_TYPE,TCD_TYPE,URBAN_RURAL,LOCATION_TYPE,SCH_BUS_IND,SCH_ZONE_IND,TOTAL_UNITS,PERSON_COUNT,VEHICLE_COUNT,AUTOMOBILE_COUNT,MOTORCYCLE_COUNT,BUS_COUNT,SMALL_TRUCK_COUNT,HEAVY_TRUCK_COUNT,SUV_COUNT,VAN_COUNT,BICYCLE_COUNT,FATAL_COUNT,INJURY_COUNT,MAJ_INJ_COUNT,MOD_INJ_COUNT,MIN_INJ_COUNT,UNK_INJ_DEG_COUNT,UNK_INJ_PER_COUNT,UNBELTED_OCC_COUNT,UNB_DEATH_COUNT,UNB_MAJ_INJ_COUNT,BELTED_DEATH_COUNT,BELTED_MAJ_INJ_COUNT,MCYCLE_DEATH_COUNT,MCYCLE_MAJ_INJ_COUNT,BICYCLE_DEATH_COUNT,BICYCLE_MAJ_INJ_COUNT,PED_COUNT,PED_DEATH_COUNT,PED_MAJ_INJ_COUNT,COMM_VEH_COUNT,MAX_SEVERITY_LEVEL,DRIVER_COUNT_16YR,DRIVER_COUNT_17YR,DRIVER_COUNT_18YR,DRIVER_COUNT_19YR,DRIVER_COUNT_20YR,DRIVER_COUNT_50_64YR,DRIVER_COUNT_65_74YR,DRIVER_COUNT_75PLUS,LATITUDE,LONGITUDE,DEC_LAT,DEC_LONG,EST_HRS_CLOSED,LANE_CLOSED,LN_CLOSE_DIR,NTFY_HIWY_MAINT,RDWY_SURF_TYPE_CD,SPEC_JURIS_CD,TCD_FUNC_CD,TFC_DETOUR_IND,WORK_ZONE_IND,WORK_ZONE_TYPE,WORK_ZONE_LOC,CONS_ZONE_SPD_LIM,WORKERS_PRES,WZ_CLOSE_DETOUR,WZ_FLAGGER,WZ_LAW_OFFCR_IND,WZ_LN_CLOSURE,WZ_MOVING,WZ_OTHER,WZ_SHLDER_MDN,FLAG_CRN,INTERSTATE,STATE_ROAD,LOCAL_ROAD,LOCAL_ROAD_ONLY,TURNPIKE,WET_ROAD,SNOW_SLUSH_ROAD,ICY_ROAD,SUDDEN_DEER,SHLDR_RELATED,REAR_END,HO_OPPDIR_SDSWP,HIT_FIXED_OBJECT,SV_RUN_OFF_RD,WORK_ZONE,PROPERTY_DAMAGE_ONLY,FATAL_OR_MAJ_INJ,INJURY,FATAL,NON_INTERSECTION,INTERSECTION,SIGNALIZED_INT,STOP_CONTROLLED_INT,UNSIGNALIZED_INT,SCHOOL_BUS,SCHOOL_ZONE,HIT_DEER,HIT_TREE_SHRUB,HIT_EMBANKMENT,HIT_POLE,HIT_GDRAIL,HIT_GDRAIL_END,HIT_BARRIER,HIT_BRIDGE,OVERTURNED,MOTORCYCLE,BICYCLE,HVY_TRUCK_RELATED,VEHICLE_FAILURE,TRAIN_TROLLEY,PHANTOM_VEHICLE,ALCOHOL_RELATED,DRINKING_DRIVER,UNDERAGE_DRNK_DRV,UNLICENSED,CELL_PHONE,NO_CLEARANCE,RUNNING_RED_LT,TAILGATING,CROSS_MEDIAN,CURVE_DVR_ERROR,LIMIT_65MPH,SPEEDING,SPEEDING_RELATED,AGGRESSIVE_DRIVING,FATIGUE_ASLEEP,DRIVER_16YR,DRIVER_17YR,DRIVER_65_74YR,DRIVER_75PLUS,UNBELTED,PEDESTRIAN,DISTRACTED,CURVED_ROAD,DRIVER_18YR,DRIVER_19YR,DRIVER_20YR,DRIVER_50_64YR,VEHICLE_TOWED,FIRE_IN_VEHICLE,HIT_PARKED_VEHICLE,MC_DRINKING_DRIVER,DRUGGED_DRIVER,INJURY_OR_FATAL,COMM_VEHICLE,IMPAIRED_DRIVER,DEER_RELATED,DRUG_RELATED,HAZARDOUS_TRUCK,ILLEGAL_DRUG_RELATED,ILLUMINATION_DARK,MINOR_INJURY,MODERATE_INJURY,MAJOR_INJURY,NHTSA_AGG_DRIVING,PSP_REPORTED,RUNNING_STOP_SIGN,TRAIN,TROLLEY,ROADWAY_CRN,RDWY_SEQ_NUM,ADJ_RDWY_SEQ,ACCESS_CTRL,ROADWAY_COUNTY,LANE_COUNT,RDWY_ORIENT,ROAD_OWNER,ROUTE,SPEED_LIMIT,SEGMENT,OFFSET,STREET_NAME,TOT_INJ_COUNT,SCHOOL_BUS_UNIT
4482,2024065881,11,02,02301,02301,2024,07,2,,,,3,1,4,1,01,2,2,00,0,0,2,3,2,1,0,0,1,0,0,0,0,0,3,0,,0,2,0,0,0,0,0,0,0,0,0,0,0,0,0,0,4,1,0,0,0,0,0,1,0,40 25:33.117,80 01:11.473,40.425866,-80.019854,,,1,N,,,,N,0,,,,,,,,,,,,2024065881,0,1,1,0,0,0,0,0,0,0,0,0,0,0,0,0,0,1,0,0,1,1,0,0,0,0,0,0,0,0,0,0,0,0,0,0,0,0,0,0,0,0,0,0,0,0,0,0,0,0,0,0,0,0,1,0,1,0,1,0,0,0,0,1,0,0,0,0,1,0,0,0,0,1,0,0,0,0,0,0,1,0,,0,1,0,0,0,0,2024065881,6,,,02,,E,4,,25,,,WOODRUFF ST,3,
4483,2024065882,11,02,02464,02464,2024,07,3,,,,7,9,1,1,00,0,2,00,0,0,2,2,2,1,0,0,0,0,1,0,0,0,0,0,,0,0,0,0,0,0,0,0,0,0,0,0,0,0,0,0,0,0,0,0,0,0,0,0,0,40 36:29.221,79 45:24.465,40.608117,-79.756796,,,,N,,,,,0,,,,,,,,,,,,2024065882,0,1,0,0,0,1,0,0,0,0,1,0,0,0,0,1,0,0,0,1,0,0,0,0,0,0,0,0,0,0,0,0,0,0,0,0,0,0,0,0,0,0,0,0,0,0,0,0,0,0,0,0,0,0,0,0,0,0,0,0,0,0,0,0,0,0,0,0,1,0,0,0,0,0,0,0,0,0,0,0,1,0,,0,0,0,0,0,0,2024065882,3,,3,02,,W,2,0366,35,,1961,ROSS ST,0,
4484,2024065883,11,02,02301,02301,2024,07,3,,,,3,1,7,4,02,3,2,00,0,0,1,1,1,0,0,0,0,0,1,0,0,0,0,0,,0,0,0,1,0,0,0,0,0,0,0,0,0,0,0,0,0,0,0,0,0,0,0,0,0,40 28:17.575,80 01:51.174,40.471549,-80.030882,,,,N,,,,,0,,,,,,,,,,,,2024065883,0,0,1,1,0,0,0,0,0,0,0,0,1,1,0,1,0,0,0,0,1,0,1,1,0,0,0,0,0,0,0,0,0,0,0,0,0,0,0,0,0,0,0,0,0,0,0,0,0,0,0,0,1,1,1,0,0,0,0,0,1,0,0,0,0,0,0,0,1,0,0,0,0,0,0,0,0,0,0,0,1,0,,0,1,0,0,0,0,2024065883,3,,3,02,,S,4,AGTD,25,,,SHADELAND AV,0,
4485,2024065884,11,02,02301,02301,2024,07,3,,,,3,1,7,4,02,3,2,00,0,0,1,1,1,1,0,0,0,0,0,0,0,0,0,0,,0,0,0,0,0,0,0,0,0,0,0,0,0,0,0,0,0,0,0,0,0,0,0,0,0,40 28:17.552,80 01:51.174,40.471542,-80.030882,,,,N,,,,,0,,,,,,,,,,,,2024065884,0,0,1,1,0,0,0,0,0,0,0,0,1,1,0,1,0,0,0,0,1,0,1,1,0,0,0,0,0,0,0,0,0,0,0,0,0,0,0,0,0,0,0,0,0,0,0,0,0,0,0,0,1,1,1,0,0,0,0,0,0,0,0,0,0,0,0,0,1,0,0,0,0,0,0,0,0,0,0,0,1,0,,0,1,0,0,0,0,2024065884,3,,3,02,,S,4,AGTD,25,,,SHADELAND AV,0,
4486,2024065885,11,02,02109,02109,2024,07,3,,,,7,9,4,1,02,2,2,00,0,0,2,3,2,0,0,0,0,0,2,0,0,0,1,0,,1,0,0,0,0,0,0,0,0,0,0,0,0,0,0,0,3,0,0,0,0,0,0,0,0,40 21:42.103,80 03:50.774,40.361695,-80.064104,,,2,N,,,,N,0,,,,,,,,,,,,2024065885,0,1,1,0,0,1,0,0,0,0,0,0,0,0,0,0,0,1,0,0,1,1,0,0,0,0,0,0,0,0,0,0,0,0,0,0,0,0,0,0,0,0,0,0,0,0,0,0,0,0,0,0,0,0,1,0,0,0,0,0,0,0,0,0,0,0,0,0,1,0,0,0,0,1,0,0,0,0,0,0,0,1,,0,0,0,0,0,0,2024065885,5,,,02,,N,4,,25,,,CEDAR BL,1,
4487,2024065886,11,02,02407,02407,2024,06,4,,,,3,1,1,1,00,0,2,07,0,0,3,3,3,0,0,0,0,0,2,1,0,0,0,0,,0,0,0,0,0,0,0,0,0,0,0,0,0,0,0,0,0,0,0,0,0,0,1,1,0,40 19:40.396,80 01:52.882,40.327888,-80.031356,,,,N,,,,,0,,,,,,,,,,,,2024065886,0,1,0,0,0,0,0,0,0,0,1,0,0,0,0,1,0,0,0,1,0,0,0,0,0,0,0,0,0,0,0,0,0,0,0,0,0,0,0,0,0,0,0,0,0,0,0,0,0,0,0,0,0,1,0,0,0,0,1,0,0,0,0,0,0,0,0,1,1,0,0,0,0,0,0,0,0,0,0,0,0,0,,0,0,0,0,0,0,2024065886,3,,3,02,,S,2,3009,25,,2373,SOUTH PARK RD,0,
4488,2024065887,11,02,02407,02407,2024,07,4,,,,3,1,4,1,00,0,2,07,0,0,2,2,2,0,0,0,1,0,1,0,0,0,0,0,,0,0,0,0,0,0,0,0,0,0,0,0,0,0,0,0,0,0,0,0,0,0,0,1,1,40 19:58.302,80 01:15.055,40.332862,-80.020849,,,,N,,,,,0,,,,,,,,,,,,2024065887,0,1,0,0,0,0,0,0,0,0,0,0,0,0,0,1,0,0,0,1,0,0,0,0,0,0,0,0,0,0,0,0,0,0,0,0,0,0,0,0,0,0,0,0,0,0,0,0,0,0,0,0,0,0,1,0,0,0,1,1,0,0,0,0,0,0,0,0,1,0,0,0,0,0,0,0,0,0,0,0,0,0,,0,0,0,0,0,0,2024065887,3,,3,02,,N,2,3009,35,,3604,SOUTH PARK RD,0,
4489,2024065888,11,02,02407,02407,2024,07,4,,,,3,1,7,4,00,0,2,00,0,0,1,1,1,0,0,0,1,0,0,0,0,0,1,0,,0,0,0,0,0,0,0,0,0,0,0,0,0,0,0,0,4,0,0,0,1,0,0,0,0,40 19:41.890,80 03:20.700,40.328303,-80.05575,,,6,N,,,,Y,0,,,,,,,,,,,,2024065888,0,0,1,1,0,0,0,0,0,0,0,0,1,1,0,0,0,1,0,1,0,0,0,0,0,0,0,1,0,0,0,0,0,0,0,0,0,0,0,0,0,0,0,0,0,0,0,0,0,0,0,0,0,0,0,0,0,0,0,0,0,0,1,1,0,1,0,0,1,0,0,0,0,1,0,0,0,0,0,0,0,0,,0,0,0,0,0,0,2024065888,3,,3,02,2,W,4,AJHU,20,,,EASTVIEW RD,1,
4490,2024065956,11,02,02431,68B03,2024,07,5,,,,3,1,7,4,02,3,2,00,0,0,1,1,1,0,0,0,0,0,1,0,0,0,1,0,,1,0,0,1,0,0,0,0,0,0,0,0,0,0,0,0,3,0,0,0,0,0,0,0,0,40 25:20.185,79 51:39.206,40.422274,-79.860891,,,,N,,,,,0,,,,,,,,,,,,2024065956,0,0,1,1,0,0,0,0,0,0,0,0,1,1,0,0,0,1,0,0,1,0,1,1,0,0,0,1,0,0,0,0,0,0,0,0,0,0,0,0,0,0,0,0,0,0,0,0,0,0,0,0,1,1,1,0,0,0,0,0,1,0,0,1,0,0,0,0,1,0,0,0,0,1,0,0,0,0,0,0,0,1,,0,1,1,0,0,0,2024065956,3,,3,02,,W,4,AKRL,25,,,FAIRFAX RD,1,
4491,2024065976,11,02,02203,68B03,2024,07,7,,,,3,1,2,1,00,0,2,00,0,0,3,6,3,2,0,0,0,0,1,0,0,0,5,3,,2,0,0,2,0,1,0,0,0,0,0,0,0,0,0,0,2,0,0,0,0,0,1,0,0,40 28:06.480,80 14:05.572,40.468467,-80.234881,,,4,N,,,,N,0,,,,,,,,,,,,2024065976,1,1,0,0,0,0,0,0,0,0,0,1,0,0,0,0,1,1,0,1,0,0,0,0,0,0,0,0,0,0,0,0,0,0,0,0,0,0,0,0,0,1,1,0,0,0,0,0,0,0,0,1,0,0,0,0,0,0,0,0,1,0,0,1,0,0,0,1,1,0,0,0,1,1,0,1,0,1,0,1,1,1,,1,0,1,0,0,0,2024065976,3,,1,02,,W,1,0376,65,,752,AIRPORT PY,5,
4492,2024065989,11,02,02464,68D02,2024,07,3,,,,3,1,7,5,00,0,2,02,0,0,1,1,1,0,0,0,0,0,1,0,0,0,0,0,,0,0,0,0,0,0,0,0,0,0,0,0,0,0,0,0,0,0,0,0,0,0,1,0,0,40 36:42.571,79 45:25.212,40.611825,-79.757003,,,,Y,,,,,0,,,,,,,,,,,,2024065989,0,1,0,0,0,0,0,0,0,0,0,0,1,1,0,1,0,0,0,1,0,0,0,0,0,0,0,0,0,0,1,0,0,0,0,0,0,0,0,0,0,0,0,0,0,0,0,0,0,0,0,0,0,1,1,0,0,0,0,0,0,0,0,1,0,0,0,1,1,0,0,0,0,0,0,0,0,0,0,0,0,0,,0,1,1,0,0,0,2024065989,3,,1,02,,N,2,8064,20,,1519,RAMP RD/TO SR 0366 SH,0,
4493,2024066050,11,02,02304,02304,2024,07,3,,,,7,9,7,3,00,0,2,03,0,0,2,2,2,1,0,0,0,0,1,0,0,0,0,0,,0,0,0,0,0,0,0,0,0,0,0,0,0,0,0,0,0,0,0,0,0,0,0,0,0,40 20:48.816,79 53:21.165,40.346893,-79.889213,,,3,N,,,,N,0,,,,,,,,,,,,2024066050,0,0,1,1,0,1,0,0,0,0,0,0,1,1,0,1,0,0,0,1,0,0,0,0,0,0,0,0,0,0,0,0,1,0,0,0,0,0,0,0,0,0,0,0,0,0,0,0,0,0,0,0,0,1,1,0,0,0,0,0,0,0,0,0,0,0,0,0,1,0,0,0,0,0,0,0,0,0,0,0,0,0,,0,0,0,0,0,0,2024066050,3,,,02,,E,4,,40,,,MANSFIELD BR,0,
4494,2024066063,11,02,02446,02446,2024,07,3,,,,7,9,7,4,00,0,2,00,0,0,1,3,1,0,0,0,1,0,0,0,0,0,0,0,,0,0,0,0,0,0,0,0,0,0,0,0,0,0,0,0,0,0,0,0,1,0,0,0,0,40 23:58.589,79 47:13.499,40.399608,-79.787083,,,3,N,,,,N,0,,,,,,,,,,,,2024066063,0,1,0,0,0,1,0,0,0,0,0,0,1,1,0,1,0,0,0,1,0,0,0,0,0,0,0,0,1,0,0,0,0,0,0,0,0,0,1,0,0,0,0,0,0,0,0,0,0,0,0,0,0,1,1,0,0,0,0,0,0,0,0,1,0,1,0,0,1,0,0,0,0,0,0,0,0,0,0,0,0,0,,0,0,0,0,0,0,2024066063,3,,3,02,,W,2,0130,35,,3317,BROADWAY BL,0,
4495,2024066078,11,02,02473,02473,2024,07,6,,,,3,1,7,4,00,0,2,00,0,0,1,1,1,0,0,0,0,0,1,0,0,0,0,0,,0,0,0,0,0,0,0,0,0,0,0,0,0,0,0,0,0,0,0,0,0,0,0,1,0,40 20:27.100,79 56:11.000,40.340861,-79.936389,,,6,N,,,,N,0,,,,,,,,,,,,2024066078,0,0,1,1,0,0,0,0,0,0,0,0,1,1,0,1,0,0,0,1,0,0,0,0,0,0,0,1,1,0,0,0,0,0,0,0,0,0,0,0,0,0,0,0,0,0,0,0,0,0,1,0,0,1,1,0,0,0,1,0,0,0,1,1,0,0,0,0,1,0,0,0,0,0,0,0,0,0,0,0,0,0,,0,0,0,0,0,0,2024066078,3,,,02,,W,4,,35,,,NEW ENGLAND RD,0,
4496,2024066095,11,02,02109,02109,2024,07,3,,,,7,9,4,1,00,0,2,00,0,0,2,2,2,1,0,0,0,0,1,0,0,0,1,0,,1,0,0,0,0,0,0,0,0,0,0,0,0,0,0,0,3,0,0,0,0,1,0,0,0,40 22:27.160,80 04:26.240,40.374211,-80.073956,,,3,N,,,,N,0,,,,,,,,,,,,2024066095,0,0,1,1,0,1,0,0,0,0,0,0,0,0,0,0,0,1,0,1,0,0,0,0,0,0,0,0,0,0,0,0,0,0,0,0,0,0,0,0,0,0,0,0,0,0,0,0,0,0,0,0,0,0,0,0,0,0,0,0,0,0,0,0,0,0,1,0,1,0,0,0,0,1,0,0,0,0,0,0,0,1,,0,0,0,0,0,0,2024066095,3,,,02,,N,4,,35,,,BOWER HILL RD,1,
4497,2024066097,11,02,02302,02302,2024,07,3,,,,3,1,4,1,02,0,2,00,0,0,2,2,2,2,0,0,0,0,0,0,0,0,0,0,,0,0,0,0,0,0,0,0,0,0,0,0,0,0,0,0,0,0,0,0,0,0,0,0,1,40 17:38.350,79 53:28.141,40.293986,-79.89115,,,,N,,,,,0,,,,,,,,,,,,2024066097,0,0,1,1,0,0,0,0,0,0,0,0,0,0,0,1,0,0,0,0,1,0,0,1,0,0,0,0,0,0,0,0,0,0,0,0,0,0,0,0,0,0,0,0,0,0,1,0,0,0,0,0,0,0,1,0,0,0,0,1,0,0,0,0,0,0,0,0,1,0,0,0,0,0,0,0,0,0,0,0,0,0,,0,0,0,0,0,0,2024066097,3,,3,02,,E,4,AIO8,35,,,SAINT CLAIR AV,0,
4498,2024066129,11,02,02407,02407,2024,07,1,,,,3,1,4,4,00,0,2,00,0,0,2,2,2,2,0,0,0,0,0,0,0,0,0,0,,0,0,0,1,0,0,0,0,0,0,0,0,0,0,0,0,0,0,0,0,0,0,0,0,0,40 19:47.621,80 03:05.494,40.329895,-80.051526,,,5,N,,,,N,0,,,,,,,,,,,,2024066129,0,1,0,0,0,0,0,0,0,0,0,0,0,1,0,1,0,0,0,1,0,0,0,0,0,0,0,0,0,0,0,0,0,0,0,0,0,0,0,0,0,1,1,0,0,0,0,0,0,0,0,0,0,0,0,0,0,0,0,0,1,0,0,0,0,0,0,0,1,0,1,0,0,0,0,1,0,0,0,0,1,0,,0,0,0,0,0,0,2024066129,3,,3,02,,N,2,3010,25,,616,LOGAN RD,0,
4499,2024066130,11,02,02215,02215,2024,07,4,,,,3,1,4,1,02,2,2,02,0,0,2,6,2,0,0,0,0,0,2,0,0,0,6,3,,3,0,0,1,0,1,0,0,0,0,0,0,0,0,0,0,2,0,1,0,0,0,0,0,0,40 31:31.852,80 04:11.460,40.525514,-80.06985,,,3,N,,,,N,0,,,,,,,,,,,,2024066130,0,1,1,0,0,0,0,0,0,0,0,0,0,0,0,0,1,1,0,0,1,1,0,0,0,0,0,0,0,0,0,0,0,0,0,0,0,0,0,0,0,1,1,0,0,0,0,0,0,0,0,0,0,0,1,0,0,1,0,0,1,0,0,1,0,0,0,0,1,0,0,0,0,1,0,1,0,0,0,0,0,1,,1,1,0,0,0,0,2024066130,3,,3,02,,N,2,4021,35,,897,CAMP HORNE RD,6,
4500,2024066163,11,02,02446,02446,2024,07,3,,,,7,9,6,1,00,0,2,00,0,0,3,4,3,1,0,0,2,0,0,0,0,0,4,0,,3,1,0,0,0,0,0,0,0,0,0,0,0,0,0,0,3,0,0,0,0,0,0,1,0,40 26:19.075,79 44:52.010,40.438632,-79.747781,,,3,N,,,,Y,0,,,,,,,,,,,,2024066163,0,1,0,0,0,1,0,0,0,0,0,1,0,0,0,0,0,1,0,1,0,0,0,0,0,0,0,0,0,0,0,0,0,0,0,0,0,0,0,0,0,0,0,0,0,0,0,0,0,0,0,0,0,1,1,0,0,0,1,0,0,0,0,0,0,0,0,0,1,0,0,0,1,1,0,1,0,1,0,1,0,1,,0,0,0,0,0,0,2024066163,3,,3,02,,E,2,0022,45,,1418,NEW WM PENN HW,4,
4501,2024066177,11,02,02113,68B03,2024,07,1,,,,3,1,7,4,00,0,2,00,0,0,1,1,1,1,0,0,0,0,0,0,0,0,0,0,,0,0,0,0,0,0,0,0,0,0,0,0,0,0,0,0,0,0,0,0,0,0,0,0,0,40 26:31.430,79 47:56.671,40.442064,-79.799075,,,,N,,,,,1,1,4,55,1,0,0,1,1,0,0,0,2024066177,1,1,0,0,0,0,0,0,0,0,0,0,1,1,1,1,0,0,0,1,0,0,0,0,0,0,0,0,0,0,0,0,1,0,0,0,0,0,0,0,0,1,1,0,0,0,0,0,0,0,0,0,0,0,0,0,0,0,0,0,0,0,0,0,0,0,0,0,1,0,0,0,0,0,0,1,0,0,0,0,1,0,,0,0,1,0,0,0,2024066177,3,,1,02,,W,1,0376,55,,189,PENN LINCOLN PY,0,
4502,2024066192,11,02,02203,02203,2024,07,6,,,,3,1,4,1,00,0,1,07,0,0,2,2,2,0,1,0,0,0,1,0,0,0,1,1,,0,0,0,0,0,0,0,0,0,1,0,0,0,0,0,0,2,0,0,0,0,0,0,0,1,40 29:28.770,80 19:51.400,40.491325,-80.330944,,,6,N,,,,Y,0,,,,,,,,,,,,2024066192,0,1,0,0,0,0,0,0,0,0,0,0,0,0,0,0,1,1,0,1,0,0,0,0,0,0,0,0,0,0,0,0,0,0,0,1,0,0,0,0,0,0,0,0,0,0,1,0,0,0,0,0,0,0,1,0,0,0,0,1,0,0,0,0,0,0,0,0,1,0,0,0,0,1,0,0,0,0,0,0,0,0,,1,1,0,0,0,0,2024066192,3,,3,02,,W,2,0030,45,,1966,LINCOLN HW,1,
4503,2024066194,11,02,02219,02219,2024,07,4,,,,3,1,7,4,00,0,2,00,0,0,1,1,1,1,0,0,0,0,0,0,0,0,1,0,,1,0,0,1,0,0,0,0,0,0,0,0,0,0,0,0,3,0,0,0,0,0,1,0,0,40 18:10.600,79 59:33.800,40.302944,-79.992722,,,1,N,,,,N,0,,,,,,,,,,,,2024066194,0,0,1,1,0,0,0,0,0,0,0,0,1,1,0,0,0,1,0,1,0,0,0,0,0,0,0,0,0,1,0,0,0,0,0,0,0,0,0,0,0,0,0,0,0,0,0,0,0,0,0,0,0,0,0,0,0,0,0,0,1,0,1,1,0,0,0,1,1,0,0,0,0,1,0,0,0,0,0,0,0,1,,0,0,0,0,0,0,2024066194,3,,,02,,E,4,,25,,,EAGLE PRIDE LN,1,
4504,2024066198,11,02,02477,02477,2024,07,2,,,,7,9,4,1,02,0,2,00,0,0,3,3,3,1,0,0,1,0,0,1,0,0,0,0,,0,0,0,0,0,0,0,0,0,0,0,0,0,0,0,0,0,0,0,0,0,0,1,0,0,40 21:29.694,79 49:54.436,40.358248,-79.831788,,,,N,,,0,,0,,,,,,,,,,,,2024066198,0,1,0,0,0,1,0,0,0,0,0,0,0,0,0,1,0,0,0,0,1,0,0,1,0,0,0,0,0,0,0,0,0,0,0,0,0,0,0,0,0,0,0,0,0,0,0,0,0,0,0,0,0,0,1,0,0,0,0,0,0,0,0,0,0,0,0,1,1,0,0,0,0,0,0,0,0,0,0,0,0,0,,0,0,0,0,0,0,2024066198,3,,3,02,,N,2,0148,35,,0,FIFTH AV,0,
4505,2024066208,11,02,02219,02501,2024,07,3,,,,3,1,7,2,00,0,2,00,0,0,1,2,1,0,0,0,0,0,1,0,0,0,0,0,,0,0,0,0,0,0,0,0,0,0,0,0,0,0,0,0,0,0,0,0,0,0,1,0,0,40 18:23.340,79 59:47.410,40.306483,-79.996503,,,2,N,,,,Y,0,,,,,,,,,,,,2024066208,0,0,1,1,0,0,0,0,0,0,0,0,1,1,0,1,0,0,0,1,0,0,0,0,0,0,0,0,0,0,0,1,0,0,0,0,0,0,0,0,0,0,0,0,0,0,0,0,0,0,0,0,0,0,0,0,0,0,0,0,0,0,1,0,0,0,0,1,1,0,0,0,0,0,0,0,0,0,0,0,0,0,,0,0,0,0,0,0,2024066208,3,,,02,2,S,4,,25,,,BROWNSVILLE RD,0,
4506,2024066215,11,02,02217,02505,2024,07,2,,,,3,1,7,4,00,2,2,00,0,0,1,2,1,0,0,0,0,0,1,0,0,0,2,0,,0,2,0,2,0,0,0,0,0,0,0,0,0,0,0,0,8,0,0,0,0,0,0,0,0,40 38:12.827,79 56:20.162,40.636896,-79.938934,,,5,Y,,,,N,0,,,,,,,,,,,,2024066215,0,1,0,0,0,0,0,0,0,0,0,0,1,1,0,0,0,1,0,1,0,0,0,0,0,0,0,0,0,1,0,0,0,0,0,0,0,0,0,0,0,0,0,0,0,0,0,0,0,0,0,0,0,0,0,0,0,0,0,0,1,0,0,0,0,0,0,0,1,0,0,0,0,1,0,0,0,0,0,0,0,0,,0,0,0,0,0,0,2024066215,3,,3,02,,N,2,0008,40,,1857,WILLIAM FLINN HW,2,
4507,2024066219,11,02,02216,02505,2024,07,7,,,,3,1,7,2,00,0,2,00,0,0,1,2,1,0,0,0,0,0,1,0,0,0,0,0,,0,0,0,0,0,0,0,0,0,0,0,0,0,0,0,0,0,1,0,0,0,0,0,0,0,40 38:07.283,80 03:24.827,40.635356,-80.056896,,,,N,,,,N,0,,,,,,,,,,,,2024066219,0,1,0,0,0,0,0,0,0,0,0,0,1,1,0,1,0,0,0,1,0,0,0,0,0,0,0,1,0,0,0,0,0,0,0,0,0,0,0,0,0,0,0,0,0,0,0,0,0,0,0,0,0,0,0,0,1,0,0,0,0,0,1,1,0,0,0,0,1,0,0,0,0,0,0,0,0,0,0,0,0,0,,0,0,0,0,0,0,2024066219,3,,3,02,,E,2,4068,40,,540,WALLACE RD,0,
4508,2024066223,11,02,02124,02124,2024,07,2,,,,3,1,7,2,00,0,2,04,0,0,1,3,1,1,0,0,0,0,0,0,0,0,2,0,,1,1,0,0,0,0,0,0,0,0,0,0,0,0,0,0,3,0,0,0,0,0,0,0,0,40 25:32.915,79 48:28.787,40.42581,-79.807996,,,,N,,,,,0,,,,,,,,,,,,2024066223,0,1,0,0,0,0,0,0,0,0,0,0,1,1,0,0,0,1,0,1,0,0,0,0,0,0,0,0,0,0,0,0,1,0,0,0,0,0,0,0,0,0,0,0,0,0,0,0,0,0,0,0,1,1,1,0,0,0,0,0,0,0,0,1,0,0,0,0,1,0,0,0,0,1,0,0,0,0,0,0,1,1,,0,0,0,0,0,0,2024066223,3,,3,02,2,N,2,2065,25,,2272,THOMPSON RUN RD,2,
4509,2024066224,11,02,02115,02115,2024,07,4,,,,3,1,4,1,02,3,2,00,0,,2,8,2,1,0,0,0,0,1,0,0,0,0,0,,0,0,0,0,0,0,0,0,0,0,0,0,0,0,0,0,0,0,0,0,0,0,1,0,0,40 27:00.781,80 07:01.342,40.450217,-80.117039,,,3,N,,,,N,0,,,,,,,,,,,,2024066224,0,1,1,0,0,0,0,0,0,0,0,0,0,0,0,1,0,0,0,0,1,0,1,1,0,0,0,0,0,0,0,0,0,0,0,0,0,0,0,0,0,0,0,0,0,0,1,0,0,0,0,0,0,0,1,0,0,0,0,0,0,0,0,0,0,0,0,1,1,0,0,0,0,0,0,0,0,0,0,0,0,0,,0,0,0,0,0,0,2024066224,4,,,02,,S,4,,25,,,OLD STEUBENVILLE PK,0,
4510,2024066225,11,02,02124,02124,2024,07,1,,,,3,1,1,1,02,2,2,00,0,0,2,2,2,1,0,0,0,0,1,0,0,0,1,0,,1,0,0,2,0,0,0,0,0,0,0,0,0,0,0,0,3,0,0,0,0,0,1,0,0,40 25:48.090,79 48:43.532,40.430025,-79.812092,,,,N,,,,,1,1,2,30,0,0,0,0,0,0,0,0,2024066225,0,1,1,0,0,0,0,0,0,0,1,0,0,0,1,0,0,1,0,0,1,1,0,0,0,0,0,0,0,0,0,0,0,0,0,0,0,0,1,0,0,0,0,0,0,0,0,0,0,0,0,0,0,0,0,0,0,0,0,0,1,0,0,1,0,0,0,1,0,0,0,0,0,1,0,0,0,0,0,0,0,1,,0,0,0,0,0,0,2024066225,5,,,02,,S,4,,25,,,PENN CENTER BL,1,