_id,CRASH_CRN,DISTRICT,CRASH_COUNTY,MUNICIPALITY,POLICE_AGCY,CRASH_YEAR,CRASH_MONTH,DAY_OF_WEEK,TIME_OF_DAY,HOUR_OF_DAY,ILLUMINATION,WEATHER,ROAD_CONDITION,COLLISION_TYPE,RELATION_TO_ROAD,INTERSECT_TYPE,TCD_TYPE,URBAN_RURAL,LOCATION_TYPE,SCH_BUS_IND,SCH_ZONE_IND,TOTAL_UNITS,PERSON_COUNT,VEHICLE_COUNT,AUTOMOBILE_COUNT,MOTORCYCLE_COUNT,BUS_COUNT,SMALL_TRUCK_COUNT,HEAVY_TRUCK_COUNT,SUV_COUNT,VAN_COUNT,BICYCLE_COUNT,FATAL_COUNT,INJURY_COUNT,MAJ_INJ_COUNT,MOD_INJ_COUNT,MIN_INJ_COUNT,UNK_INJ_DEG_COUNT,UNK_INJ_PER_COUNT,UNBELTED_OCC_COUNT,UNB_DEATH_COUNT,UNB_MAJ_INJ_COUNT,BELTED_DEATH_COUNT,BELTED_MAJ_INJ_COUNT,MCYCLE_DEATH_COUNT,MCYCLE_MAJ_INJ_COUNT,BICYCLE_DEATH_COUNT,BICYCLE_MAJ_INJ_COUNT,PED_COUNT,PED_DEATH_COUNT,PED_MAJ_INJ_COUNT,COMM_VEH_COUNT,MAX_SEVERITY_LEVEL,DRIVER_COUNT_16YR,DRIVER_COUNT_17YR,DRIVER_COUNT_18YR,DRIVER_COUNT_19YR,DRIVER_COUNT_20YR,DRIVER_COUNT_50_64YR,DRIVER_COUNT_65_74YR,DRIVER_COUNT_75PLUS,LATITUDE,LONGITUDE,DEC_LAT,DEC_LONG,EST_HRS_CLOSED,LANE_CLOSED,LN_CLOSE_DIR,NTFY_HIWY_MAINT,RDWY_SURF_TYPE_CD,SPEC_JURIS_CD,TCD_FUNC_CD,TFC_DETOUR_IND,WORK_ZONE_IND,WORK_ZONE_TYPE,WORK_ZONE_LOC,CONS_ZONE_SPD_LIM,WORKERS_PRES,WZ_CLOSE_DETOUR,WZ_FLAGGER,WZ_LAW_OFFCR_IND,WZ_LN_CLOSURE,WZ_MOVING,WZ_OTHER,WZ_SHLDER_MDN,FLAG_CRN,INTERSTATE,STATE_ROAD,LOCAL_ROAD,LOCAL_ROAD_ONLY,TURNPIKE,WET_ROAD,SNOW_SLUSH_ROAD,ICY_ROAD,SUDDEN_DEER,SHLDR_RELATED,REAR_END,HO_OPPDIR_SDSWP,HIT_FIXED_OBJECT,SV_RUN_OFF_RD,WORK_ZONE,PROPERTY_DAMAGE_ONLY,FATAL_OR_MAJ_INJ,INJURY,FATAL,NON_INTERSECTION,INTERSECTION,SIGNALIZED_INT,STOP_CONTROLLED_INT,UNSIGNALIZED_INT,SCHOOL_BUS,SCHOOL_ZONE,HIT_DEER,HIT_TREE_SHRUB,HIT_EMBANKMENT,HIT_POLE,HIT_GDRAIL,HIT_GDRAIL_END,HIT_BARRIER,HIT_BRIDGE,OVERTURNED,MOTORCYCLE,BICYCLE,HVY_TRUCK_RELATED,VEHICLE_FAILURE,TRAIN_TROLLEY,PHANTOM_VEHICLE,ALCOHOL_RELATED,DRINKING_DRIVER,UNDERAGE_DRNK_DRV,UNLICENSED,CELL_PHONE,NO_CLEARANCE,RUNNING_RED_LT,TAILGATING,CROSS_MEDIAN,CURVE_DVR_ERROR,LIMIT_65MPH,SPEEDING,SPEEDING_RELATED,AGGRESSIVE_DRIVING,FATIGUE_ASLEEP,DRIVER_16YR,DRIVER_17YR,DRIVER_65_74YR,DRIVER_75PLUS,UNBELTED,PEDESTRIAN,DISTRACTED,CURVED_ROAD,DRIVER_18YR,DRIVER_19YR,DRIVER_20YR,DRIVER_50_64YR,VEHICLE_TOWED,FIRE_IN_VEHICLE,HIT_PARKED_VEHICLE,MC_DRINKING_DRIVER,DRUGGED_DRIVER,INJURY_OR_FATAL,COMM_VEHICLE,IMPAIRED_DRIVER,DEER_RELATED,DRUG_RELATED,HAZARDOUS_TRUCK,ILLEGAL_DRUG_RELATED,ILLUMINATION_DARK,MINOR_INJURY,MODERATE_INJURY,MAJOR_INJURY,NHTSA_AGG_DRIVING,PSP_REPORTED,RUNNING_STOP_SIGN,TRAIN,TROLLEY,ROADWAY_CRN,RDWY_SEQ_NUM,ADJ_RDWY_SEQ,ACCESS_CTRL,ROADWAY_COUNTY,LANE_COUNT,RDWY_ORIENT,ROAD_OWNER,ROUTE,SPEED_LIMIT,SEGMENT,OFFSET,STREET_NAME,TOT_INJ_COUNT,SCHOOL_BUS_UNIT
4688,2024068485,11,02,02431,02431,2024,07,1,,,,3,1,2,1,01,2,2,00,0,0,2,5,2,2,0,0,0,0,0,0,0,0,1,0,,0,0,0,0,0,0,0,0,0,0,0,0,0,0,0,0,4,0,0,0,0,0,1,0,0,40 25:11.241,79 51:00.425,40.419789,-79.850118,,,3,N,,,,N,0,,,,,,,,,,,,2024068485,0,1,1,0,0,0,0,0,0,0,0,1,0,0,0,0,0,1,0,0,1,1,0,0,0,0,0,0,0,0,0,0,0,0,0,0,0,0,0,0,0,0,0,0,0,0,0,0,0,1,0,0,0,0,0,0,0,0,0,0,0,0,0,1,0,0,0,1,1,0,0,0,0,1,0,0,0,0,0,0,0,0,,0,0,0,0,0,0,2024068485,5,,,02,,S,4,,25,,,BERKLEY AV,1,
4689,2024068492,11,02,02446,02446,2024,08,2,,,,3,1,2,1,01,2,2,00,0,0,2,2,2,0,0,0,1,0,0,1,0,0,0,0,,0,0,0,0,0,0,0,0,0,0,0,0,0,0,0,0,0,0,0,0,0,0,1,0,0,40 26:19.934,79 45:38.259,40.438871,-79.760628,,,,N,,,,,0,,,,,,,,,,,,2024068492,0,1,0,0,0,0,0,0,0,0,0,1,0,0,0,1,0,0,0,0,1,1,0,0,0,0,0,0,0,0,0,0,0,0,0,0,0,0,0,0,0,0,0,0,0,0,0,1,0,0,0,0,0,0,1,0,0,0,0,0,0,0,0,0,0,0,0,1,1,0,0,0,0,0,0,0,0,0,0,0,0,0,,0,0,0,0,0,0,2024068492,3,,3,02,,E,2,2048,35,,0,WILLIAM PENN HW,0,
4690,2024068497,11,02,02213,02213,2024,07,3,,,,3,1,7,2,00,0,2,03,0,0,1,1,1,1,0,0,0,0,0,0,0,0,0,0,,0,0,1,0,0,0,0,0,0,0,0,0,0,0,0,0,9,0,0,0,0,0,0,0,0,40 28:01.087,80 11:53.215,40.466969,-80.198115,,,,N,,,,,0,,,,,,,,,,,,2024068497,0,1,0,0,0,0,0,0,0,0,0,0,1,1,0,0,0,0,0,1,0,0,0,0,0,0,0,0,0,0,0,0,1,0,0,0,0,0,0,0,0,0,0,0,0,0,0,0,0,0,1,0,1,1,1,0,0,0,0,0,0,0,0,1,0,0,0,0,1,0,0,0,0,0,0,0,0,0,0,0,1,0,,0,1,0,0,0,0,2024068497,3,,1,02,,E,2,3160,55,,1303,BUSINESS 376 EX,0,
4691,2024068498,11,02,02213,02213,2024,08,5,,,,3,1,1,1,02,0,2,00,0,0,2,2,2,0,0,0,0,0,2,0,0,0,0,0,,0,0,0,0,0,0,0,0,0,0,0,0,0,0,0,0,0,0,0,0,0,0,1,0,0,40 30:12.489,80 12:33.660,40.503469,-80.20935,,,,N,,,,,0,,,,,,,,,,,,2024068498,0,0,1,1,0,0,0,0,0,0,1,0,0,0,0,1,0,0,0,0,1,0,0,1,0,0,0,0,0,0,0,0,0,0,0,0,0,0,0,0,0,0,0,0,0,0,0,0,1,0,0,0,0,0,1,0,0,0,0,0,0,0,0,1,0,0,0,1,1,0,0,0,0,0,0,0,0,0,0,0,0,0,,0,0,0,0,0,0,2024068498,3,,3,02,,S,4,AFA4,35,,,THORN RUN RD,0,
4692,2024068499,11,02,02416,02416,2024,07,3,,,,3,1,8,1,00,0,2,00,0,0,2,2,1,0,0,0,0,0,1,0,0,0,1,0,,0,1,0,0,0,0,0,0,0,0,0,0,1,0,0,0,8,0,0,0,0,0,0,0,0,40 21:48.780,80 01:29.125,40.36355,-80.024757,,,,N,,,,,0,,,,,,,,,,,,2024068499,0,0,1,1,0,0,0,0,0,0,0,0,0,0,0,0,0,1,0,1,0,0,0,0,0,0,0,0,0,0,0,0,0,0,0,0,0,0,0,0,0,0,0,0,0,0,0,0,0,0,0,0,0,0,0,0,0,0,0,0,0,1,0,0,0,0,0,0,0,0,0,0,0,1,0,0,0,0,0,0,0,0,,0,0,0,0,0,0,2024068499,3,,3,02,,W,4,AK61,25,,,PROSPECT AV,1,
4693,2024068543,11,02,02207,02207,2024,06,7,,,,3,1,7,5,01,0,2,00,0,0,1,1,1,0,0,0,0,0,1,0,0,0,1,0,,0,1,0,0,0,0,0,0,0,0,0,0,0,0,0,0,8,0,0,0,0,0,1,0,0,40 33:38.431,79 55:43.175,40.560675,-79.92866,,,,N,,,,,0,,,,,,,,,,,,2024068543,0,1,1,0,0,0,0,0,0,0,0,0,1,1,0,0,0,1,0,0,1,0,0,1,0,0,0,0,0,1,0,0,0,0,0,0,0,0,0,0,0,1,1,0,0,0,0,0,0,0,0,0,0,0,0,0,0,0,0,0,0,0,0,0,0,0,0,1,1,0,0,0,0,1,0,1,0,0,0,0,1,0,,0,0,0,0,0,0,2024068543,4,,,02,,S,4,,35,,,MIDDLE RD,1,
4694,2024068547,11,02,02304,02304,2024,08,5,,,,3,1,5,6,00,0,2,00,0,0,3,2,3,1,0,0,0,0,1,1,0,0,0,0,,0,0,0,0,0,0,0,0,0,0,0,0,0,0,0,0,0,0,0,0,0,0,0,0,0,40 19:59.559,79 50:45.830,40.333211,-79.846064,,,,N,,,,,0,,,,,,,,,,,,2024068547,0,0,1,1,0,0,0,0,0,0,0,0,0,0,0,1,0,0,0,1,0,0,0,0,0,0,0,0,0,0,0,0,0,0,0,0,0,0,0,0,0,0,0,0,0,0,0,0,0,0,0,0,0,0,0,0,0,0,0,0,0,0,1,0,0,0,0,0,1,0,1,0,0,0,0,0,0,0,0,0,1,0,,0,0,0,0,0,0,2024068547,3,,3,02,,N,4,AJ1M,25,,,TWENTYEIGHTH ST,0,
4695,2024068549,11,02,02473,02473,2024,07,3,,,,7,9,4,1,02,2,2,07,0,0,3,5,3,1,0,0,0,0,2,0,0,0,2,1,,1,0,0,0,0,0,0,0,0,0,0,0,0,0,0,0,2,0,0,0,0,0,0,1,0,40 23:26.529,79 52:09.210,40.390703,-79.869225,,,1,N,,,,N,0,,,,,,,,,,,,2024068549,0,1,1,0,0,1,0,0,0,0,0,0,0,0,0,0,1,1,0,0,1,1,0,0,0,0,0,0,0,0,0,0,0,0,0,0,0,0,0,0,0,0,0,0,0,0,0,0,0,0,0,0,0,0,1,0,0,0,1,0,0,0,0,1,0,0,0,0,1,0,0,0,1,1,0,1,0,1,0,1,0,1,,1,1,0,0,0,0,2024068549,5,,,02,2,W,4,,25,,,GLENN ST,2,
4696,2024068557,11,02,02302,02302,2024,08,1,,,,3,1,7,5,00,0,2,00,0,0,1,1,1,1,0,0,0,0,0,0,0,0,0,0,,0,0,1,0,0,0,0,0,0,0,0,0,0,0,0,0,9,0,0,0,0,0,0,0,0,40 17:31.135,79 52:51.597,40.291982,-79.880999,,,4,N,,,,Y,0,,,,,,,,,,,,2024068557,0,1,0,0,0,0,0,0,0,0,0,0,1,1,0,0,0,0,0,1,0,0,0,0,0,0,0,0,0,1,0,0,0,0,0,0,0,0,0,0,0,0,0,0,0,0,0,0,0,0,1,0,1,1,1,0,0,0,0,0,0,0,0,1,0,0,0,0,1,0,0,0,0,0,0,0,0,0,0,0,1,0,,0,0,0,0,0,0,2024068557,3,,3,02,2,W,2,2028,25,,260,ST CLAIR AV,0,
4697,2024068574,11,02,02301,68B03,2024,08,2,,,,3,1,1,1,00,0,2,03,0,0,2,2,2,1,0,0,1,0,0,0,0,0,0,0,,0,0,0,0,0,0,0,0,0,0,0,0,0,0,0,0,0,0,0,0,0,0,0,0,0,40 26:40.035,80 00:33.196,40.444454,-80.009221,,,,N,,,,,0,,,,,,,,,,,,2024068574,1,1,0,0,0,0,0,0,0,0,1,0,0,0,0,1,0,0,0,1,0,0,0,0,0,0,0,0,0,0,0,0,0,0,0,0,0,0,0,0,0,0,0,0,0,0,0,0,1,0,0,0,0,0,1,0,0,0,0,0,0,0,0,0,0,0,0,0,1,0,0,0,0,0,0,0,0,0,0,0,0,0,,0,0,1,0,0,0,2024068574,3,,1,02,,N,1,0279,50,,896,FORT DUQUESNE BR,0,
4698,2024068587,11,02,02215,68B03,2024,08,3,,,,7,9,7,4,00,0,2,00,0,0,1,1,1,0,0,0,0,0,1,0,0,0,0,0,,0,0,0,0,0,0,0,0,0,0,0,0,0,0,0,0,0,0,0,0,0,0,0,0,0,40 33:11.342,80 05:10.809,40.553151,-80.086336,,,,Y,,,,,0,,,,,,,,,,,,2024068587,1,1,0,0,0,1,0,0,0,0,0,0,1,1,0,1,0,0,0,1,0,0,0,0,0,0,0,0,0,0,0,0,1,0,0,0,0,0,0,0,0,0,0,0,0,0,0,0,0,0,0,0,0,0,0,0,0,0,0,0,0,0,0,0,0,0,0,0,1,0,0,0,0,0,0,0,0,0,0,0,0,0,,0,0,1,0,0,0,2024068587,3,,1,02,,S,1,0279,55,,531,NORTH HILLS EX,0,
4699,2024068594,11,02,02203,68B03,2024,08,4,,,,3,1,7,3,00,0,1,00,0,0,1,1,1,1,0,0,0,0,0,0,0,0,0,0,,0,0,0,0,0,0,0,0,0,0,0,0,0,0,0,0,0,0,0,0,1,0,0,0,0,40 29:56.392,80 16:55.448,40.498998,-80.282069,,,,N,,,,,0,,,,,,,,,,,,2024068594,1,1,0,0,0,0,0,0,0,0,0,0,1,1,0,1,0,0,0,1,0,0,0,0,0,0,0,0,0,0,0,0,1,0,0,0,0,0,1,0,0,0,0,0,0,0,0,0,0,0,0,1,0,0,0,0,0,0,0,0,0,0,0,1,0,1,0,0,1,0,0,0,0,0,0,0,0,0,0,0,0,0,,0,0,1,0,0,0,2024068594,3,,1,02,,E,1,0376,65,,1080,AIRPORT PY,0,
4700,2024068629,11,02,02304,02304,2024,08,6,,,,3,1,1,1,02,0,2,00,0,0,3,3,3,0,0,0,0,0,3,0,0,0,1,0,,0,1,0,0,0,0,0,0,0,0,0,0,0,0,0,0,8,0,0,0,0,0,0,0,0,40 21:11.522,79 50:14.457,40.353201,-79.837349,,,,N,,,,,0,,,,,,,,,,,,2024068629,0,1,1,0,0,0,0,0,0,0,1,0,0,0,0,0,0,1,0,0,1,0,0,1,0,0,0,0,0,0,0,0,0,0,0,0,0,0,0,0,0,0,0,0,0,0,0,0,0,0,0,0,0,0,0,0,0,0,0,0,0,0,1,0,0,0,0,0,1,0,0,0,0,1,0,0,0,0,0,0,0,0,,0,0,0,0,0,0,2024068629,5,,,02,,W,4,,25,,,ELM ST,1,
4701,2024068631,11,02,02302,02302,2024,08,4,,,,3,1,1,1,00,2,2,00,0,0,2,6,2,1,0,0,0,0,1,0,0,0,0,0,,0,0,0,1,0,0,0,0,0,0,0,0,0,0,0,0,0,0,0,0,0,0,0,0,0,40 18:30.531,79 53:20.950,40.308481,-79.889153,,,,N,,,,,0,,,,,,,,,,,,2024068631,0,1,0,0,0,0,0,0,0,0,1,0,0,0,0,1,0,0,0,1,0,0,0,0,0,0,0,0,0,0,0,0,0,0,0,0,0,0,0,0,0,0,0,0,0,0,0,0,1,0,0,0,0,0,1,0,0,0,0,0,1,0,0,0,0,0,0,0,1,0,0,0,0,0,0,0,0,0,0,0,0,0,,0,0,0,0,0,0,2024068631,3,,3,02,,N,2,0837,25,,1358,STATE ST,0,
4702,2024068633,11,02,02481,02481,2024,08,1,,,,,1,7,4,00,0,2,00,0,0,1,1,1,1,0,0,0,0,0,0,0,0,0,0,,0,0,0,0,0,0,0,0,0,0,0,0,0,0,0,0,0,0,0,0,0,0,0,0,0,40 34:53.488,80 04:55.492,40.581524,-80.082081,,,,N,,,,,0,,,,,,,,,,,,2024068633,0,1,0,0,0,0,0,0,0,0,0,0,1,1,0,1,0,0,0,1,0,0,0,0,0,0,0,0,1,0,0,0,0,0,0,0,0,0,0,0,0,0,0,0,0,0,0,0,0,0,1,0,0,0,0,0,0,0,0,0,0,0,0,1,0,0,0,0,1,0,0,0,1,0,0,1,0,1,0,0,0,0,,0,0,0,0,0,0,2024068633,3,,3,02,2,N,2,4011,35,,3132,ROCHESTER RD,0,
4703,2024068634,11,02,02217,02505,2024,08,4,,,,3,1,4,1,02,3,2,00,0,0,2,3,2,0,0,0,0,0,2,0,0,0,0,0,,0,0,0,1,0,0,0,0,0,0,0,0,0,0,0,0,0,0,0,0,0,0,0,0,0,40 37:47.792,79 58:07.379,40.629942,-79.968716,,,6,N,,,,Y,0,,,,,,,,,,,,2024068634,0,1,1,0,0,0,0,0,0,0,0,0,0,0,0,1,0,0,0,0,1,0,1,1,0,0,0,0,0,0,0,0,0,0,0,0,0,0,0,0,0,0,0,0,0,0,1,0,0,0,0,0,0,0,1,0,0,0,0,0,1,0,0,0,0,0,0,0,1,0,0,0,0,0,0,0,0,0,0,0,0,0,,0,0,0,0,0,0,2024068634,4,,,02,,S,4,,25,,,GIBSON RD,0,
4704,2024068646,11,02,02414,02414,2024,07,4,,,,3,1,1,1,01,2,2,00,0,0,2,2,2,0,0,0,1,0,1,0,0,0,1,0,,1,0,0,0,0,0,0,0,0,0,0,0,0,0,0,0,3,0,0,0,0,0,1,1,0,40 21:35.888,80 06:41.661,40.359969,-80.111573,,,2,N,,,,Y,0,,,,,,,,,,,,2024068646,0,1,1,0,0,0,0,0,0,0,1,0,0,0,0,0,0,1,0,0,1,1,0,0,0,0,0,0,0,0,0,0,0,0,0,0,0,0,0,0,0,0,0,0,0,0,0,0,0,0,0,0,0,0,1,0,0,0,1,0,0,0,0,0,0,0,0,1,1,0,0,0,0,1,0,0,0,0,0,0,0,1,,0,0,0,0,0,0,2024068646,4,,,02,,W,4,,25,,,BOWER HILL RD,1,
4705,2024068650,11,02,02407,02407,2024,07,3,,,,3,1,4,1,00,0,2,07,0,0,2,3,2,2,0,0,0,0,0,0,0,0,1,0,,0,1,0,0,0,0,0,0,0,0,0,0,0,0,0,0,8,0,0,0,0,0,1,1,0,40 17:36.078,80 01:50.804,40.293355,-80.030779,,,,N,,,,,0,,,,,,,,,,,,2024068650,0,1,0,0,0,0,0,0,0,0,0,0,0,0,0,0,0,1,0,1,0,0,0,0,0,0,0,0,0,0,0,0,0,0,0,0,0,0,0,0,0,0,0,0,0,0,0,0,0,0,0,0,0,0,1,0,0,0,1,0,0,0,0,1,0,0,0,1,1,0,0,0,0,1,0,0,0,0,0,0,0,0,,0,0,0,0,0,0,2024068650,3,,3,02,,N,2,0088,35,,469,LIBRARY RD,1,
4706,2024068651,11,02,02407,02407,2024,07,3,,,,7,9,4,1,00,2,2,00,0,0,2,2,2,1,0,0,0,0,1,0,0,0,0,0,,0,0,0,0,0,0,0,0,0,0,0,0,0,0,0,0,0,0,0,0,0,1,0,0,0,40 21:21.111,80 01:41.614,40.355864,-80.028226,,,1,N,,,,N,0,,,,,,,,,,,,2024068651,0,1,0,0,0,1,0,0,0,0,0,0,0,0,0,1,0,0,0,1,0,0,0,0,0,0,0,0,0,0,0,0,0,0,0,0,0,0,0,0,0,1,1,1,0,0,0,0,0,0,0,0,0,1,1,0,0,0,0,0,0,0,0,0,0,0,1,0,1,0,0,0,0,0,0,1,0,0,0,0,1,0,,0,0,0,0,0,0,2024068651,3,,3,02,,S,2,0088,35,,215,LIBRARY RD,0,
4707,2024068653,11,02,02407,02407,2024,07,1,,,,3,1,1,1,03,0,2,00,0,0,3,3,3,2,0,0,0,0,1,0,0,0,1,0,,0,1,0,0,0,0,0,0,0,0,0,0,0,0,0,0,8,0,0,0,0,0,1,1,0,40 20:00.809,80 03:05.978,40.333558,-80.051661,,,,N,,,,,0,,,,,,,,,,,,2024068653,0,0,1,1,0,0,0,0,0,0,1,0,0,0,0,0,0,1,0,0,1,0,0,1,0,0,0,0,0,0,0,0,0,0,0,0,0,0,0,0,0,0,0,0,0,0,0,0,0,0,0,0,0,0,0,0,0,0,1,0,0,0,1,0,0,0,0,1,1,0,0,0,0,1,0,0,0,0,0,0,0,0,,0,0,0,0,0,0,2024068653,3,,,02,,E,4,,25,,,OAKHURST RD,1,
4708,2024068655,11,02,02102,02102,2024,08,4,,,,,1,4,1,02,3,2,07,0,0,2,3,2,0,0,0,1,0,1,0,0,0,1,0,,1,0,0,0,0,0,0,0,0,0,0,0,0,0,0,0,3,0,0,0,0,0,0,0,1,40 23:39.272,80 09:48.179,40.394242,-80.163383,,,6,N,,,,N,0,,,,,,,,,,,,2024068655,0,0,1,1,0,0,0,0,0,0,0,0,0,0,0,0,0,1,0,0,1,0,1,1,0,0,0,0,0,0,0,0,0,0,0,0,0,0,0,0,0,0,0,0,0,0,1,0,0,0,0,0,0,0,1,0,0,0,0,1,0,0,0,0,0,0,0,0,1,0,0,0,0,1,0,0,0,0,0,0,0,1,,0,1,0,0,0,0,2024068655,3,,3,02,,W,4,AB6G,35,,,THOMS RUN AND OAKDALE RD,1,
4709,2024068675,11,02,02109,02109,2024,08,4,,,,3,1,4,1,02,2,2,00,0,0,2,4,2,1,0,0,0,0,1,0,0,0,1,0,,1,0,0,0,0,0,0,0,0,0,0,0,0,0,0,0,3,0,0,0,0,0,0,1,0,40 22:41.611,80 03:52.925,40.378225,-80.064701,,,4,N,,,,N,0,,,,,,,,,,,,2024068675,0,1,1,0,0,0,0,0,0,0,0,0,0,0,0,0,0,1,0,0,1,1,0,0,0,0,0,0,0,0,0,0,0,0,0,0,0,0,0,0,0,0,0,0,0,0,0,0,0,0,0,0,0,0,1,0,0,0,1,0,0,0,0,0,0,0,0,0,1,0,0,0,0,1,0,0,0,0,0,0,0,1,,0,0,0,0,0,0,2024068675,4,,,02,,E,4,,35,,,BOWER HILL RD,1,
4710,2024068708,11,02,02301,02301,2024,08,3,,,,7,9,4,1,00,0,2,07,0,0,2,2,2,1,0,0,0,1,0,0,0,0,1,0,,1,0,0,0,0,0,0,0,0,0,0,0,0,0,0,1,3,0,0,0,0,0,0,0,1,40 29:13.954,79 53:07.343,40.487209,-79.885373,,,,N,,,,,0,,,,,,,,,,,,2024068708,0,1,0,0,0,1,0,0,0,0,0,0,0,0,0,0,0,1,0,1,0,0,0,0,0,0,0,0,0,0,0,0,0,0,0,0,0,1,0,0,0,0,0,0,0,0,1,0,0,0,0,0,0,0,1,0,0,0,0,1,0,0,0,0,0,0,0,0,0,0,0,0,0,1,1,0,0,0,0,0,0,1,,0,1,0,0,0,0,2024068708,3,,3,02,,N,2,1001,35,,826,FREEPORT RD,1,
4711,2024068711,11,02,02415,02415,2024,06,7,,,,,1,4,1,01,3,2,00,0,0,2,2,2,1,0,0,0,0,1,0,0,0,0,0,,0,0,0,0,0,0,0,0,0,0,0,0,0,0,0,0,0,0,0,0,0,0,0,1,0,40 24:14.156,80 05:26.004,40.403932,-80.090557,,,,N,,,,,0,,,,,,,,,,,,2024068711,0,0,1,1,0,0,0,0,0,0,0,0,0,0,0,1,0,0,0,0,1,0,1,1,0,0,0,0,0,0,0,0,0,0,0,0,0,0,0,0,0,0,0,0,0,0,1,0,0,0,0,0,0,0,1,0,0,0,1,0,0,0,0,0,0,0,0,0,1,0,0,0,0,0,0,0,0,0,0,0,0,0,,0,0,0,0,0,0,2024068711,3,,3,02,,S,4,AK3G,35,,,THIRD ST,0,
4712,2024068718,11,02,02107,02107,2024,07,3,,,,7,9,7,4,02,0,2,00,,,1,1,1,0,0,0,0,0,1,0,0,0,0,0,,0,0,0,0,0,0,0,0,0,0,0,0,0,0,0,0,0,0,0,0,0,0,0,0,0,40 34:17.523,80 12:08.408,40.571534,-80.202336,,,,N,,,,,0,,,,,,,,,,,,2024068718,0,0,1,1,0,1,0,0,0,0,0,0,1,1,0,1,0,0,0,0,1,0,0,1,0,0,0,0,0,0,0,0,0,0,0,0,0,0,0,0,0,0,0,0,0,0,0,0,0,0,0,0,0,1,1,0,0,0,0,0,0,0,0,1,0,0,0,0,1,0,0,0,0,0,0,0,0,0,0,0,0,0,,0,0,0,0,0,0,2024068718,3,,3,02,,S,4,ABKP,35,,,CAMP MEETING RD,0,
4713,2024068724,11,02,02449,02515,2024,08,6,,,,3,1,4,1,02,3,2,00,0,0,2,2,2,1,0,0,1,0,0,0,0,0,0,0,,0,0,0,0,0,0,0,0,0,0,0,0,0,0,0,0,0,0,0,0,0,0,1,0,0,40 24:05.232,79 51:36.406,40.401453,-79.860113,,,,N,,,,N,0,,,,,,,,,,,,2024068724,0,0,1,1,0,0,0,0,0,0,0,0,0,0,0,1,0,0,0,0,1,0,1,1,0,0,0,0,0,0,0,0,0,0,0,0,0,0,0,0,0,0,0,0,0,0,0,0,0,0,0,0,0,0,0,0,0,0,0,0,0,0,1,0,0,0,0,1,1,0,0,0,0,0,0,0,0,0,0,0,0,0,,0,0,0,0,0,0,2024068724,3,,,02,,N,4,,25,,,ANN ST,0,
4714,2024068802,11,02,02446,68T09,2024,07,3,,,,3,1,5,1,00,0,2,02,0,0,2,2,2,0,0,0,0,0,2,0,0,0,1,0,,0,0,0,0,0,0,0,0,0,0,0,0,0,0,0,0,4,0,0,0,0,0,1,0,0,40 26:06.306,79 45:08.413,40.435085,-79.752337,,,,N,,,,,0,,,,,,,,,,,,2024068802,0,0,1,1,0,0,0,0,0,0,0,0,0,0,0,0,0,1,0,1,0,0,0,0,0,0,0,0,0,0,0,0,0,0,0,0,0,0,0,0,0,0,0,0,0,0,0,0,0,0,0,0,0,0,0,0,0,0,0,0,0,0,0,1,0,0,0,1,0,0,0,0,0,1,0,0,0,0,0,0,0,0,,0,0,1,0,0,0,2024068802,3,,,02,,W,4,,25,,,TOLL RD RAMP RD,1,
4715,2024068817,11,02,02466,68T02,2024,07,3,,,,7,9,7,3,00,0,2,00,0,0,3,4,3,1,0,0,1,1,0,0,0,0,3,0,,0,1,0,0,0,0,0,0,0,0,0,0,0,0,0,1,4,0,0,0,0,0,0,0,0,40 30:33.529,79 47:22.596,40.509314,-79.78961,,,4,N,,,,N,0,,,,,,,,,,,,2024068817,0,0,0,0,1,1,0,0,0,0,0,0,1,1,0,0,0,1,0,1,0,0,0,0,0,0,0,0,0,0,0,0,1,0,0,0,0,1,0,0,0,0,0,0,0,0,0,0,0,0,0,0,0,1,1,0,0,0,0,0,0,0,0,1,0,0,0,0,1,0,0,0,0,1,1,0,0,0,0,0,0,0,,0,0,1,0,0,0,2024068817,3,,1,02,,W,5,7076,55,,4752,I76 PK,3,
4716,2024068827,11,02,02106,02106,2024,07,4,,,,3,1,7,5,00,3,2,00,0,,1,1,1,0,0,0,1,0,0,0,0,0,0,0,,0,0,0,0,0,0,0,0,0,0,0,0,0,0,0,0,0,0,0,0,0,0,1,0,0,40 36:33.850,79 43:20.180,40.609403,-79.722272,,,,Y,,,,,0,,,,,,,,,,,,2024068827,0,0,1,1,0,0,0,0,0,0,0,0,1,1,0,1,0,0,0,1,0,0,0,0,0,0,0,0,0,0,1,0,0,0,0,0,0,0,0,0,0,1,1,0,0,0,0,0,0,0,0,0,1,1,1,0,0,0,0,0,0,0,1,1,0,0,0,1,1,0,0,0,0,0,0,1,0,0,0,0,0,0,,0,0,0,0,0,0,2024068827,3,,,02,,S,4,,25,,,RIVER AV,0,