_id,CRASH_CRN,DISTRICT,CRASH_COUNTY,MUNICIPALITY,POLICE_AGCY,CRASH_YEAR,CRASH_MONTH,DAY_OF_WEEK,TIME_OF_DAY,HOUR_OF_DAY,ILLUMINATION,WEATHER,ROAD_CONDITION,COLLISION_TYPE,RELATION_TO_ROAD,INTERSECT_TYPE,TCD_TYPE,URBAN_RURAL,LOCATION_TYPE,SCH_BUS_IND,SCH_ZONE_IND,TOTAL_UNITS,PERSON_COUNT,VEHICLE_COUNT,AUTOMOBILE_COUNT,MOTORCYCLE_COUNT,BUS_COUNT,SMALL_TRUCK_COUNT,HEAVY_TRUCK_COUNT,SUV_COUNT,VAN_COUNT,BICYCLE_COUNT,FATAL_COUNT,INJURY_COUNT,MAJ_INJ_COUNT,MOD_INJ_COUNT,MIN_INJ_COUNT,UNK_INJ_DEG_COUNT,UNK_INJ_PER_COUNT,UNBELTED_OCC_COUNT,UNB_DEATH_COUNT,UNB_MAJ_INJ_COUNT,BELTED_DEATH_COUNT,BELTED_MAJ_INJ_COUNT,MCYCLE_DEATH_COUNT,MCYCLE_MAJ_INJ_COUNT,BICYCLE_DEATH_COUNT,BICYCLE_MAJ_INJ_COUNT,PED_COUNT,PED_DEATH_COUNT,PED_MAJ_INJ_COUNT,COMM_VEH_COUNT,MAX_SEVERITY_LEVEL,DRIVER_COUNT_16YR,DRIVER_COUNT_17YR,DRIVER_COUNT_18YR,DRIVER_COUNT_19YR,DRIVER_COUNT_20YR,DRIVER_COUNT_50_64YR,DRIVER_COUNT_65_74YR,DRIVER_COUNT_75PLUS,LATITUDE,LONGITUDE,DEC_LAT,DEC_LONG,EST_HRS_CLOSED,LANE_CLOSED,LN_CLOSE_DIR,NTFY_HIWY_MAINT,RDWY_SURF_TYPE_CD,SPEC_JURIS_CD,TCD_FUNC_CD,TFC_DETOUR_IND,WORK_ZONE_IND,WORK_ZONE_TYPE,WORK_ZONE_LOC,CONS_ZONE_SPD_LIM,WORKERS_PRES,WZ_CLOSE_DETOUR,WZ_FLAGGER,WZ_LAW_OFFCR_IND,WZ_LN_CLOSURE,WZ_MOVING,WZ_OTHER,WZ_SHLDER_MDN,FLAG_CRN,INTERSTATE,STATE_ROAD,LOCAL_ROAD,LOCAL_ROAD_ONLY,TURNPIKE,WET_ROAD,SNOW_SLUSH_ROAD,ICY_ROAD,SUDDEN_DEER,SHLDR_RELATED,REAR_END,HO_OPPDIR_SDSWP,HIT_FIXED_OBJECT,SV_RUN_OFF_RD,WORK_ZONE,PROPERTY_DAMAGE_ONLY,FATAL_OR_MAJ_INJ,INJURY,FATAL,NON_INTERSECTION,INTERSECTION,SIGNALIZED_INT,STOP_CONTROLLED_INT,UNSIGNALIZED_INT,SCHOOL_BUS,SCHOOL_ZONE,HIT_DEER,HIT_TREE_SHRUB,HIT_EMBANKMENT,HIT_POLE,HIT_GDRAIL,HIT_GDRAIL_END,HIT_BARRIER,HIT_BRIDGE,OVERTURNED,MOTORCYCLE,BICYCLE,HVY_TRUCK_RELATED,VEHICLE_FAILURE,TRAIN_TROLLEY,PHANTOM_VEHICLE,ALCOHOL_RELATED,DRINKING_DRIVER,UNDERAGE_DRNK_DRV,UNLICENSED,CELL_PHONE,NO_CLEARANCE,RUNNING_RED_LT,TAILGATING,CROSS_MEDIAN,CURVE_DVR_ERROR,LIMIT_65MPH,SPEEDING,SPEEDING_RELATED,AGGRESSIVE_DRIVING,FATIGUE_ASLEEP,DRIVER_16YR,DRIVER_17YR,DRIVER_65_74YR,DRIVER_75PLUS,UNBELTED,PEDESTRIAN,DISTRACTED,CURVED_ROAD,DRIVER_18YR,DRIVER_19YR,DRIVER_20YR,DRIVER_50_64YR,VEHICLE_TOWED,FIRE_IN_VEHICLE,HIT_PARKED_VEHICLE,MC_DRINKING_DRIVER,DRUGGED_DRIVER,INJURY_OR_FATAL,COMM_VEHICLE,IMPAIRED_DRIVER,DEER_RELATED,DRUG_RELATED,HAZARDOUS_TRUCK,ILLEGAL_DRUG_RELATED,ILLUMINATION_DARK,MINOR_INJURY,MODERATE_INJURY,MAJOR_INJURY,NHTSA_AGG_DRIVING,PSP_REPORTED,RUNNING_STOP_SIGN,TRAIN,TROLLEY,ROADWAY_CRN,RDWY_SEQ_NUM,ADJ_RDWY_SEQ,ACCESS_CTRL,ROADWAY_COUNTY,LANE_COUNT,RDWY_ORIENT,ROAD_OWNER,ROUTE,SPEED_LIMIT,SEGMENT,OFFSET,STREET_NAME,TOT_INJ_COUNT,SCHOOL_BUS_UNIT
4747,2024069287,11,02,02481,68B03,2024,07,3,,,,3,1,4,1,00,0,2,00,0,0,4,4,4,1,0,0,2,0,1,0,0,0,1,0,,0,0,0,0,0,0,0,0,0,0,0,0,0,0,0,0,4,0,0,0,0,0,2,0,0,40 35:59.336,80 05:35.878,40.599816,-80.093299,,,,N,,,,,0,,,,,,,,,,,,2024069287,1,1,0,0,0,0,0,0,0,0,0,0,0,0,0,0,0,1,0,1,0,0,0,0,0,0,0,0,0,0,0,0,0,0,0,0,0,0,0,0,0,0,0,0,0,0,0,0,1,0,0,0,1,1,1,0,0,0,0,0,0,0,0,0,0,0,0,1,1,0,0,0,0,1,0,0,0,0,0,0,0,0,,0,1,1,0,0,0,2024069287,3,,1,02,,N,1,0079,55,,1182,RAYMOND P SHAFER HW,1,
4748,2024069296,11,02,02419,68B03,2024,07,4,,,,7,1,7,3,00,0,2,03,0,0,1,1,1,1,0,0,0,0,0,0,0,0,0,0,,0,0,0,0,0,0,0,0,0,0,0,0,0,0,0,0,0,0,0,0,0,0,0,0,0,40 26:29.831,79 49:39.641,40.44162,-79.827678,,,3,N,,,,N,0,,,,,,,,,,,,2024069296,1,1,0,0,0,0,0,0,0,0,0,0,1,1,0,1,0,0,0,1,0,0,0,0,0,0,0,0,0,0,0,0,1,0,0,0,0,0,0,0,0,0,0,0,0,0,0,0,0,0,0,0,0,1,1,0,0,0,0,0,0,0,0,1,0,0,0,0,1,0,0,0,0,0,0,0,0,0,0,0,0,0,,0,0,1,0,0,0,2024069296,3,,1,02,,E,1,0376,55,,2718,PENN LINCOLN PY,0,
4749,2024069300,11,02,02446,02446,2024,08,6,,,,3,1,1,1,00,0,2,07,0,0,2,7,2,1,0,0,0,0,1,0,0,0,2,0,,0,2,0,0,0,0,0,0,0,0,0,0,0,0,0,0,8,0,0,0,0,0,1,0,0,40 26:02.628,79 45:07.780,40.434063,-79.752161,,,3,N,,,,N,0,,,,,,,,,,,,2024069300,0,1,0,0,0,0,0,0,0,0,1,0,0,0,0,0,0,1,0,1,0,0,0,0,0,0,0,0,0,0,0,0,0,0,0,0,0,0,0,0,0,0,0,0,0,0,0,0,1,0,0,0,0,0,1,0,0,0,0,0,0,0,0,0,0,0,0,1,1,0,0,0,0,1,0,0,0,0,0,0,0,0,,0,0,0,0,0,0,2024069300,3,,3,02,,E,2,2054,35,,282,NORTHERN PK,2,
4750,2024069310,11,02,02407,02407,2024,08,2,,,,3,1,5,1,01,2,2,00,0,0,3,7,3,0,0,0,2,0,1,0,0,0,0,0,,0,0,0,0,0,0,0,0,0,0,0,0,0,0,0,0,0,0,0,0,0,0,0,0,0,40 20:45.588,80 01:38.230,40.345997,-80.027286,,,,N,,,,,0,,,,,,,,,,,,2024069310,0,1,1,0,0,0,0,0,0,0,0,0,0,0,0,1,0,0,0,0,1,1,0,0,0,0,0,0,0,0,0,0,0,0,0,0,0,0,0,0,0,0,0,0,0,0,0,0,0,0,0,0,0,0,1,0,0,0,0,0,0,0,0,0,0,0,0,0,1,0,0,0,0,0,0,0,0,0,0,0,0,0,,0,1,0,0,0,0,2024069310,4,,,02,,W,4,,25,,,OLD BETHEL CHURCH RD,0,
4751,2024069331,11,02,02212,02505,2024,08,5,,,,3,1,4,1,01,2,2,00,0,0,2,3,2,1,0,0,0,0,1,0,0,0,1,0,,1,0,0,0,0,0,0,0,0,0,0,0,0,0,0,0,3,0,0,0,0,0,1,0,1,40 40:24.376,80 05:49.239,40.673438,-80.097011,,,,N,,,,,0,,,,,,,,,,,,2024069331,0,1,1,0,0,0,0,0,0,0,0,0,0,0,0,0,0,1,0,0,1,1,0,0,0,0,0,0,0,0,0,0,0,0,0,0,0,0,0,0,0,0,0,0,0,0,0,0,0,0,0,0,0,0,0,0,0,0,0,1,0,0,0,0,0,0,0,1,0,0,0,0,0,1,0,0,0,0,0,0,0,1,,0,0,0,0,0,0,2024069331,4,,,02,,N,4,,25,,,SHERATON DR,1,
4752,2024069335,11,02,02481,02481,2024,08,5,,,,3,1,7,4,00,0,1,00,0,0,1,1,1,0,0,0,0,0,1,0,0,0,1,0,,0,0,0,0,0,0,0,0,0,0,0,0,0,0,0,0,4,0,0,0,0,0,0,0,1,40 35:57.027,80 07:18.287,40.599174,-80.121746,,,,N,,,,,0,,,,,,,,,,,,2024069335,0,1,0,0,0,0,0,0,0,0,0,0,1,1,0,0,0,1,0,1,0,0,0,0,0,0,0,1,0,0,0,0,0,0,0,0,0,0,0,0,0,0,0,0,0,0,0,0,0,0,0,0,0,0,0,0,0,0,0,1,0,0,0,0,0,0,0,0,1,0,0,0,0,1,0,0,0,0,0,0,0,0,,0,0,0,0,0,0,2024069335,3,,3,02,2,N,2,4011,30,,875,ROCHESTER RD,1,
4753,2024069339,11,02,02119,02119,2024,08,7,,,,3,1,4,1,02,2,2,00,0,0,2,3,2,0,0,0,0,0,2,0,0,0,3,0,,0,3,0,0,0,0,0,0,0,0,0,0,0,0,0,0,8,0,0,0,0,0,0,0,1,40 21:25.390,80 07:13.076,40.357053,-80.120299,,,6,N,,,,N,0,,,,,,,,,,,,2024069339,0,1,1,0,0,0,0,0,0,0,0,0,0,0,0,0,0,1,0,0,1,1,0,0,0,0,0,0,0,0,0,0,0,0,0,0,0,0,0,0,0,0,0,0,0,0,0,1,0,0,0,0,0,0,1,0,0,0,0,1,0,0,0,0,0,0,0,0,1,0,0,0,0,1,0,0,0,0,0,0,0,0,,0,1,0,0,0,0,2024069339,5,,,02,,N,4,,25,,,HICKORY GRADE RD,3,
4754,2024069359,11,02,02441,02441,2024,08,7,,,,3,1,4,1,02,2,2,00,0,0,2,2,2,1,0,0,0,0,1,0,0,0,2,0,,2,0,0,0,0,0,0,0,0,0,0,0,0,0,0,0,3,0,0,1,0,0,0,1,0,40 34:36.090,80 13:21.056,40.576692,-80.222516,,,1,N,,,,N,0,,,,,,,,,,,,2024069359,0,1,0,0,0,0,0,0,0,0,0,0,0,0,0,0,0,1,0,0,1,1,0,0,0,0,0,0,0,0,0,0,0,0,0,0,0,0,0,0,0,0,0,0,0,0,0,1,0,0,0,0,0,0,1,0,0,0,1,0,0,0,0,0,1,0,0,0,1,0,0,0,0,1,0,0,0,0,0,0,0,1,,0,1,0,0,0,0,2024069359,3,,3,02,2,N,2,0065,40,,2535,OHIO RIVER BL,2,
4755,2024069362,11,02,02108,02108,2024,08,7,,,,3,1,4,1,00,0,2,07,0,0,2,2,2,0,0,0,0,0,2,0,0,0,0,0,,0,0,0,0,0,0,0,0,0,0,0,0,0,0,0,0,0,0,0,0,0,0,0,1,0,40 33:25.496,80 01:06.050,40.557082,-80.018347,,,4,Y,,,,N,0,,,,,,,,,,,,2024069362,0,1,0,0,0,0,0,0,0,0,0,0,0,0,0,1,0,0,0,1,0,0,0,0,0,0,0,0,0,0,0,0,0,0,0,0,0,0,0,0,0,0,0,0,0,1,0,0,0,0,0,0,0,0,0,0,0,0,1,0,0,0,1,0,0,0,0,0,1,0,0,0,0,0,0,0,0,0,0,0,0,0,,0,0,0,0,0,0,2024069362,3,,3,02,2,W,2,4064,35,,1785,PEEBLES RD,0,
4756,2024069366,11,02,02112,68D02,2024,08,7,,,,7,9,7,4,00,0,2,00,0,0,1,1,1,1,0,0,0,0,0,0,0,0,0,0,,0,0,0,0,0,0,0,0,0,0,0,0,0,0,0,0,0,0,0,0,0,0,0,0,0,40 31:10.422,79 51:11.297,40.519562,-79.853138,,,1,N,,,,N,0,,,,,,,,,,,,2024069366,0,1,0,0,0,1,0,0,0,0,0,0,1,1,0,1,0,0,0,1,0,0,0,0,0,0,0,0,0,0,1,0,0,0,0,0,0,0,0,0,0,0,0,0,0,0,0,0,0,0,0,0,0,1,1,0,0,0,0,0,0,0,0,0,0,0,0,0,1,0,0,0,0,0,0,0,0,0,0,0,0,0,,0,0,1,0,0,0,2024069366,3,,1,02,,N,2,0028,55,,3930,ALLEGHENY VALLEY EX,0,
4757,2024069436,11,02,02301,02301,2024,08,6,,,,3,1,4,1,01,3,2,00,0,0,2,2,2,2,0,0,0,0,0,0,0,0,2,0,,2,0,0,0,0,0,0,0,0,0,0,0,0,0,0,0,3,0,0,0,0,0,0,0,0,40 27:15.218,79 53:12.488,40.454227,-79.886802,,,,N,,,,,0,,,,,,,,,,,,2024069436,0,1,1,0,0,0,0,0,0,0,0,0,0,0,0,0,0,1,0,0,1,0,1,1,0,0,0,0,0,0,0,0,0,0,0,0,0,0,0,0,0,1,1,0,0,0,0,0,0,0,0,0,0,0,1,0,0,0,0,0,0,0,0,0,0,0,0,0,1,0,0,0,0,1,0,1,0,0,0,0,1,1,,0,0,0,0,0,0,2024069436,4,,,02,,N,4,,25,,,HALE ST,2,
4758,2024069475,11,02,02301,02301,2024,08,7,,,,3,1,1,1,01,2,2,00,0,0,2,3,2,1,0,0,0,0,1,0,0,0,0,0,,0,0,0,0,0,0,0,0,0,0,0,0,0,0,0,0,0,0,0,0,0,0,1,0,0,40 26:17.606,79 59:59.661,40.438224,-79.999906,,,1,N,,,,N,0,,,,,,,,,,,,2024069475,0,0,1,1,0,0,0,0,0,0,1,0,0,0,0,1,0,0,0,0,1,1,0,0,0,0,0,0,0,0,0,0,0,0,0,0,0,0,0,0,0,0,0,0,0,0,0,0,0,0,0,0,0,1,0,0,0,0,0,0,0,0,0,0,0,0,0,1,1,0,0,0,0,0,0,0,0,0,0,0,1,0,,0,0,0,0,0,0,2024069475,3,,,02,,N,4,,25,,,SMITHFIELD ST,0,
4759,2024069477,11,02,02104,68D02,2024,07,3,,,,7,9,7,5,00,0,2,00,0,0,1,1,1,1,0,0,0,0,0,0,0,0,0,0,,0,0,0,0,0,0,0,0,0,0,0,0,0,0,0,0,0,0,0,1,0,0,0,0,0,40 35:27.964,79 46:23.827,40.591101,-79.773285,,,1,Y,,,,N,0,,,,,,,,,,,,2024069477,0,1,0,0,0,1,0,0,0,0,0,0,1,1,0,1,0,0,0,1,0,0,0,0,0,0,0,0,0,0,1,0,0,0,0,0,0,0,0,0,0,0,0,0,0,0,0,0,0,0,0,1,0,1,1,0,0,0,0,0,0,0,0,0,1,0,0,0,1,0,0,0,0,0,0,0,0,0,0,0,0,0,,0,0,1,0,0,0,2024069477,3,,1,02,,N,2,0028,65,,928,ALLEGHENY VALLEY EX,0,
4760,2024069479,11,02,02301,02301,2024,08,6,,,,3,1,5,1,07,0,2,08,0,0,2,2,2,1,0,0,0,0,0,0,0,0,0,0,,0,0,1,0,0,0,0,0,0,0,0,0,0,0,0,1,9,0,0,0,0,0,0,0,0,40 23:31.639,79 56:04.865,40.392122,-79.934685,,,,N,,,,,0,,,,,,,,,,,,2024069479,0,1,0,0,0,0,0,0,0,0,0,0,0,0,0,0,0,0,0,0,1,0,0,1,0,0,0,0,0,0,0,0,0,0,0,0,0,0,0,0,0,0,0,0,0,0,0,0,0,0,0,0,0,0,1,0,0,0,0,0,0,0,0,0,0,0,0,0,1,0,0,0,0,0,1,0,0,0,0,0,0,0,,0,0,0,0,0,0,2024069479,3,,3,02,,S,2,0837,55,,1099,W EIGHTH AV,0,
4761,2024069482,11,02,02116,02503,2024,08,6,,,,,1,1,1,00,0,2,00,0,0,2,2,2,0,0,1,0,0,1,0,0,0,1,0,,1,0,0,0,0,0,0,0,0,0,0,0,0,0,0,1,3,0,0,0,0,0,1,0,0,40 32:16.992,80 00:41.359,40.538053,-80.011489,,,2,N,,,,N,0,,,,,,,,,,,,2024069482,0,1,0,0,0,0,0,0,0,0,1,0,0,0,0,0,0,1,0,1,0,0,0,0,0,0,0,0,0,0,0,0,0,0,0,0,0,0,1,0,0,0,0,0,0,0,0,0,0,0,0,0,0,0,0,0,0,0,0,0,0,0,0,0,0,0,0,1,1,0,0,0,0,1,1,0,0,0,0,0,0,1,,0,0,0,0,0,0,2024069482,3,,3,02,,S,2,4003,40,,1455,MCKNIGHT RD,1,
4762,2024069484,11,02,02444,02444,2024,08,7,,,,3,1,1,1,00,2,2,03,0,0,3,4,3,1,0,0,0,0,2,0,0,0,0,0,,0,0,0,0,0,0,0,0,0,0,0,0,0,0,0,0,0,0,0,0,0,0,2,0,0,40 28:27.144,80 03:39.706,40.474207,-80.061029,,,2,N,,,3,N,1,1,3,35,0,,,0,1,,,1,2024069484,0,1,0,0,0,0,0,0,0,0,1,0,0,0,1,1,0,0,0,1,0,0,0,0,0,0,0,0,0,0,0,0,0,0,0,0,0,0,0,0,0,0,0,0,0,0,0,0,1,0,0,0,0,0,1,0,0,0,0,0,0,0,0,0,0,0,0,1,1,0,0,0,0,0,0,0,0,0,0,0,0,0,,0,0,0,0,0,0,2024069484,3,,3,02,,W,2,3104,35,,442,MCKEES ROCKS BR,0,
4763,2024069506,11,02,02207,02207,2024,08,6,,,,3,1,1,1,00,0,2,00,0,0,2,3,2,2,0,0,0,0,0,0,0,0,2,0,,0,0,0,1,0,0,0,0,0,0,0,0,0,0,0,0,4,0,0,1,0,0,1,0,0,40 36:27.193,79 56:49.949,40.607554,-79.947208,,,5,N,,,,N,0,,,,,,,,,,,,2024069506,0,1,0,0,0,0,0,0,0,0,1,0,0,0,0,0,0,1,0,1,0,0,0,0,0,0,0,0,0,0,0,0,0,0,0,0,0,0,0,0,0,0,0,0,0,0,0,0,0,0,0,0,0,0,0,0,0,0,0,0,1,0,1,0,1,0,0,1,1,0,0,0,0,1,0,0,0,0,0,0,0,0,,0,0,0,0,0,0,2024069506,3,,3,02,,N,2,0008,40,,2549,WILLIAM FLINN HW,2,
4764,2024069532,11,02,02301,02301,2024,08,6,,,,3,1,6,1,02,0,2,00,0,0,3,5,3,1,0,0,0,0,2,0,0,0,2,0,,0,2,1,1,0,0,0,0,0,0,0,0,0,0,0,0,8,0,0,0,0,0,1,0,0,40 24:11.808,80 00:56.259,40.40328,-80.015628,,,,N,,,,,0,,,,,,,,,,,,2024069532,0,0,1,1,0,0,0,0,0,0,0,1,0,0,0,0,0,1,0,0,1,0,0,1,0,0,0,0,0,0,0,0,0,0,0,0,0,0,0,0,0,0,0,0,0,0,0,0,0,0,0,0,0,0,0,0,0,0,0,0,1,0,1,0,0,0,0,1,1,0,0,0,0,1,0,0,0,0,0,0,0,0,,0,0,0,0,0,0,2024069532,3,,3,02,,S,4,AGPA,35,,,PIONEER AV,2,
4765,2024069534,11,02,02108,02108,2024,08,1,,,,3,1,4,1,00,3,2,07,0,0,2,3,2,1,0,0,0,0,1,0,0,0,1,0,,0,0,0,0,0,0,0,0,0,0,0,0,0,0,0,0,4,0,0,0,0,1,0,0,0,40 34:11.800,80 01:12.600,40.569944,-80.020167,,,,N,,,,,0,,,,,,,,,,,,2024069534,0,0,1,1,0,0,0,0,0,0,0,0,0,0,0,0,0,1,0,1,0,0,0,0,0,0,0,0,0,0,0,0,0,0,0,0,0,0,0,0,0,0,0,0,0,0,1,0,0,0,0,0,0,0,1,0,0,0,0,0,0,0,0,1,0,0,1,0,0,0,0,0,0,1,0,0,0,0,0,0,0,0,,0,0,0,0,0,0,2024069534,3,,,02,,E,4,,25,,,PROVIDENCE BL,1,
4766,2024069539,11,02,02118,02118,2024,08,4,,,,3,1,4,1,01,3,2,00,0,0,2,2,2,2,0,0,0,0,0,0,0,0,0,0,,0,0,0,0,0,0,0,0,0,0,0,0,0,0,0,0,0,1,0,0,0,0,0,0,0,40 29:46.072,79 58:36.771,40.496131,-79.976881,,,,N,,,,,0,,,,,,,,,,,,2024069539,0,1,1,0,0,0,0,0,0,0,0,0,0,0,0,1,0,0,0,0,1,0,1,1,0,0,0,0,0,0,0,0,0,0,0,0,0,0,0,0,0,0,0,0,0,0,1,0,0,0,0,0,0,0,1,0,1,0,0,0,0,0,0,1,0,0,0,0,1,0,0,0,0,0,0,0,0,0,0,0,1,0,,0,0,0,0,0,0,2024069539,5,,,02,,E,4,,25,,,UNKNOWN AL,0,
4767,2024069540,11,02,02117,02117,2024,08,6,,,,3,1,1,1,02,2,2,00,0,0,2,2,2,1,0,0,0,0,1,0,0,0,0,0,,0,0,0,0,0,0,0,0,0,0,0,0,0,0,0,0,0,0,0,0,0,0,0,0,0,40 22:18.327,80 04:57.448,40.371758,-80.082624,,,1,N,,,,N,0,,,,,,,,,,,,2024069540,0,0,1,1,0,0,0,0,0,0,1,0,0,0,0,1,0,0,0,0,1,1,0,0,0,0,0,0,0,0,0,0,0,0,0,0,0,0,0,0,0,0,0,0,0,1,0,0,0,0,0,0,0,0,0,0,0,0,0,0,0,0,1,1,0,0,0,0,1,0,0,0,0,0,0,0,0,0,0,0,0,0,,0,0,0,0,0,0,2024069540,3,,,02,,W,4,,25,,,KANE BL,0,
4768,2024069557,11,02,02473,02473,2024,08,5,,,,3,1,1,1,00,0,2,00,0,0,5,5,5,3,0,0,1,0,1,0,0,0,0,0,,0,0,0,0,0,0,0,0,0,0,0,0,0,0,0,0,0,0,0,0,0,0,0,1,0,40 20:54.626,79 56:32.277,40.348507,-79.942299,,,3,N,,,,N,0,,,,,,,,,,,,2024069557,0,1,0,0,0,0,0,0,0,0,1,0,0,0,0,1,0,0,0,1,0,0,0,0,0,0,0,0,0,0,0,0,0,0,0,0,0,0,0,0,0,0,0,0,0,0,0,0,0,0,0,0,0,0,0,0,0,0,1,0,0,0,1,0,0,0,0,0,1,0,0,0,0,0,0,0,0,0,0,0,0,0,,0,0,0,0,0,0,2024069557,3,,3,02,,S,2,0885,40,,921,LEBANON CHURCH RD,0,
4769,2024069560,11,02,02113,02113,2024,08,4,,,,3,1,6,1,00,0,2,00,0,0,4,4,4,1,0,0,1,0,2,0,0,0,0,0,,0,0,0,0,0,0,0,0,0,0,0,0,0,0,0,0,0,0,0,0,0,0,3,0,0,40 27:42.656,79 51:37.184,40.461849,-79.860329,,,6,N,,,,Y,0,,,,,,,,,,,,2024069560,0,1,0,0,0,0,0,0,0,0,0,1,0,0,0,1,0,0,0,1,0,0,0,0,0,0,0,0,0,0,0,0,0,0,1,0,0,0,1,0,0,0,0,0,0,0,0,0,0,1,0,0,0,0,0,0,0,0,0,0,0,0,1,0,0,0,0,1,1,0,0,0,0,0,0,0,0,0,0,0,0,0,,0,0,0,0,0,0,2024069560,3,,3,02,,E,2,0400,35,,438,FRANKSTOWN RD,0,
4770,2024069608,11,02,02446,02446,2024,08,6,,,,3,1,1,1,00,2,2,03,0,0,3,6,3,1,0,0,0,0,2,0,0,0,1,0,,1,0,0,0,0,0,0,0,0,0,0,0,0,0,0,0,3,0,0,0,0,0,0,0,0,40 25:55.166,79 48:06.121,40.431991,-79.8017,,,3,N,,,,N,0,,,,,,,,,,,,2024069608,0,1,0,0,0,0,0,0,0,0,1,0,0,0,0,0,0,1,0,1,0,0,0,0,0,0,0,0,0,0,0,0,0,0,0,0,0,0,1,0,0,0,0,0,0,1,0,0,0,0,0,0,0,0,0,0,0,0,0,0,0,0,1,0,0,0,0,0,1,0,0,0,0,1,0,0,0,0,0,0,0,1,,0,0,0,0,0,0,2024069608,3,,3,02,,E,2,2048,40,,595,WILLIAM PENN HW,1,
4771,2024069664,11,02,02446,02446,2024,08,2,,,,3,1,5,4,00,0,2,00,0,0,2,1,2,1,0,0,0,1,0,0,0,0,0,0,,0,0,0,1,0,0,0,0,0,0,0,0,0,0,0,1,0,0,0,0,0,0,0,0,0,40 23:52.674,79 47:25.904,40.397965,-79.790529,,,,N,,,,,0,,,,,,,,,,,,2024069664,0,1,0,0,0,0,0,0,0,0,0,0,0,1,0,1,0,0,0,1,0,0,0,0,0,0,0,0,0,0,0,0,0,0,0,0,0,1,0,0,0,0,0,0,0,0,0,0,0,0,1,0,1,1,1,0,0,0,0,0,1,0,0,1,0,0,0,0,1,0,1,0,0,0,1,0,0,0,0,0,1,0,,0,1,0,0,0,0,2024069664,3,,3,02,2,W,2,0130,35,,2145,BROADWAY BL,0,
4772,2024069665,11,02,02212,02505,2024,07,6,,,,3,3,0,1,00,0,2,00,0,0,1,1,1,0,1,0,0,0,0,0,0,0,1,0,,1,0,0,0,0,0,0,0,0,0,0,0,0,0,0,0,3,0,0,0,0,0,0,0,0,40 37:23.486,80 05:34.271,40.623191,-80.092853,,,4,N,,,,N,0,,,,,,,,,,,,2024069665,0,1,0,0,0,0,0,0,0,0,0,0,0,1,0,0,0,1,0,1,0,0,0,0,0,0,0,0,0,0,0,0,0,0,0,1,0,0,0,0,0,0,0,0,0,0,0,0,0,0,0,0,0,0,0,0,0,0,0,0,0,0,0,0,0,0,0,0,0,0,0,0,0,1,0,0,0,0,0,0,0,1,,0,0,0,0,0,0,2024069665,3,,3,02,,N,2,4051,35,,2715,MINGO RD,1,
4773,2024069686,11,02,02213,68B03,2024,08,6,,,,7,9,7,5,00,0,2,00,0,0,1,1,1,0,0,0,1,0,0,0,0,0,0,0,,0,0,0,0,0,0,0,0,0,0,0,0,0,0,0,0,0,0,0,0,0,0,0,0,0,40 27:36.213,80 11:28.184,40.460059,-80.191162,,,,N,,,,,0,,,,,,,,,,,,2024069686,1,1,0,0,0,1,0,0,0,0,0,0,1,1,0,1,0,0,0,1,0,0,0,0,0,0,0,0,0,0,0,0,1,0,0,0,0,0,0,0,0,0,0,0,0,0,0,0,0,0,0,0,0,1,1,0,0,0,0,0,0,0,0,0,0,0,0,0,1,0,0,0,0,0,0,0,0,0,0,0,0,0,,0,0,1,0,0,0,2024069686,3,,1,02,,E,1,0376,55,,1893,AIRPORT PY,0,
4774,2024069714,11,02,02301,68B03,2024,08,7,,,,3,1,1,1,00,0,2,00,0,0,3,7,3,0,0,0,0,0,3,0,0,0,0,0,,0,0,0,0,0,0,0,0,0,0,0,0,0,0,0,0,0,0,0,0,0,0,0,1,0,40 25:32.133,79 54:22.619,40.425593,-79.906283,,,,N,,,,,0,,,,,,,,,,,,2024069714,1,1,0,0,0,0,0,0,0,0,1,0,0,0,0,1,0,0,0,1,0,0,0,0,0,0,0,0,0,0,0,0,0,0,0,0,0,0,0,0,0,0,0,0,0,0,0,0,0,0,0,0,0,0,0,0,0,0,1,0,0,0,1,0,0,0,0,0,1,0,0,0,0,0,0,0,0,0,0,0,0,0,,0,0,1,0,0,0,2024069714,3,,1,02,2,W,1,0376,55,,322,PENN LINCOLN PY,0,
4775,2024069720,11,02,02203,68B03,2024,06,1,,,,7,9,7,3,00,0,2,00,0,0,1,1,1,1,0,0,0,0,0,0,0,0,0,0,,0,0,0,0,0,0,0,0,0,0,0,0,0,0,0,0,0,0,0,0,0,0,0,0,0,40 28:04.394,80 12:01.949,40.467887,-80.200541,,,,N,,,,,0,,,,,,,,,,,,2024069720,1,1,0,0,0,1,0,0,0,0,0,0,1,1,0,1,0,0,0,1,0,0,0,0,0,0,0,0,0,0,0,0,1,0,0,0,0,0,0,0,0,0,0,0,0,0,0,0,0,0,0,0,0,1,1,0,0,0,0,0,0,0,0,1,0,0,0,0,1,0,0,0,0,0,0,0,0,0,0,0,0,0,,0,0,1,0,0,0,2024069720,3,,1,02,2,E,1,0376,55,,489,AIRPORT PY,0,