_id,CRASH_CRN,DISTRICT,CRASH_COUNTY,MUNICIPALITY,POLICE_AGCY,CRASH_YEAR,CRASH_MONTH,DAY_OF_WEEK,TIME_OF_DAY,HOUR_OF_DAY,ILLUMINATION,WEATHER,ROAD_CONDITION,COLLISION_TYPE,RELATION_TO_ROAD,INTERSECT_TYPE,TCD_TYPE,URBAN_RURAL,LOCATION_TYPE,SCH_BUS_IND,SCH_ZONE_IND,TOTAL_UNITS,PERSON_COUNT,VEHICLE_COUNT,AUTOMOBILE_COUNT,MOTORCYCLE_COUNT,BUS_COUNT,SMALL_TRUCK_COUNT,HEAVY_TRUCK_COUNT,SUV_COUNT,VAN_COUNT,BICYCLE_COUNT,FATAL_COUNT,INJURY_COUNT,MAJ_INJ_COUNT,MOD_INJ_COUNT,MIN_INJ_COUNT,UNK_INJ_DEG_COUNT,UNK_INJ_PER_COUNT,UNBELTED_OCC_COUNT,UNB_DEATH_COUNT,UNB_MAJ_INJ_COUNT,BELTED_DEATH_COUNT,BELTED_MAJ_INJ_COUNT,MCYCLE_DEATH_COUNT,MCYCLE_MAJ_INJ_COUNT,BICYCLE_DEATH_COUNT,BICYCLE_MAJ_INJ_COUNT,PED_COUNT,PED_DEATH_COUNT,PED_MAJ_INJ_COUNT,COMM_VEH_COUNT,MAX_SEVERITY_LEVEL,DRIVER_COUNT_16YR,DRIVER_COUNT_17YR,DRIVER_COUNT_18YR,DRIVER_COUNT_19YR,DRIVER_COUNT_20YR,DRIVER_COUNT_50_64YR,DRIVER_COUNT_65_74YR,DRIVER_COUNT_75PLUS,LATITUDE,LONGITUDE,DEC_LAT,DEC_LONG,EST_HRS_CLOSED,LANE_CLOSED,LN_CLOSE_DIR,NTFY_HIWY_MAINT,RDWY_SURF_TYPE_CD,SPEC_JURIS_CD,TCD_FUNC_CD,TFC_DETOUR_IND,WORK_ZONE_IND,WORK_ZONE_TYPE,WORK_ZONE_LOC,CONS_ZONE_SPD_LIM,WORKERS_PRES,WZ_CLOSE_DETOUR,WZ_FLAGGER,WZ_LAW_OFFCR_IND,WZ_LN_CLOSURE,WZ_MOVING,WZ_OTHER,WZ_SHLDER_MDN,FLAG_CRN,INTERSTATE,STATE_ROAD,LOCAL_ROAD,LOCAL_ROAD_ONLY,TURNPIKE,WET_ROAD,SNOW_SLUSH_ROAD,ICY_ROAD,SUDDEN_DEER,SHLDR_RELATED,REAR_END,HO_OPPDIR_SDSWP,HIT_FIXED_OBJECT,SV_RUN_OFF_RD,WORK_ZONE,PROPERTY_DAMAGE_ONLY,FATAL_OR_MAJ_INJ,INJURY,FATAL,NON_INTERSECTION,INTERSECTION,SIGNALIZED_INT,STOP_CONTROLLED_INT,UNSIGNALIZED_INT,SCHOOL_BUS,SCHOOL_ZONE,HIT_DEER,HIT_TREE_SHRUB,HIT_EMBANKMENT,HIT_POLE,HIT_GDRAIL,HIT_GDRAIL_END,HIT_BARRIER,HIT_BRIDGE,OVERTURNED,MOTORCYCLE,BICYCLE,HVY_TRUCK_RELATED,VEHICLE_FAILURE,TRAIN_TROLLEY,PHANTOM_VEHICLE,ALCOHOL_RELATED,DRINKING_DRIVER,UNDERAGE_DRNK_DRV,UNLICENSED,CELL_PHONE,NO_CLEARANCE,RUNNING_RED_LT,TAILGATING,CROSS_MEDIAN,CURVE_DVR_ERROR,LIMIT_65MPH,SPEEDING,SPEEDING_RELATED,AGGRESSIVE_DRIVING,FATIGUE_ASLEEP,DRIVER_16YR,DRIVER_17YR,DRIVER_65_74YR,DRIVER_75PLUS,UNBELTED,PEDESTRIAN,DISTRACTED,CURVED_ROAD,DRIVER_18YR,DRIVER_19YR,DRIVER_20YR,DRIVER_50_64YR,VEHICLE_TOWED,FIRE_IN_VEHICLE,HIT_PARKED_VEHICLE,MC_DRINKING_DRIVER,DRUGGED_DRIVER,INJURY_OR_FATAL,COMM_VEHICLE,IMPAIRED_DRIVER,DEER_RELATED,DRUG_RELATED,HAZARDOUS_TRUCK,ILLEGAL_DRUG_RELATED,ILLUMINATION_DARK,MINOR_INJURY,MODERATE_INJURY,MAJOR_INJURY,NHTSA_AGG_DRIVING,PSP_REPORTED,RUNNING_STOP_SIGN,TRAIN,TROLLEY,ROADWAY_CRN,RDWY_SEQ_NUM,ADJ_RDWY_SEQ,ACCESS_CTRL,ROADWAY_COUNTY,LANE_COUNT,RDWY_ORIENT,ROAD_OWNER,ROUTE,SPEED_LIMIT,SEGMENT,OFFSET,STREET_NAME,TOT_INJ_COUNT,SCHOOL_BUS_UNIT
4983,2024072677,11,02,02301,68B03,2024,06,7,,,,3,1,1,1,00,0,2,00,0,0,2,6,2,0,0,0,0,0,2,0,0,0,0,0,,0,0,0,0,0,0,0,0,0,0,0,0,0,0,0,0,0,0,0,0,0,0,1,0,0,40 25:32.889,79 54:39.001,40.425803,-79.910834,,,,N,,,,,0,,,,,,,,,,,,2024072677,1,1,0,0,0,0,0,0,0,0,1,0,0,0,0,1,0,0,0,1,0,0,0,0,0,0,0,0,0,0,0,0,0,0,0,0,0,0,0,0,0,0,0,0,0,0,0,0,0,0,0,0,0,1,1,0,0,0,0,0,0,0,0,0,0,0,0,1,1,0,0,0,0,0,0,0,0,0,0,0,0,0,,0,0,1,0,0,0,2024072677,3,,1,02,,W,1,0376,55,,87,PENN LINCOLN PY,0,
4984,2024072678,11,02,02446,68B03,2024,06,4,,,,7,9,7,5,00,0,2,00,0,0,1,1,1,1,0,0,0,0,0,0,0,0,0,0,,0,0,0,0,0,0,0,0,0,0,0,0,0,0,0,0,0,0,0,0,0,0,0,0,0,40 26:38.790,79 46:38.770,40.444108,-79.777436,,,,N,,,,,0,,,,,,,,,,,,2024072678,1,1,0,0,0,1,0,0,0,0,0,0,1,1,0,1,0,0,0,1,0,0,0,0,0,0,0,0,0,0,0,0,1,0,0,0,0,0,0,0,0,0,0,0,0,0,0,0,0,0,0,0,0,1,1,0,0,0,0,0,0,0,0,0,0,0,0,0,1,0,0,0,0,0,0,0,0,0,0,0,1,0,,0,0,1,0,0,0,2024072678,3,,1,02,,W,1,0376,55,,1054,PENN LINCOLN PY,0,
4985,2024072686,11,02,02428,02105,2024,08,4,,,,3,1,1,1,07,0,2,08,0,0,2,2,2,0,0,0,1,0,1,0,0,0,0,0,,0,0,0,0,0,0,0,0,0,0,0,0,0,0,0,0,0,0,0,0,0,0,1,0,0,40 16:20.231,79 53:06.274,40.272286,-79.885076,,,2,Y,,,0,N,0,,,,,,,,,,,,2024072686,0,1,0,0,0,0,0,0,0,0,1,0,0,0,0,1,0,0,0,0,1,0,0,1,0,0,0,0,0,0,0,0,1,0,0,0,0,0,0,0,0,0,0,0,0,0,0,0,1,0,0,0,0,0,1,0,0,0,0,0,0,0,0,1,0,0,0,1,1,0,0,0,0,0,0,0,0,0,0,0,0,0,,0,0,0,0,0,0,2024072686,3,,1,02,,S,2,8073,25,,0,RAMP FR SR 51 S TO 3RD AVE RD,0,
4986,2024072695,11,02,02466,02466,2024,08,3,,,,3,1,4,1,01,2,2,00,0,0,3,8,3,1,0,0,0,0,2,0,0,0,0,0,,0,0,0,0,0,0,0,0,0,0,0,0,0,0,0,0,0,0,0,0,0,0,1,1,0,40 27:49.297,79 42:19.625,40.463694,-79.705451,,,5,N,,,,N,0,,,,,,,,,,,,2024072695,0,1,1,0,0,0,0,0,0,0,0,0,0,0,0,1,0,0,0,0,1,1,0,0,0,0,0,0,0,0,0,0,0,0,0,0,0,0,0,0,0,0,0,0,0,0,0,1,0,0,0,0,0,0,1,0,0,0,1,0,0,0,0,0,0,0,0,1,1,0,0,0,0,0,0,0,0,0,0,0,0,0,,0,1,0,0,0,0,2024072695,4,,,02,,E,4,,25,,,PRESQUE ISLE DR,0,
4987,2024072718,11,02,02477,02477,2024,08,4,,,,3,1,4,1,02,3,2,00,0,0,2,3,2,0,0,0,0,0,2,0,0,0,1,0,,0,0,0,2,0,0,0,0,0,0,0,0,0,0,0,0,4,0,0,0,0,0,0,0,1,40 20:50.116,79 49:00.186,40.347254,-79.816718,,,6,N,,,,Y,0,,,,,,,,,,,,2024072718,0,1,1,0,0,0,0,0,0,0,0,0,0,0,0,0,0,1,0,0,1,0,1,1,0,0,0,0,0,0,0,0,0,0,0,0,0,0,0,0,0,0,0,0,0,0,1,0,0,0,0,0,0,0,1,0,0,0,0,1,1,0,0,0,0,0,0,0,1,0,0,0,0,1,0,0,0,0,0,0,0,0,,0,0,0,0,0,0,2024072718,4,,,02,,S,4,,25,,,MCCLURE LN,1,
4988,2024072782,11,02,02301,68B03,2024,08,4,,,,3,1,1,1,00,0,2,00,0,0,2,5,2,1,0,0,0,0,1,0,0,0,5,0,,5,0,0,0,0,0,0,0,0,0,0,0,0,0,0,0,3,0,0,0,0,0,1,0,0,40 26:12.106,80 00:07.101,40.436696,-80.001973,,,,N,,,,,0,,,,,,,,,,,,2024072782,1,1,0,0,0,0,0,0,0,0,1,0,0,0,0,0,0,1,0,1,0,0,0,0,0,0,0,0,0,0,0,0,0,0,0,0,0,0,0,0,0,0,0,0,0,0,0,0,0,0,0,0,0,0,0,0,0,0,0,0,0,0,0,0,0,0,0,1,1,0,0,0,0,1,0,0,0,0,0,0,0,1,,0,0,1,0,0,0,2024072782,3,,1,02,,E,1,0376,55,,3768,PENN LINCOLN PY,5,
4989,2024072810,11,02,02219,02501,2024,08,7,,,,3,1,6,1,00,0,2,00,0,0,2,2,2,1,0,0,0,0,1,0,0,0,0,0,,0,0,0,0,0,0,0,0,0,0,0,0,0,0,0,0,0,0,0,0,0,0,1,0,0,40 18:57.000,80 00:05.600,40.315833,-80.001556,,,6,N,,,,Y,0,,,,,,,,,,,,2024072810,0,0,1,1,0,0,0,0,0,0,0,1,0,0,0,1,0,0,0,1,0,0,0,0,0,0,0,0,0,0,0,0,0,0,0,0,0,0,0,0,0,0,0,0,0,0,0,0,0,1,1,0,0,0,0,0,0,0,0,0,0,0,0,1,0,0,0,1,1,0,0,0,0,0,0,0,0,0,0,0,0,0,,0,0,0,0,0,0,2024072810,3,,,02,,E,4,,25,,,MAPLE SPRINGS DR,0,
4990,2024072842,11,02,02109,02109,2024,08,4,,,,3,1,4,1,02,2,2,00,0,0,2,2,2,2,0,0,0,0,0,0,0,0,1,0,,0,1,0,0,0,0,0,0,0,0,0,0,0,0,0,0,8,0,1,0,0,0,0,1,0,40 23:13.733,80 03:17.095,40.387148,-80.054749,,,4,N,,,,N,0,,,,,,,,,,,,2024072842,0,1,1,0,0,0,0,0,0,0,0,0,0,0,0,0,0,1,0,0,1,1,0,0,0,0,0,0,0,0,0,0,0,0,0,0,0,0,0,0,0,0,0,0,0,0,0,0,0,0,0,0,0,0,1,0,0,1,1,0,0,0,0,1,0,0,0,0,1,0,0,0,0,1,0,0,0,0,0,0,0,0,,0,0,0,0,0,0,2024072842,7,,,02,,W,4,,25,,,BEVERLY RD,1,
4991,2024072843,11,02,02213,02213,2024,08,4,,,,3,1,1,1,01,2,2,00,0,0,2,4,2,2,0,0,0,0,0,0,0,0,0,0,,0,0,0,0,0,0,0,0,0,0,0,0,0,0,0,0,0,1,1,0,0,0,0,0,0,40 30:00.062,80 13:09.478,40.500017,-80.219299,,,3,N,,,,N,0,,,,,,,,,,,,2024072843,0,1,1,0,0,0,0,0,0,0,1,0,0,0,0,1,0,0,0,0,1,1,0,0,0,0,0,0,0,0,0,0,0,0,0,0,0,0,0,0,0,0,0,0,0,0,0,0,0,0,0,0,0,0,0,0,1,1,0,0,0,0,1,0,0,0,0,0,1,0,0,0,0,0,0,0,0,0,0,0,0,0,,0,0,0,0,0,0,2024072843,5,,,02,,S,4,,25,,,AIRSIDE BUS PARK DR,0,
4992,2024072848,11,02,02301,02301,2024,08,5,,,,3,1,4,1,01,2,2,00,0,0,2,5,2,0,0,0,0,0,2,0,0,0,3,0,,3,0,0,0,0,0,0,0,0,0,0,0,0,0,0,0,3,0,0,0,0,0,0,0,0,40 27:14.452,79 53:08.418,40.454014,-79.885672,,,,N,,,,,0,,,,,,,,,,,,2024072848,0,1,1,0,0,0,0,0,0,0,0,0,0,0,0,0,0,1,0,0,1,1,0,0,0,0,0,0,0,0,0,0,0,0,0,0,0,0,0,0,0,0,0,0,0,0,0,0,0,0,0,0,0,0,1,0,0,0,0,0,0,0,0,0,0,0,0,0,1,0,0,0,0,1,0,0,0,0,0,0,0,1,,0,0,0,0,0,0,2024072848,4,,,02,,S,4,,25,,,OAKWOOD ST,3,
4993,2024072849,11,02,02403,02403,2024,08,4,,,,3,1,4,1,03,0,2,00,0,0,2,2,2,1,0,0,0,0,1,0,0,0,1,0,,1,0,0,0,0,0,0,0,0,0,0,0,0,0,0,0,3,0,0,0,0,0,0,0,0,40 20:10.341,79 58:50.098,40.336206,-79.980583,,,2,N,,,,Y,0,,,,,,,,,,,,2024072849,0,1,1,0,0,0,0,0,0,0,0,0,0,0,0,0,0,1,0,0,1,0,0,1,0,0,0,0,0,0,0,0,0,0,0,0,0,0,0,0,0,0,0,0,0,0,1,0,0,0,0,0,0,0,1,0,0,0,0,0,0,0,0,1,0,0,0,0,1,0,0,0,0,1,0,0,0,0,0,0,0,1,,0,0,0,0,0,0,2024072849,5,,,02,2,S,4,,25,,,KEENAN DR,1,
4994,2024072869,11,02,02304,02304,2024,08,5,,,,3,1,4,1,01,3,2,00,0,0,2,5,2,1,0,0,0,1,0,0,0,0,2,0,,2,0,0,3,0,0,0,0,0,0,0,0,0,0,0,1,3,0,0,0,0,0,1,0,0,40 20:34.627,79 50:15.727,40.342952,-79.837702,,,7,N,,,,N,0,,,,,,,,,,,,2024072869,0,0,1,1,0,0,0,0,0,0,0,0,0,0,0,0,0,1,0,0,1,0,1,1,0,0,0,0,0,0,0,0,0,0,0,0,0,1,1,0,0,0,0,0,0,0,0,0,0,0,0,0,0,0,1,0,0,0,0,0,1,0,0,0,0,0,0,1,1,0,0,0,0,1,1,0,0,0,0,0,0,1,,0,0,0,1,0,0,2024072869,3,,,02,,E,4,,25,,,STEWART ST,2,
4995,2024072874,11,02,02203,02203,2024,08,5,,,,3,1,4,1,02,3,2,00,0,0,2,2,2,2,0,0,0,0,0,0,0,0,0,0,,0,0,0,0,0,0,0,0,0,0,0,0,0,0,0,0,0,0,0,0,0,0,0,0,0,40 27:04.107,80 15:02.007,40.451141,-80.250558,,,6,N,,,,Y,0,,,,,,,,,,,,2024072874,0,0,1,1,0,0,0,0,0,0,0,0,0,0,0,1,0,0,0,0,1,0,1,1,0,0,0,0,0,0,0,0,0,0,0,0,0,0,0,0,0,0,0,0,0,0,0,0,0,0,0,0,0,0,1,0,0,0,0,0,0,0,0,0,0,0,0,0,1,0,0,0,0,0,0,0,0,0,0,0,0,0,,0,0,0,0,0,0,2024072874,3,,,02,,W,4,,25,,,MAIN ST,0,
4996,2024072891,11,02,02117,02117,2024,08,5,,,,3,1,1,1,00,0,2,00,0,0,2,2,2,1,0,0,1,0,0,0,0,0,1,0,,0,1,0,0,0,0,0,0,0,0,0,0,0,0,0,0,8,0,0,0,0,0,0,0,0,40 23:45.496,80 03:58.096,40.395971,-80.066138,,,1,N,,,,Y,0,,,,,,,,,,,,2024072891,0,1,0,0,0,0,0,0,0,0,1,0,0,0,0,0,0,1,0,1,0,0,0,0,0,0,0,0,0,0,0,0,0,0,0,0,0,0,0,0,0,0,0,0,0,0,0,0,0,0,0,0,0,0,0,0,0,0,0,0,0,0,0,0,0,0,0,0,1,0,0,0,0,1,0,0,0,0,0,0,0,0,,0,0,0,0,0,0,2024072891,3,,3,02,,N,2,0121,35,,1022,GREENTREE RD,1,
4997,2024072895,11,02,02446,02446,2024,07,6,,,,3,1,1,2,00,0,2,00,0,0,2,1,2,1,0,0,0,0,1,0,0,0,0,0,,0,0,0,1,0,0,0,0,0,0,0,0,0,0,0,0,0,0,0,0,0,0,0,0,0,40 26:53.900,79 47:20.900,40.448306,-79.789139,,,3,N,,,,N,0,,,,,,,,,,,,2024072895,0,0,1,1,0,0,0,0,0,0,1,0,0,1,0,1,0,0,0,1,0,0,0,0,0,0,0,0,0,0,0,0,0,0,0,0,0,0,0,0,0,0,0,0,0,0,0,0,0,0,0,0,1,1,1,0,0,0,0,0,1,0,0,1,0,0,0,0,1,0,1,0,0,0,0,0,0,0,0,0,0,0,,0,1,0,0,0,0,2024072895,3,,3,02,,E,4,ALHF,25,,,GARDEN CITY DR,0,
4998,2024072897,11,02,02407,02407,2024,08,4,,,,3,1,4,1,02,0,2,00,0,0,2,2,2,1,0,0,0,0,1,0,0,0,0,0,,0,0,0,0,0,0,0,0,0,0,0,0,0,0,0,0,0,0,0,0,0,0,1,0,0,40 17:31.633,80 01:49.947,40.29212,-80.030541,,,2,N,,,,N,0,,,,,,,,,,,,2024072897,0,1,0,0,0,0,0,0,0,0,0,0,0,0,0,1,0,0,0,0,1,0,0,1,0,0,0,0,0,0,0,0,0,0,0,0,0,0,0,0,0,0,0,0,0,0,1,0,0,0,0,0,0,0,1,0,0,0,0,0,0,0,0,1,0,0,0,1,1,0,0,0,0,0,0,0,0,0,0,0,1,0,,0,0,0,0,0,0,2024072897,3,,3,02,,S,2,0088,25,,0,LIBRARY RD,0,
4999,2024072902,11,02,02445,02445,2024,08,5,,,,3,1,1,1,00,4,2,02,0,0,2,2,2,1,0,0,1,0,0,0,0,0,1,0,,1,0,0,0,0,0,0,0,0,0,0,0,0,0,0,0,3,0,0,0,0,0,0,0,0,40 28:25.971,79 58:19.209,40.473881,-79.972003,,,2,N,,,,N,0,,,,,,,,,,,,2024072902,0,1,0,0,0,0,0,0,0,0,1,0,0,0,0,0,0,1,0,1,0,0,0,0,0,0,0,0,0,0,0,0,0,0,0,0,0,0,0,0,0,0,0,0,0,0,0,0,1,0,0,0,0,0,1,0,0,0,0,0,0,0,0,1,0,0,0,0,1,0,0,0,0,1,0,0,0,0,0,0,0,1,,0,0,0,0,0,0,2024072902,3,,1,02,,S,2,8120,25,,200,RAMP Q RD,1,
5000,2024072906,11,02,02301,02301,2024,08,3,,,,3,1,4,1,00,0,2,00,0,0,2,3,2,1,0,0,0,0,1,0,0,0,0,0,,0,0,0,0,0,0,0,0,0,0,0,0,0,0,0,0,0,0,0,0,0,1,0,0,0,40 26:08.587,79 57:45.029,40.435719,-79.962508,,,,N,,,,,0,,,,,,,,,,,,2024072906,0,1,0,0,0,0,0,0,0,0,0,0,0,0,0,1,0,0,0,1,0,0,0,0,0,0,0,0,0,0,0,0,0,0,0,0,0,0,0,0,0,0,0,0,0,0,0,0,0,0,0,0,0,0,1,0,0,0,0,0,0,0,0,0,0,0,1,0,1,0,0,0,0,0,0,0,0,0,0,0,1,0,,0,0,0,0,0,0,2024072906,3,,3,02,,S,2,0885,35,,250,OF THE ALLIES BL,0,
5001,2024072908,11,02,02217,02505,2024,08,5,,,,3,1,4,1,02,3,1,00,0,0,2,2,2,1,0,0,0,0,1,0,0,0,0,0,,0,0,0,0,0,0,0,0,0,0,0,0,0,0,0,0,0,0,1,0,0,0,0,1,0,40 40:00.907,79 56:01.498,40.666919,-79.933749,,,5,N,,,,N,0,,,,,,,,,,,,2024072908,0,1,1,0,0,0,0,0,0,0,0,0,0,0,0,1,0,0,0,0,1,0,1,1,0,0,0,0,0,0,0,0,0,0,0,0,0,0,0,0,0,0,0,0,0,0,0,0,0,0,0,0,0,0,1,0,0,1,1,0,0,0,0,0,0,0,0,0,1,0,0,0,0,0,0,0,0,0,0,0,0,0,,0,0,0,0,0,0,2024072908,4,,,02,,W,4,,25,,,GLASGOW RD,0,
5002,2024072909,11,02,02207,02207,2024,08,4,,,,3,1,4,1,00,0,2,07,0,0,2,2,2,2,0,0,0,0,0,0,0,0,0,0,,0,0,0,0,0,0,0,0,0,0,0,0,0,0,0,0,0,0,0,0,0,1,1,0,0,40 35:32.101,79 56:52.492,40.59225,-79.947914,,,2,N,,,0,N,0,,,,,,,,,,,,2024072909,0,1,0,0,0,0,0,0,0,0,0,0,0,0,0,1,0,0,0,1,0,0,0,0,0,0,0,0,0,0,0,0,0,0,0,0,0,0,0,0,0,0,0,0,0,0,0,0,0,0,0,0,0,0,1,0,0,0,0,0,0,0,0,0,0,0,1,1,1,0,0,0,0,0,0,0,0,0,0,0,0,0,,0,1,0,0,0,0,2024072909,3,,3,02,,N,2,0008,40,,2225,WILLIAM FLINN HW,0,
5003,2024072919,11,02,02454,02454,2024,08,4,,,,3,1,1,1,02,2,2,00,0,0,4,6,4,2,0,0,0,0,2,0,0,0,1,0,,0,1,0,0,0,0,0,0,0,0,0,0,0,0,0,0,8,0,0,0,0,0,0,0,1,40 20:11.351,79 58:44.609,40.336486,-79.979058,,,,N,,,,,0,,,,,,,,,,,,2024072919,0,1,1,0,0,0,0,0,0,0,1,0,0,0,0,0,0,1,0,0,1,1,0,0,0,0,0,0,0,0,0,0,0,0,0,0,0,0,0,0,0,0,0,0,0,0,0,0,0,0,0,0,0,1,1,0,0,0,0,1,0,0,0,1,0,0,0,0,1,0,0,0,0,1,0,0,0,0,0,0,0,0,,0,0,0,0,0,0,2024072919,5,,,02,2,N,4,,25,,,KEEPORT DR,1,
5004,2024072924,11,02,02446,02446,2024,08,2,,,,3,1,2,1,02,3,2,00,0,0,2,3,2,1,0,0,0,0,1,0,0,0,2,0,,2,0,0,0,0,0,0,0,0,0,0,0,0,0,0,0,3,0,0,0,0,0,0,0,1,40 26:05.208,79 45:16.961,40.43478,-79.754711,,,2,N,,,,N,0,,,,,,,,,,,,2024072924,0,1,1,0,0,0,0,0,0,0,0,1,0,0,0,0,0,1,0,0,1,0,1,1,0,0,0,0,0,0,0,0,0,0,0,0,0,0,0,0,0,0,0,0,0,0,1,0,0,0,0,0,0,0,1,0,0,0,0,1,0,0,0,0,0,0,0,0,1,0,0,0,0,1,0,0,0,0,0,0,0,1,,0,0,0,0,0,0,2024072924,5,,,02,,W,4,,25,,,DAUGHERTY DR,2,
5005,2024072927,11,02,02216,02505,2024,08,4,,,,,1,1,1,00,0,1,00,0,0,2,3,2,2,0,0,0,0,0,0,0,0,0,0,,0,0,0,0,0,0,0,0,0,0,0,0,0,0,0,0,0,0,0,0,0,0,0,1,0,40 37:37.810,80 01:42.402,40.627169,-80.028445,,,4,N,,,,N,0,,,,,,,,,,,,2024072927,0,1,0,0,0,0,0,0,1,0,1,0,0,0,0,1,0,0,0,1,0,0,0,0,0,0,0,0,0,0,0,0,0,0,0,0,0,0,0,0,0,0,0,0,0,0,0,0,1,0,0,0,0,0,1,0,0,0,1,0,0,0,0,0,0,0,0,0,1,0,0,0,0,0,0,0,1,0,0,0,0,0,,0,0,0,0,0,0,2024072927,3,,3,02,,W,2,0910,35,,2932,WEXFORD RD,0,
5006,2024072937,11,02,02481,02481,2024,08,5,,,,3,1,4,1,01,3,2,00,0,0,2,3,2,0,0,0,0,0,1,1,0,0,0,0,,0,0,0,0,0,0,0,0,0,0,0,0,0,0,0,0,0,0,0,0,0,0,0,0,0,40 34:30.163,80 04:31.501,40.575045,-80.075417,,,,N,,,3,,0,,,,,,,,,,,,2024072937,0,1,1,0,0,0,0,0,0,0,0,0,0,0,0,1,0,0,0,0,1,0,1,1,0,0,0,0,0,0,0,0,0,0,0,0,0,0,0,0,0,0,0,0,0,0,1,0,0,0,0,0,0,0,1,0,0,0,0,0,0,0,0,0,0,0,0,0,1,0,0,0,0,0,0,0,0,0,0,0,0,0,,0,0,0,0,0,0,2024072937,5,,,02,,N,4,,35,,,INGOMAR HTS RD,0,
5007,2024072970,11,02,02301,02301,2024,08,7,,,,3,1,4,1,02,0,2,00,0,0,2,4,2,1,0,0,0,0,1,0,0,0,0,0,,0,0,0,0,0,0,0,0,0,0,0,0,0,0,0,0,0,0,0,0,0,1,0,0,0,40 24:41.134,79 59:27.293,40.411426,-79.990915,,,,N,,,,,0,,,,,,,,,,,,2024072970,0,0,1,1,0,0,0,0,0,0,0,0,0,0,0,1,0,0,0,0,1,0,0,1,0,0,0,0,0,0,0,0,0,0,0,0,0,0,0,0,0,0,0,0,0,0,1,0,0,0,0,0,0,0,1,0,0,0,0,0,0,0,0,0,0,0,1,0,1,0,0,0,0,0,0,0,0,0,0,0,0,0,,0,0,0,0,0,0,2024072970,3,,,02,,E,4,,25,,,MOORE AV,0,
5008,2024072979,11,02,02430,02430,2024,08,4,,,,3,1,1,1,00,0,2,00,0,0,2,2,2,0,0,0,0,0,2,0,0,0,0,0,,0,0,0,0,0,0,0,0,0,0,0,0,0,0,0,0,0,0,0,0,0,0,1,0,0,40 29:28.309,79 57:02.302,40.491197,-79.950639,,,1,N,,,,N,0,,,,,,,,,,,,2024072979,0,1,0,0,0,0,0,0,0,0,1,0,0,0,0,1,0,0,0,1,0,0,0,0,0,0,0,0,0,0,0,0,0,0,0,0,0,0,0,0,0,0,0,0,0,0,0,0,1,0,0,0,0,0,1,0,0,0,0,0,0,0,0,0,0,0,0,1,1,0,0,0,0,0,0,0,0,0,0,0,0,0,,0,0,0,0,0,0,2024072979,3,,1,02,,N,2,0028,45,,248,ETNA BP,0,
5009,2024072982,11,02,02116,02116,2024,08,1,,,,3,1,1,1,00,0,2,00,0,0,3,7,3,2,0,0,0,0,1,0,0,0,1,0,,0,0,0,0,0,0,0,0,0,0,0,0,0,0,0,0,4,0,0,0,0,0,1,0,0,40 30:56.778,80 00:16.014,40.515772,-80.004448,,,2,N,,,,N,0,,,,,,,,,,,,2024072982,0,1,0,0,0,0,0,0,0,0,1,0,0,0,0,0,0,1,0,1,0,0,0,0,0,0,0,0,0,0,0,0,0,0,0,0,0,0,0,0,0,0,0,0,0,0,0,0,0,0,0,0,0,0,0,0,0,0,0,0,0,0,1,0,0,0,0,1,1,0,0,0,0,1,0,0,0,0,0,0,0,0,,0,0,0,0,0,0,2024072982,3,,3,02,,S,2,4003,40,,785,MCKNIGHT RD,1,
5010,2024072986,11,02,02119,02119,2024,08,3,,,,3,1,1,1,01,2,2,00,0,0,3,5,3,0,0,0,0,0,3,0,0,0,1,0,,0,0,0,0,0,0,0,0,0,0,0,0,0,0,0,0,4,2,0,0,0,0,0,0,0,40 21:27.474,80 07:18.657,40.357632,-80.121849,,,,N,,,,,0,,,,,,,,,,,,2024072986,0,1,1,0,0,0,0,0,0,0,1,0,0,0,0,0,0,1,0,0,1,1,0,0,0,0,0,0,0,0,0,0,0,0,0,0,0,0,0,0,0,0,0,0,0,0,0,0,1,0,0,0,0,0,1,0,1,0,0,0,0,0,1,1,0,0,0,0,1,0,0,0,0,1,0,0,0,0,0,0,0,0,,0,0,0,0,0,0,2024072986,5,,,02,,N,4,,25,,,NEWBURY DR,1,
5011,2024073044,11,02,02112,02112,2024,08,6,,,,3,1,7,2,03,0,2,00,0,0,2,3,2,1,0,0,0,0,1,0,0,0,0,0,,0,0,0,0,0,0,0,0,0,0,0,0,0,0,0,0,0,0,0,0,0,0,0,0,0,40 30:02.330,79 55:27.203,40.500647,-79.924223,,,5,N,,,0,N,0,,,,,,,,,,,,2024073044,0,1,0,0,0,0,0,0,0,0,0,0,1,1,0,1,0,0,0,0,1,0,0,1,0,0,0,1,0,0,0,0,0,0,0,0,0,0,0,0,0,1,1,0,0,0,0,0,0,0,0,0,0,0,0,0,0,0,0,0,0,0,0,1,0,0,0,0,1,0,1,0,0,0,0,1,0,0,0,0,1,0,,0,0,0,0,0,0,2024073044,3,,3,02,,S,2,1003,25,,0,KITTANNING PK,0,