_id,CRASH_CRN,DISTRICT,CRASH_COUNTY,MUNICIPALITY,POLICE_AGCY,CRASH_YEAR,CRASH_MONTH,DAY_OF_WEEK,TIME_OF_DAY,HOUR_OF_DAY,ILLUMINATION,WEATHER,ROAD_CONDITION,COLLISION_TYPE,RELATION_TO_ROAD,INTERSECT_TYPE,TCD_TYPE,URBAN_RURAL,LOCATION_TYPE,SCH_BUS_IND,SCH_ZONE_IND,TOTAL_UNITS,PERSON_COUNT,VEHICLE_COUNT,AUTOMOBILE_COUNT,MOTORCYCLE_COUNT,BUS_COUNT,SMALL_TRUCK_COUNT,HEAVY_TRUCK_COUNT,SUV_COUNT,VAN_COUNT,BICYCLE_COUNT,FATAL_COUNT,INJURY_COUNT,MAJ_INJ_COUNT,MOD_INJ_COUNT,MIN_INJ_COUNT,UNK_INJ_DEG_COUNT,UNK_INJ_PER_COUNT,UNBELTED_OCC_COUNT,UNB_DEATH_COUNT,UNB_MAJ_INJ_COUNT,BELTED_DEATH_COUNT,BELTED_MAJ_INJ_COUNT,MCYCLE_DEATH_COUNT,MCYCLE_MAJ_INJ_COUNT,BICYCLE_DEATH_COUNT,BICYCLE_MAJ_INJ_COUNT,PED_COUNT,PED_DEATH_COUNT,PED_MAJ_INJ_COUNT,COMM_VEH_COUNT,MAX_SEVERITY_LEVEL,DRIVER_COUNT_16YR,DRIVER_COUNT_17YR,DRIVER_COUNT_18YR,DRIVER_COUNT_19YR,DRIVER_COUNT_20YR,DRIVER_COUNT_50_64YR,DRIVER_COUNT_65_74YR,DRIVER_COUNT_75PLUS,LATITUDE,LONGITUDE,DEC_LAT,DEC_LONG,EST_HRS_CLOSED,LANE_CLOSED,LN_CLOSE_DIR,NTFY_HIWY_MAINT,RDWY_SURF_TYPE_CD,SPEC_JURIS_CD,TCD_FUNC_CD,TFC_DETOUR_IND,WORK_ZONE_IND,WORK_ZONE_TYPE,WORK_ZONE_LOC,CONS_ZONE_SPD_LIM,WORKERS_PRES,WZ_CLOSE_DETOUR,WZ_FLAGGER,WZ_LAW_OFFCR_IND,WZ_LN_CLOSURE,WZ_MOVING,WZ_OTHER,WZ_SHLDER_MDN,FLAG_CRN,INTERSTATE,STATE_ROAD,LOCAL_ROAD,LOCAL_ROAD_ONLY,TURNPIKE,WET_ROAD,SNOW_SLUSH_ROAD,ICY_ROAD,SUDDEN_DEER,SHLDR_RELATED,REAR_END,HO_OPPDIR_SDSWP,HIT_FIXED_OBJECT,SV_RUN_OFF_RD,WORK_ZONE,PROPERTY_DAMAGE_ONLY,FATAL_OR_MAJ_INJ,INJURY,FATAL,NON_INTERSECTION,INTERSECTION,SIGNALIZED_INT,STOP_CONTROLLED_INT,UNSIGNALIZED_INT,SCHOOL_BUS,SCHOOL_ZONE,HIT_DEER,HIT_TREE_SHRUB,HIT_EMBANKMENT,HIT_POLE,HIT_GDRAIL,HIT_GDRAIL_END,HIT_BARRIER,HIT_BRIDGE,OVERTURNED,MOTORCYCLE,BICYCLE,HVY_TRUCK_RELATED,VEHICLE_FAILURE,TRAIN_TROLLEY,PHANTOM_VEHICLE,ALCOHOL_RELATED,DRINKING_DRIVER,UNDERAGE_DRNK_DRV,UNLICENSED,CELL_PHONE,NO_CLEARANCE,RUNNING_RED_LT,TAILGATING,CROSS_MEDIAN,CURVE_DVR_ERROR,LIMIT_65MPH,SPEEDING,SPEEDING_RELATED,AGGRESSIVE_DRIVING,FATIGUE_ASLEEP,DRIVER_16YR,DRIVER_17YR,DRIVER_65_74YR,DRIVER_75PLUS,UNBELTED,PEDESTRIAN,DISTRACTED,CURVED_ROAD,DRIVER_18YR,DRIVER_19YR,DRIVER_20YR,DRIVER_50_64YR,VEHICLE_TOWED,FIRE_IN_VEHICLE,HIT_PARKED_VEHICLE,MC_DRINKING_DRIVER,DRUGGED_DRIVER,INJURY_OR_FATAL,COMM_VEHICLE,IMPAIRED_DRIVER,DEER_RELATED,DRUG_RELATED,HAZARDOUS_TRUCK,ILLEGAL_DRUG_RELATED,ILLUMINATION_DARK,MINOR_INJURY,MODERATE_INJURY,MAJOR_INJURY,NHTSA_AGG_DRIVING,PSP_REPORTED,RUNNING_STOP_SIGN,TRAIN,TROLLEY,ROADWAY_CRN,RDWY_SEQ_NUM,ADJ_RDWY_SEQ,ACCESS_CTRL,ROADWAY_COUNTY,LANE_COUNT,RDWY_ORIENT,ROAD_OWNER,ROUTE,SPEED_LIMIT,SEGMENT,OFFSET,STREET_NAME,TOT_INJ_COUNT,SCHOOL_BUS_UNIT
5159,2024075419,11,02,02490,62422,2024,08,6,,,,3,1,2,6,03,0,2,00,0,0,2,1,2,1,0,0,1,0,0,0,0,0,1,0,,1,0,0,0,0,0,0,0,0,0,0,0,0,0,0,0,3,0,0,0,0,0,0,0,0,40 22:12.788,80 13:27.178,40.370219,-80.224216,,,1,N,,,,Y,0,,,,,,,,,,,,2024075419,0,1,1,0,0,0,0,0,0,0,0,1,0,0,0,0,0,1,0,0,1,0,0,1,0,0,0,0,0,0,0,0,0,0,0,0,0,0,0,0,0,1,1,0,0,0,0,0,0,0,0,0,0,1,0,0,0,0,0,0,0,0,0,0,0,0,0,0,1,0,1,0,0,1,0,1,0,0,0,0,1,1,,0,0,0,0,0,0,2024075419,5,,,02,,W,4,,25,,,LAUREL HILL RD,1,
5160,2024075450,11,02,02466,02466,2024,08,4,,,,3,1,4,1,02,3,2,00,0,0,3,3,3,3,0,0,0,0,0,0,0,0,0,0,,0,0,0,0,0,0,0,0,0,0,0,0,0,0,0,0,0,0,0,0,0,0,1,0,0,40 27:08.078,79 43:43.362,40.452244,-79.728712,,,4,N,,,,N,0,,,,,,,,,,,,2024075450,0,1,1,0,0,0,0,0,0,0,0,0,0,0,0,1,0,0,0,0,1,0,1,1,0,0,0,0,0,0,0,0,0,0,0,0,0,0,0,0,0,0,0,0,0,0,0,0,0,0,0,0,0,0,1,0,0,0,0,0,0,0,0,0,0,0,0,1,1,0,0,0,0,0,0,0,0,0,0,0,0,0,,0,0,0,0,0,0,2024075450,4,,,02,,S,4,,25,,,BALKAN DR,0,
5161,2024075457,11,02,02301,02301,2024,08,6,,,,3,1,8,1,02,2,2,00,0,0,2,2,1,1,0,0,0,0,0,0,0,0,1,0,,1,0,0,0,0,0,0,0,0,0,0,0,1,0,0,0,3,0,0,0,0,0,0,0,0,40 27:11.872,79 56:50.450,40.453298,-79.947347,,,1,N,,,,N,0,,,,,,,,,,,,2024075457,0,0,1,1,0,0,0,0,0,0,0,0,0,0,0,0,0,1,0,0,1,1,0,0,0,0,0,0,0,0,0,0,0,0,0,0,0,0,0,0,0,1,1,0,0,0,0,0,0,0,0,0,0,0,0,0,0,0,0,0,0,1,0,0,0,0,0,0,1,0,0,0,0,1,0,1,0,0,0,0,1,1,,0,0,0,0,0,0,2024075457,3,,3,02,,E,4,AHNJ,25,,,CENTRE AV,1,
5162,2024075459,11,02,02118,02118,2024,08,7,,,,3,4,7,4,00,0,2,00,0,0,1,1,1,0,0,0,0,0,1,0,0,0,0,0,,0,0,0,0,0,0,0,0,0,0,0,0,0,0,0,0,0,0,0,0,1,0,0,0,0,40 30:47.000,79 57:09.900,40.513056,-79.95275,,,,N,,,,,0,,,,,,,,,,,,2024075459,0,0,1,1,0,0,0,0,0,0,0,0,1,1,0,1,0,0,0,1,0,0,0,0,0,0,0,0,1,0,0,0,0,0,0,0,0,0,0,0,0,0,0,0,0,0,0,0,0,0,0,0,0,0,0,0,0,0,0,0,0,0,1,1,0,1,0,0,1,0,0,0,0,0,0,0,0,0,0,0,1,0,,0,0,0,0,0,0,2024075459,3,,3,02,2,W,4,ADQT,25,,,PENNVIEW ST,0,
5163,2024075463,11,02,02466,02466,2024,08,6,,,,4,1,2,1,01,3,1,00,0,0,3,5,3,2,0,0,0,0,1,0,0,0,2,0,,2,0,2,0,0,0,0,0,0,0,0,0,0,0,0,0,3,0,0,0,0,0,1,0,0,40 31:55.616,79 42:46.006,40.532116,-79.712779,,,7,Y,,,,N,0,,,,,,,,,,,,2024075463,0,1,0,0,0,0,0,0,0,0,0,1,0,0,0,0,0,1,0,0,1,0,1,1,0,0,0,0,0,0,0,0,0,0,0,0,0,0,0,0,0,0,0,0,0,0,0,0,0,0,0,0,1,1,1,0,0,0,0,0,0,0,0,0,0,0,0,1,1,0,0,0,0,1,0,0,0,0,0,0,1,1,,0,1,0,1,0,0,2024075463,3,,3,02,,W,2,0366,35,,760,GREENSBURG RD,2,
5164,2024075466,11,02,02207,02207,2024,08,3,,,,3,1,7,2,02,0,2,00,0,0,1,1,1,1,0,0,0,0,0,0,0,0,1,0,,0,0,0,0,0,0,0,0,0,0,0,0,0,0,0,0,4,0,0,0,0,0,0,0,0,40 33:40.551,79 55:55.044,40.561264,-79.931957,,,5,N,,,,Y,0,,,,,,,,,,,,2024075466,0,0,1,1,0,0,0,0,1,0,0,0,1,1,0,0,0,1,0,0,1,0,0,1,0,0,0,1,0,0,0,1,0,0,0,0,0,0,0,0,0,0,0,0,0,0,0,0,0,0,0,0,0,1,0,0,0,0,0,0,0,0,0,0,0,0,0,0,1,0,0,0,0,1,0,0,1,0,0,0,0,0,,0,0,0,0,0,0,2024075466,3,,,02,2,W,4,,25,,,RALPH DR,1,
5165,2024075487,11,02,02113,02113,2024,08,6,,,,3,1,4,1,01,2,2,00,0,0,2,2,2,1,0,0,0,0,1,0,0,0,2,0,,2,0,0,0,0,0,0,0,0,0,0,0,0,0,0,0,3,0,0,0,0,0,0,0,0,40 28:39.296,79 47:06.743,40.477582,-79.785206,,,1,N,,,,Y,0,,,,,,,,,,,,2024075487,0,1,1,0,0,0,0,0,0,0,0,0,0,0,0,0,0,1,0,0,1,1,0,0,0,0,0,0,0,0,0,0,0,0,0,0,0,0,0,0,0,0,0,0,0,0,0,0,0,0,0,0,0,0,1,0,0,0,0,0,0,0,0,0,0,0,0,0,1,0,0,0,0,1,0,0,0,0,0,0,0,1,,0,0,0,0,0,0,2024075487,4,,,02,,N,4,,35,,,UNIVERSAL RD,2,
5166,2024075528,11,02,02301,02301,2024,08,7,,,,3,1,1,1,00,2,2,00,0,0,3,3,3,0,0,0,0,0,3,0,0,0,0,0,,0,0,1,0,0,0,0,0,0,0,0,0,0,0,0,0,9,0,0,0,0,0,0,0,1,40 29:24.140,79 54:25.820,40.490039,-79.907172,,,4,N,,,,N,0,,,,,,,,,,,,2024075528,0,0,1,1,0,0,0,0,0,0,1,0,0,0,0,0,0,0,0,1,0,0,0,0,0,0,0,0,0,0,0,0,0,0,0,0,0,0,0,0,0,0,0,0,0,0,0,0,0,0,0,0,0,0,1,0,0,0,0,1,0,0,0,0,0,0,0,0,1,0,0,0,0,0,0,0,0,0,0,0,0,0,,0,0,0,0,0,0,2024075528,3,,,02,,W,4,,35,,,ALLEGHENY RIVER BL,0,
5167,2024075535,11,02,02466,02466,2024,08,4,,,,3,1,7,1,03,2,2,00,0,0,1,1,1,0,0,0,0,0,1,0,0,0,0,0,,0,0,0,0,0,0,0,0,0,0,0,0,0,0,0,0,0,0,0,0,0,0,0,0,0,40 31:37.663,79 48:59.780,40.527129,-79.816606,,,1,Y,,,,N,0,,,,,,,,,,,,2024075535,0,1,0,0,0,0,0,0,0,0,0,0,1,1,0,1,0,0,0,0,1,1,0,0,0,0,0,0,0,0,0,0,0,0,0,0,0,0,0,0,0,1,1,0,0,0,0,0,0,0,0,0,0,0,0,0,0,0,0,0,0,0,0,0,0,0,0,0,1,0,0,0,0,0,0,1,0,0,0,0,1,0,,0,0,0,0,0,0,2024075535,3,,3,02,,N,2,2058,35,,535,HULTON RD,0,
5168,2024075551,11,02,02102,02102,2024,08,4,,,,3,1,4,1,01,3,2,00,0,0,2,2,2,0,0,0,0,0,2,0,0,0,0,0,,0,0,0,0,0,0,0,0,0,0,0,0,0,0,0,0,0,0,0,0,0,0,0,1,0,40 23:22.755,80 08:00.452,40.389654,-80.133459,,,,N,,,,,0,,,,,,,,,,,,2024075551,0,1,0,0,0,0,0,0,0,0,0,0,0,0,0,1,0,0,0,0,1,0,1,1,0,0,0,0,0,0,0,0,0,0,0,0,0,0,0,0,0,0,0,0,0,0,1,0,0,0,0,0,0,0,1,0,0,0,1,0,0,0,0,0,0,0,0,0,1,0,0,0,0,0,0,0,0,0,0,0,0,0,,0,0,0,0,0,0,2024075551,3,,3,02,,W,2,3028,30,,0,WALKERS MILL RD,0,
5169,2024075573,11,02,02403,02403,2024,08,7,,,,3,1,7,4,00,2,2,00,0,0,1,1,1,0,0,0,1,0,0,0,0,0,0,0,,0,0,0,0,0,0,0,0,0,0,0,0,0,0,0,0,0,0,0,0,0,0,0,0,0,40 20:11.537,79 58:43.223,40.336538,-79.978673,,,,N,,,,,0,,,,,,,,,,,,2024075573,0,1,0,0,0,0,0,0,0,0,0,0,1,1,0,1,0,0,0,1,0,0,0,0,0,0,0,1,0,0,0,0,0,0,0,0,0,0,0,0,0,0,0,0,0,0,0,0,0,0,0,0,0,0,0,1,0,0,0,0,0,0,0,0,0,0,0,0,1,0,0,0,0,0,0,0,0,0,0,0,1,0,,0,0,0,0,0,0,2024075573,3,,3,02,,W,2,2040,35,,2235,CURRY HOLLOW RD,0,
5170,2024075576,11,02,02403,02403,2024,08,3,,,,3,1,1,1,02,2,2,00,0,0,2,5,2,0,0,0,0,0,2,0,0,0,3,0,,0,3,0,1,0,0,0,0,0,0,0,0,0,0,0,0,8,1,0,0,1,0,0,0,0,40 20:36.618,79 58:12.233,40.343505,-79.970065,,,,N,,,,,0,,,,,,,,,,,,2024075576,0,1,1,0,0,0,0,0,0,0,1,0,0,0,0,0,0,1,0,0,1,1,0,0,0,0,0,0,0,0,0,0,0,0,0,0,0,0,0,0,0,0,0,0,0,0,0,0,0,0,0,0,0,0,0,0,1,0,0,0,1,0,0,0,0,1,0,0,1,0,0,0,0,1,0,0,0,0,0,0,1,0,,0,0,0,0,0,0,2024075576,5,,,02,,E,4,,25,,,IRWIN DR,3,
5171,2024075583,11,02,02118,02118,2024,08,7,,,,4,1,7,4,00,0,2,00,0,0,1,2,1,0,0,0,0,0,1,0,0,0,0,0,,0,0,0,0,0,0,0,0,0,0,0,0,0,0,0,0,0,0,0,0,0,0,0,0,0,40 30:56.000,79 56:43.300,40.515556,-79.945361,,,5,N,,,,N,0,,,,,,,,,,,,2024075583,0,0,1,1,0,0,0,0,1,0,0,0,1,1,0,1,0,0,0,1,0,0,0,0,0,0,0,0,1,0,0,0,0,0,1,0,0,0,0,0,0,0,0,0,0,0,0,0,0,0,0,0,0,1,1,0,0,0,0,0,0,0,0,1,0,0,0,0,1,0,0,0,0,0,0,0,1,0,0,0,1,0,,0,0,0,0,0,0,2024075583,3,,,02,,N,4,,35,,,MIDDLE RD,0,
5172,2024075589,11,02,02220,02220,2024,08,7,,,,4,9,7,4,00,0,2,00,0,0,2,2,2,1,0,0,1,0,0,0,0,0,2,0,,0,2,0,0,0,0,0,0,0,0,0,0,0,0,0,0,8,0,0,1,0,0,0,0,0,40 37:26.366,79 49:57.002,40.623991,-79.832501,,,5,N,,,,Y,0,,,,,,,,,,,,2024075589,0,1,0,0,0,1,0,0,0,0,0,0,1,1,0,0,0,1,0,1,0,0,0,0,0,0,0,0,0,1,0,0,0,0,0,0,0,0,0,0,0,0,0,0,0,0,0,0,0,0,0,0,1,1,1,0,0,0,0,0,0,0,0,1,1,0,0,0,1,0,1,0,0,1,0,0,0,0,0,0,1,0,,0,1,0,0,0,0,2024075589,3,,3,02,2,N,2,1015,25,,1695,LITTLE DEER CREEK RD,2,
5173,2024075591,11,02,02217,02505,2024,08,7,,,,7,9,1,1,02,0,2,00,0,0,2,2,2,1,0,0,0,0,1,0,0,0,1,0,,0,1,0,0,0,0,0,0,0,0,0,0,0,0,0,0,8,0,1,0,0,0,0,0,0,40 39:25.520,79 56:05.494,40.657089,-79.934859,,,,N,,,,N,0,,,,,,,,,,,,2024075591,0,1,1,0,0,1,0,0,0,0,1,0,0,0,0,0,0,1,0,0,1,0,0,1,0,0,0,0,0,0,0,0,0,0,0,0,0,0,0,0,0,0,0,0,0,0,0,0,0,0,0,0,0,1,1,0,0,1,0,0,0,0,0,0,0,0,0,0,1,0,0,0,0,1,0,0,0,0,0,0,1,0,,0,0,0,0,0,0,2024075591,5,,,02,,E,4,,25,,,WILLOWCREEK DR,1,
5174,2024075611,11,02,02301,02301,2024,08,6,,,,3,1,4,1,01,3,2,00,0,0,2,2,2,1,0,0,0,0,1,0,0,0,0,0,,0,0,0,0,0,0,0,0,0,0,0,0,0,0,0,0,0,0,0,0,0,0,0,0,0,40 26:56.429,79 57:06.720,40.449008,-79.951867,,,,N,,,,,0,,,,,,,,,,,,2024075611,0,0,1,1,0,0,0,0,0,0,0,0,0,0,0,1,0,0,0,0,1,0,1,1,0,0,0,0,0,0,0,0,0,0,0,0,0,0,0,0,0,0,0,0,0,0,1,0,0,0,0,0,0,0,1,0,0,0,0,0,0,0,0,0,0,0,0,0,1,0,0,0,0,0,0,0,0,0,0,0,0,0,,0,0,0,0,0,0,2024075611,3,,3,02,,N,4,AGRL,25,,,DITHRIDGE ST,0,
5175,2024075612,11,02,02301,02301,2024,08,5,,,,3,1,4,1,02,2,2,07,0,0,2,6,2,1,0,0,0,0,0,1,0,0,3,0,,1,2,0,0,0,0,0,0,0,0,0,0,0,0,0,0,3,0,0,0,0,0,1,0,0,40 27:12.995,79 54:55.260,40.45361,-79.91535,,,3,N,,,,N,0,,,,,,,,,,,,2024075612,0,0,1,1,0,0,0,0,0,0,0,0,0,0,0,0,0,1,0,0,1,1,0,0,0,0,0,0,0,0,0,0,0,0,0,0,0,0,0,0,0,0,0,0,0,0,0,0,0,0,0,0,0,0,1,0,0,0,0,0,0,0,0,0,0,0,0,1,1,0,0,0,0,1,0,0,0,0,0,0,0,1,,0,1,0,0,0,0,2024075612,3,,,02,,S,4,,25,,,BEECHWOOD BL,3,
5176,2024075616,11,02,02301,02301,2024,08,4,,,,3,1,4,1,01,2,2,00,0,0,2,2,2,1,0,0,0,0,1,0,0,0,1,0,,1,0,0,0,0,0,0,0,0,0,0,0,0,0,0,0,3,0,0,0,0,0,0,0,0,40 26:59.386,79 55:46.809,40.449829,-79.929669,,,2,N,,,,N,0,,,,,,,,,,,,2024075616,0,0,1,1,0,0,0,0,0,0,0,0,0,0,0,0,0,1,0,0,1,1,0,0,0,0,0,0,0,0,0,0,0,0,0,0,0,0,0,0,0,0,0,0,0,0,0,0,0,0,0,0,1,1,1,0,0,0,0,0,0,0,0,0,0,0,0,0,1,0,0,0,0,1,0,0,0,0,0,0,0,1,,0,0,0,0,0,0,2024075616,3,,,02,,E,4,,25,,,FIFTH AV,1,
5177,2024075617,11,02,02301,02301,2024,08,5,,,,3,1,5,5,00,0,2,00,0,0,2,1,2,0,0,0,0,0,2,0,0,0,0,0,,0,0,0,0,0,0,0,0,0,0,0,0,0,0,0,0,0,0,0,0,0,0,0,0,0,40 26:38.487,79 55:33.623,40.444024,-79.926006,,,2,N,,,,N,0,,,,,,,,,,,,2024075617,0,1,0,0,0,0,0,0,0,0,0,0,0,1,0,1,0,0,0,1,0,0,0,0,0,0,0,0,0,0,0,0,0,0,0,0,0,0,0,0,0,0,0,0,0,0,0,0,0,0,0,0,0,0,0,0,0,0,0,0,0,0,0,0,0,0,0,0,1,0,1,0,0,0,0,0,0,0,0,0,1,0,,0,0,0,0,0,0,2024075617,3,,3,02,,B,2,2108,25,,1612,WILKINS AV,0,
5178,2024075620,11,02,02126,02126,2024,08,7,,,,3,9,7,4,00,0,2,00,0,0,1,2,1,1,0,0,0,0,0,0,0,0,0,0,,0,0,0,0,0,0,0,0,0,0,0,0,0,0,0,0,0,0,1,0,0,0,0,0,0,40 28:22.800,80 06:43.500,40.473,-80.112083,,,5,N,,,,Y,0,,,,,,,,,,,,2024075620,0,0,1,1,0,1,0,0,0,0,0,0,1,1,0,1,0,0,0,1,0,0,0,0,0,0,0,0,0,0,0,1,0,0,0,0,0,0,0,0,0,0,0,0,0,0,0,0,0,0,0,0,0,1,1,0,0,1,0,0,0,0,0,1,0,0,0,0,1,0,0,0,0,0,0,0,0,0,0,0,0,0,,0,0,0,0,0,0,2024075620,3,,3,02,2,W,4,AEJD,25,,,MIDWAY DR,0,
5179,2024075632,11,02,02121,02514,2024,08,3,,,,3,1,4,1,01,3,2,00,0,0,2,2,2,2,0,0,0,0,0,0,0,0,0,0,,0,0,0,0,0,0,0,0,0,0,0,0,0,0,0,0,0,0,0,0,0,0,0,1,0,40 33:21.224,79 48:26.170,40.555896,-79.807269,,,,N,,,,,0,,,,,,,,,,,,2024075632,0,1,0,0,0,0,0,0,0,0,0,0,0,0,0,1,0,0,0,0,1,0,1,1,0,0,0,0,0,0,0,0,0,0,0,0,0,0,0,0,0,0,0,0,0,0,1,0,0,0,0,0,0,0,1,0,0,0,1,0,0,0,0,0,0,0,0,0,1,0,0,0,0,0,0,0,0,0,0,0,0,0,,0,0,0,0,0,0,2024075632,3,,3,02,,S,2,1014,35,,365,HITE RD,0,
5180,2024075643,11,02,02473,02473,2024,08,7,,,,3,1,4,1,00,0,2,07,0,0,2,5,2,1,0,0,0,0,1,0,0,0,1,0,,1,0,0,0,0,0,0,0,0,0,0,0,0,0,0,0,3,0,0,0,0,0,0,1,0,40 20:21.000,79 56:48.500,40.339167,-79.946806,,,4,N,,,,N,0,,,,,,,,,,,,2024075643,0,0,1,1,0,0,0,0,0,0,0,0,0,0,0,0,0,1,0,1,0,0,0,0,0,0,0,0,0,0,0,0,0,0,0,0,0,0,0,0,0,0,0,0,0,0,0,0,1,0,0,0,0,0,1,0,0,0,1,0,0,0,0,0,0,0,0,0,1,0,0,0,0,1,0,0,0,0,0,0,0,1,,0,1,0,0,0,0,2024075643,3,,,02,,E,4,,25,,,CENTURY III MALL BL,1,
5181,2024075645,11,02,02454,02454,2024,09,1,,,,7,9,7,4,00,0,2,00,0,0,1,1,1,0,0,0,0,0,1,0,0,0,1,0,,0,1,0,0,0,0,0,0,0,0,0,0,0,0,0,0,8,0,0,0,0,0,0,0,0,40 19:41.200,79 58:15.000,40.328111,-79.970833,,,5,N,,,,N,0,,,,,,,,,,,,2024075645,0,0,1,1,0,1,0,0,0,0,0,0,1,1,0,0,0,1,0,1,0,0,0,0,0,0,0,0,0,1,0,0,0,0,0,0,0,0,0,0,0,1,1,0,0,0,0,0,0,0,1,0,0,1,1,0,0,0,0,0,0,0,0,1,0,0,0,0,1,0,0,0,0,1,0,1,0,0,0,0,1,0,,0,0,0,0,0,0,2024075645,3,,3,02,2,S,4,AM1L,25,,,ARBOR LN,1,
5182,2024075653,11,02,02440,02440,2024,08,7,,,,7,9,1,1,02,0,2,00,0,0,2,3,2,0,0,0,0,0,2,0,0,0,0,0,,0,0,0,0,0,0,0,0,0,0,0,0,0,0,0,0,0,0,0,1,0,0,0,0,0,40 19:13.258,79 58:12.630,40.320349,-79.970175,,,2,N,,,0,N,0,,,,,,,,,,,,2024075653,0,0,1,1,0,1,0,0,0,0,1,0,0,0,0,1,0,0,0,0,1,0,0,1,0,0,0,0,0,0,0,0,0,0,0,0,0,0,0,0,0,0,0,0,0,0,0,0,0,0,0,0,0,1,1,0,0,0,0,0,0,0,0,0,1,0,0,0,1,0,0,0,0,0,0,0,0,0,0,0,0,0,,0,0,0,0,0,0,2024075653,3,,3,02,,W,4,EW8P,25,,,WEST BRUCETON RD,0,
5183,2024075657,11,02,02438,02438,2024,09,1,,,,99,99,5,6,00,0,2,00,0,0,3,1,3,1,0,0,0,0,2,0,0,0,0,0,,0,0,1,0,0,0,0,0,0,0,0,0,0,0,0,0,9,0,0,0,0,0,0,0,0,40 24:14.000,79 54:31.900,40.403889,-79.908861,,,,N,,,,,0,,,,,,,,,,,,2024075657,0,0,1,1,0,0,0,0,0,0,0,0,0,0,0,0,0,0,0,1,0,0,0,0,0,0,0,0,0,0,0,0,0,0,0,0,0,0,0,0,0,0,0,0,0,0,0,0,0,0,0,0,0,0,0,0,0,0,0,0,0,0,0,0,0,0,0,0,1,0,1,0,0,0,0,0,0,0,0,0,1,0,,0,0,0,0,0,0,2024075657,3,,,02,,E,4,,25,,,12TH AV,0,
5184,2024075695,11,02,02111,02111,2024,09,1,,,,3,1,4,1,02,3,2,00,0,0,2,3,2,1,0,0,1,0,0,0,0,0,1,0,,0,1,0,0,0,0,0,0,0,0,0,0,0,0,0,0,8,0,1,0,0,0,0,0,0,40 22:02.745,79 49:07.013,40.367429,-79.818615,,,1,N,,,,N,0,,,,,,,,,,,,2024075695,0,1,0,0,0,0,0,0,0,0,0,0,0,0,0,0,0,1,0,0,1,0,1,1,0,0,0,0,0,0,0,0,0,0,0,0,0,0,0,0,0,0,0,0,0,0,1,0,0,0,0,0,0,0,1,0,0,1,0,0,0,0,0,1,0,0,0,0,1,0,0,0,0,1,0,0,0,0,0,0,0,0,,0,0,0,0,0,0,2024075695,3,,3,02,,N,2,0148,45,,2475,FIFTH AV,1,
5185,2024075699,11,02,02110,02215,2024,08,6,,,,3,1,4,1,00,0,2,07,0,0,2,2,2,1,0,0,0,0,1,0,0,0,1,0,,0,0,0,0,0,0,0,0,0,0,0,0,0,0,0,0,4,0,0,0,0,0,0,0,0,40 30:43.400,80 07:54.400,40.512056,-80.131778,,,,N,,,,,0,,,,,,,,,,,,2024075699,0,0,1,1,0,0,0,0,0,0,0,0,0,0,0,0,0,1,0,1,0,0,0,0,0,0,0,0,0,0,0,0,0,0,0,0,0,0,1,0,0,0,0,0,0,0,0,0,0,0,0,0,0,0,1,0,0,0,0,0,0,0,0,0,0,0,0,0,1,0,0,0,0,1,0,0,0,0,0,0,0,0,,0,1,0,0,0,0,2024075699,3,,,02,,E,4,,25,,,GRAND AV,1,
5186,2024075700,11,02,02423,02304,2024,08,6,,,,3,1,4,1,00,0,2,07,0,0,2,2,2,0,0,0,1,0,1,0,0,0,0,0,,0,0,0,0,0,0,0,0,0,0,0,0,0,0,0,0,0,0,0,0,0,0,0,0,1,40 20:41.878,79 53:23.460,40.344966,-79.88985,,,,N,,,,,0,,,,,,,,,,,,2024075700,0,1,0,0,0,0,0,0,0,0,0,0,0,0,0,1,0,0,0,1,0,0,0,0,0,0,0,0,0,0,0,0,0,0,0,0,0,0,0,0,0,0,0,0,0,0,0,0,0,0,0,0,0,0,1,0,0,0,0,1,0,0,0,0,0,0,0,0,1,0,0,0,0,0,0,0,0,0,0,0,0,0,,0,1,0,0,0,0,2024075700,3,,3,02,,N,2,0837,40,,2929,NORTH STATE ST,0,
5187,2024075708,11,02,02301,02301,2024,08,3,,,,3,1,4,1,02,3,2,00,0,0,2,2,2,1,0,0,0,0,0,1,0,0,0,0,,0,0,0,0,0,0,0,0,0,0,0,0,0,0,0,0,0,0,0,0,0,0,0,0,0,40 24:34.117,80 01:55.076,40.409477,-80.031966,,,1,N,,,,N,0,,,,,,,,,,,,2024075708,0,1,1,0,0,0,0,0,0,0,0,0,0,0,0,1,0,0,0,0,1,0,1,1,0,0,0,0,0,0,0,0,0,0,0,0,0,0,0,0,0,0,0,0,0,0,1,0,0,0,0,0,0,0,1,0,0,0,0,0,0,0,0,0,0,0,0,0,1,0,0,0,0,0,0,0,0,0,0,0,0,0,,0,0,0,0,0,0,2024075708,4,,3,02,,S,4,0019,35,,835,BANKSVILLE RD,0,
5188,2024075721,11,02,02111,02111,2024,09,1,,,,3,1,4,1,02,3,2,00,0,0,2,4,2,0,0,0,0,0,1,1,0,0,1,0,,0,0,0,0,0,0,0,0,0,0,0,0,0,0,0,0,4,0,0,1,0,0,1,0,0,40 23:07.485,79 49:18.631,40.385413,-79.821842,,,5,N,,,,N,0,,,,,,,,,,,,2024075721,0,0,1,1,0,0,0,0,0,0,0,0,0,0,0,0,0,1,0,0,1,0,1,1,0,0,0,0,0,0,0,0,0,0,0,0,0,0,0,0,0,0,0,0,0,0,1,0,0,0,0,0,0,0,1,0,0,0,0,0,0,0,0,1,1,0,0,1,1,0,0,0,0,1,0,0,0,0,0,0,0,0,,0,0,0,0,0,0,2024075721,3,,3,02,,E,4,ACAE,25,,,WARREN DR,1,