_id,CRASH_CRN,DISTRICT,CRASH_COUNTY,MUNICIPALITY,POLICE_AGCY,CRASH_YEAR,CRASH_MONTH,DAY_OF_WEEK,TIME_OF_DAY,HOUR_OF_DAY,ILLUMINATION,WEATHER,ROAD_CONDITION,COLLISION_TYPE,RELATION_TO_ROAD,INTERSECT_TYPE,TCD_TYPE,URBAN_RURAL,LOCATION_TYPE,SCH_BUS_IND,SCH_ZONE_IND,TOTAL_UNITS,PERSON_COUNT,VEHICLE_COUNT,AUTOMOBILE_COUNT,MOTORCYCLE_COUNT,BUS_COUNT,SMALL_TRUCK_COUNT,HEAVY_TRUCK_COUNT,SUV_COUNT,VAN_COUNT,BICYCLE_COUNT,FATAL_COUNT,INJURY_COUNT,MAJ_INJ_COUNT,MOD_INJ_COUNT,MIN_INJ_COUNT,UNK_INJ_DEG_COUNT,UNK_INJ_PER_COUNT,UNBELTED_OCC_COUNT,UNB_DEATH_COUNT,UNB_MAJ_INJ_COUNT,BELTED_DEATH_COUNT,BELTED_MAJ_INJ_COUNT,MCYCLE_DEATH_COUNT,MCYCLE_MAJ_INJ_COUNT,BICYCLE_DEATH_COUNT,BICYCLE_MAJ_INJ_COUNT,PED_COUNT,PED_DEATH_COUNT,PED_MAJ_INJ_COUNT,COMM_VEH_COUNT,MAX_SEVERITY_LEVEL,DRIVER_COUNT_16YR,DRIVER_COUNT_17YR,DRIVER_COUNT_18YR,DRIVER_COUNT_19YR,DRIVER_COUNT_20YR,DRIVER_COUNT_50_64YR,DRIVER_COUNT_65_74YR,DRIVER_COUNT_75PLUS,LATITUDE,LONGITUDE,DEC_LAT,DEC_LONG,EST_HRS_CLOSED,LANE_CLOSED,LN_CLOSE_DIR,NTFY_HIWY_MAINT,RDWY_SURF_TYPE_CD,SPEC_JURIS_CD,TCD_FUNC_CD,TFC_DETOUR_IND,WORK_ZONE_IND,WORK_ZONE_TYPE,WORK_ZONE_LOC,CONS_ZONE_SPD_LIM,WORKERS_PRES,WZ_CLOSE_DETOUR,WZ_FLAGGER,WZ_LAW_OFFCR_IND,WZ_LN_CLOSURE,WZ_MOVING,WZ_OTHER,WZ_SHLDER_MDN,FLAG_CRN,INTERSTATE,STATE_ROAD,LOCAL_ROAD,LOCAL_ROAD_ONLY,TURNPIKE,WET_ROAD,SNOW_SLUSH_ROAD,ICY_ROAD,SUDDEN_DEER,SHLDR_RELATED,REAR_END,HO_OPPDIR_SDSWP,HIT_FIXED_OBJECT,SV_RUN_OFF_RD,WORK_ZONE,PROPERTY_DAMAGE_ONLY,FATAL_OR_MAJ_INJ,INJURY,FATAL,NON_INTERSECTION,INTERSECTION,SIGNALIZED_INT,STOP_CONTROLLED_INT,UNSIGNALIZED_INT,SCHOOL_BUS,SCHOOL_ZONE,HIT_DEER,HIT_TREE_SHRUB,HIT_EMBANKMENT,HIT_POLE,HIT_GDRAIL,HIT_GDRAIL_END,HIT_BARRIER,HIT_BRIDGE,OVERTURNED,MOTORCYCLE,BICYCLE,HVY_TRUCK_RELATED,VEHICLE_FAILURE,TRAIN_TROLLEY,PHANTOM_VEHICLE,ALCOHOL_RELATED,DRINKING_DRIVER,UNDERAGE_DRNK_DRV,UNLICENSED,CELL_PHONE,NO_CLEARANCE,RUNNING_RED_LT,TAILGATING,CROSS_MEDIAN,CURVE_DVR_ERROR,LIMIT_65MPH,SPEEDING,SPEEDING_RELATED,AGGRESSIVE_DRIVING,FATIGUE_ASLEEP,DRIVER_16YR,DRIVER_17YR,DRIVER_65_74YR,DRIVER_75PLUS,UNBELTED,PEDESTRIAN,DISTRACTED,CURVED_ROAD,DRIVER_18YR,DRIVER_19YR,DRIVER_20YR,DRIVER_50_64YR,VEHICLE_TOWED,FIRE_IN_VEHICLE,HIT_PARKED_VEHICLE,MC_DRINKING_DRIVER,DRUGGED_DRIVER,INJURY_OR_FATAL,COMM_VEHICLE,IMPAIRED_DRIVER,DEER_RELATED,DRUG_RELATED,HAZARDOUS_TRUCK,ILLEGAL_DRUG_RELATED,ILLUMINATION_DARK,MINOR_INJURY,MODERATE_INJURY,MAJOR_INJURY,NHTSA_AGG_DRIVING,PSP_REPORTED,RUNNING_STOP_SIGN,TRAIN,TROLLEY,ROADWAY_CRN,RDWY_SEQ_NUM,ADJ_RDWY_SEQ,ACCESS_CTRL,ROADWAY_COUNTY,LANE_COUNT,RDWY_ORIENT,ROAD_OWNER,ROUTE,SPEED_LIMIT,SEGMENT,OFFSET,STREET_NAME,TOT_INJ_COUNT,SCHOOL_BUS_UNIT
5189,2024075726,11,02,02473,02473,2024,08,6,,,,3,1,4,1,03,2,2,07,0,0,2,3,2,2,0,0,0,0,0,0,0,0,0,0,,0,0,0,0,0,0,0,0,0,0,0,0,0,0,0,0,0,0,0,0,0,0,0,1,1,40 21:10.951,79 55:02.126,40.353042,-79.917257,,,4,N,,,3,N,0,,,,,,,,,,,,2024075726,0,1,1,0,0,0,0,0,0,0,0,0,0,0,0,1,0,0,0,0,1,1,0,0,0,0,0,0,0,0,0,0,0,0,0,0,0,0,0,0,0,0,0,0,0,0,0,0,0,0,0,0,0,0,1,0,0,0,1,1,0,0,0,0,0,0,0,0,1,0,0,0,0,0,0,0,0,0,0,0,0,0,,0,1,0,0,0,0,2024075726,4,,,02,,S,4,,25,,,RODEO DR,0,
5190,2024075732,11,02,02473,02473,2024,08,4,,,,3,1,7,1,00,0,2,00,0,0,1,1,1,0,0,0,0,0,1,0,0,0,0,0,,0,0,0,0,0,0,0,0,0,0,0,0,0,0,0,0,0,0,0,0,0,0,0,0,0,40 21:40.505,79 54:19.773,40.361251,-79.905493,,,3,N,,,,N,0,,,,,,,,,,,,2024075732,0,1,0,0,0,0,0,0,0,0,0,0,1,1,0,1,0,0,0,1,0,0,0,0,0,0,0,0,0,0,0,0,0,0,0,0,0,0,0,0,0,0,0,0,0,0,0,0,0,0,0,0,0,0,0,0,0,0,0,0,0,0,0,1,0,0,0,0,1,0,0,0,0,0,0,0,0,0,0,0,1,0,,0,0,0,0,0,0,2024075732,3,,3,02,,E,2,2052,35,,711,THOMPSON RUN RD,0,
5191,2024075735,11,02,02304,02304,2024,09,1,,,,3,1,4,1,02,0,2,00,0,0,2,2,2,0,0,0,1,0,1,0,0,0,1,1,,0,0,0,1,0,1,0,0,0,0,0,0,0,0,0,0,2,0,0,0,0,0,1,0,0,40 21:12.122,79 50:14.247,40.353367,-79.837291,,,6,N,,,,Y,0,,,,,,,,,,,,2024075735,0,1,1,0,0,0,0,0,0,0,0,0,0,0,0,0,1,1,0,0,1,0,0,1,0,0,0,0,0,0,0,0,0,0,1,0,0,0,0,0,0,0,0,0,0,0,0,0,0,0,0,0,0,0,1,0,0,0,0,0,1,0,0,0,0,0,0,1,1,0,0,0,0,1,0,0,0,0,0,0,0,0,,1,1,0,0,0,0,2024075735,5,,,02,,W,4,,25,,,ELM ST,1,
5192,2024075748,11,02,02113,02113,2024,08,7,,,,7,9,7,2,00,0,2,00,0,0,1,1,1,1,0,0,0,0,0,0,0,0,0,0,,0,0,0,0,0,0,0,0,0,0,0,0,0,0,0,0,0,0,0,0,0,0,0,0,0,40 29:24.492,79 50:59.973,40.490137,-79.849993,,,,Y,,,,,0,,,,,,,,,,,,2024075748,0,1,0,0,0,1,0,0,0,0,0,0,1,1,0,1,0,0,0,1,0,0,0,0,0,0,0,0,0,0,0,1,0,0,0,0,0,0,0,0,0,0,0,0,0,0,0,0,0,0,0,0,0,0,0,0,0,0,0,0,0,0,0,0,0,0,0,0,1,0,0,0,0,0,0,0,0,0,0,0,1,0,,0,0,0,0,0,0,2024075748,3,,3,02,,S,2,2073,45,,2640,ALLEGHENY RIVER BL,0,
5193,2024075755,11,02,02108,02108,2024,09,1,,,,3,1,7,4,00,0,2,00,0,0,1,3,1,1,0,0,0,0,0,0,0,0,0,0,,0,0,0,0,0,0,0,0,0,0,0,0,0,0,0,0,0,0,1,0,0,0,0,0,0,40 36:29.300,80 02:45.100,40.608139,-80.045861,,,3,N,,,,N,0,,,,,,,,,,,,2024075755,0,0,1,1,0,0,0,0,0,0,0,0,1,1,0,1,0,0,0,1,0,0,0,0,0,0,0,0,1,0,0,0,0,0,0,0,0,0,0,0,0,0,0,0,0,0,0,0,0,0,0,0,1,1,1,0,0,1,0,0,0,0,0,1,0,0,0,0,1,0,0,0,0,0,0,0,0,0,0,0,1,0,,0,0,0,0,0,0,2024075755,3,,3,02,2,E,4,ABTA,35,,,REICHOLD RD,0,
5194,2024075766,11,02,02407,02047,2024,08,6,,,,3,1,2,1,00,2,2,00,1,0,2,4,2,0,0,0,0,0,1,1,0,0,1,0,,1,0,0,2,0,0,0,0,0,0,0,0,0,0,0,0,3,0,0,0,0,0,0,0,0,40 20:13.720,80 02:47.040,40.337144,-80.0464,,,3,N,,,,N,0,,,,,,,,,,,,2024075766,0,0,1,1,0,0,0,0,0,0,0,1,0,0,0,0,0,1,0,1,0,0,0,0,0,0,0,0,0,0,0,0,0,0,0,0,0,0,1,0,0,0,0,0,0,0,0,0,0,0,0,0,0,0,0,0,0,0,0,0,1,0,0,0,0,0,0,0,1,0,0,0,0,1,0,0,0,0,0,0,0,1,,0,0,0,0,0,0,2024075766,3,,,02,,E,4,,35,,,BETHEL CHURCH RD,1,
5195,2024075788,11,02,02214,02214,2024,09,1,,,,3,1,4,1,02,0,2,00,0,0,2,3,2,0,1,0,0,0,1,0,0,0,1,1,,0,0,0,0,0,0,0,0,0,1,0,0,0,0,0,0,2,0,0,0,0,0,1,0,0,40 26:44.762,80 14:39.915,40.445767,-80.244421,,,2,N,,,,N,0,,,,,,,,,,,,2024075788,0,1,1,0,0,0,0,0,0,0,0,0,0,0,0,0,1,1,0,0,1,0,0,1,0,0,0,0,0,0,0,0,0,0,0,1,0,0,0,0,0,0,0,0,0,0,0,0,0,0,0,0,0,0,1,0,0,0,0,0,0,0,0,1,0,0,0,1,1,0,0,0,0,1,0,0,0,0,0,0,0,0,,1,0,0,0,0,0,2024075788,4,,,02,,W,4,,25,,,VALLEY VIEW DR,1,
5196,2024075795,11,02,02466,02466,2024,09,2,,,,7,9,4,1,02,3,2,00,0,0,2,2,2,1,0,0,0,0,1,0,0,0,1,0,,1,0,0,0,0,0,0,0,0,0,0,0,0,0,0,0,3,0,0,0,0,0,0,0,0,40 29:30.263,79 47:06.246,40.49174,-79.785068,,,7,N,,,,N,0,,,,,,,,,,,,2024075795,0,1,1,0,0,1,0,0,0,0,0,0,0,0,0,0,0,1,0,0,1,0,1,1,0,0,0,0,0,0,0,0,0,0,0,0,0,0,0,0,0,0,0,0,0,0,1,0,0,0,0,0,0,1,1,0,0,0,0,0,0,0,0,1,0,0,0,0,1,0,0,0,0,1,0,0,0,0,0,0,1,1,,0,0,0,0,0,0,2024075795,3,,,02,,N,4,,35,,,UNITY CENTER RD,1,
5197,2024075799,11,02,02219,02219,2024,08,5,,,,3,1,0,1,00,0,2,00,0,0,1,2,1,0,0,0,0,0,1,0,0,0,1,0,,0,1,0,0,0,0,0,0,0,0,0,0,0,0,0,0,8,0,0,0,0,0,0,0,0,40 18:56.096,79 59:32.768,40.315582,-79.992436,,,6,N,,,,N,0,,,,,,,,,,,,2024075799,0,0,1,1,0,0,0,0,0,0,0,0,0,1,0,0,0,1,0,1,0,0,0,0,0,0,0,0,0,0,0,0,0,0,0,0,0,0,0,0,0,0,0,0,0,0,0,0,0,0,0,0,0,0,0,0,0,0,0,0,0,0,0,1,0,0,0,0,1,0,0,0,0,1,0,0,0,0,0,0,0,0,,0,0,0,0,0,0,2024075799,3,,3,02,,W,4,AG1T,25,,,WILSON RD,1,
5198,2024075809,11,02,02413,02413,2024,08,5,,,,,1,4,1,02,3,2,00,0,0,2,3,2,0,0,0,0,0,2,0,0,0,1,0,,0,1,0,0,0,0,0,0,0,0,0,0,0,0,0,0,8,0,1,0,0,0,0,0,0,40 22:11.113,79 58:31.009,40.369754,-79.97528,,,1,N,,,,N,0,,,,,,,,,,,,2024075809,0,0,1,1,0,0,0,0,0,0,0,0,0,0,0,0,0,1,0,0,1,0,1,1,0,0,0,0,0,0,0,0,0,0,0,0,0,0,0,0,0,0,0,0,0,0,1,0,0,0,0,0,0,0,1,0,0,1,0,0,0,0,0,1,0,0,0,0,1,0,0,0,0,1,0,0,0,0,0,0,0,0,,0,0,0,0,0,0,2024075809,3,,3,02,,N,4,AJVR,25,,,BROWNSVILLE RD,1,
5199,2024075834,11,02,02214,68B03,2024,07,7,,,,3,1,7,3,00,0,2,00,0,0,1,1,1,1,0,0,0,0,0,0,0,0,0,0,,0,0,0,0,0,0,0,0,0,0,0,0,0,0,0,0,0,0,0,0,0,0,0,0,0,40 25:50.330,80 15:39.049,40.430647,-80.260847,,,,N,,,,,0,,,,,,,,,,,,2024075834,0,1,0,0,0,0,0,0,0,0,0,0,1,1,0,1,0,0,0,1,0,0,0,0,0,0,0,0,0,0,0,0,1,0,0,0,0,0,0,0,0,1,1,0,0,0,0,0,0,0,0,0,0,0,0,0,0,0,0,0,0,0,0,0,0,0,0,0,1,0,0,0,0,0,0,1,0,0,0,0,1,0,,0,0,1,0,0,0,2024075834,3,,1,02,,W,2,0022,55,,909,SR 0022 SH,0,
5200,2024075836,11,02,02108,02116,2024,08,3,,,,3,1,1,1,00,2,2,00,0,0,4,5,4,1,0,0,0,0,3,0,0,0,1,1,,0,0,0,0,0,0,0,0,0,0,0,0,0,0,0,0,2,0,0,0,0,0,1,0,0,40 33:03.073,80 01:10.399,40.550854,-80.019555,,,2,N,,,,Y,0,,,,,,,,,,,,2024075836,0,1,0,0,0,0,0,0,0,0,1,0,0,0,0,0,1,1,0,1,0,0,0,0,0,0,0,0,0,0,0,0,0,0,0,0,0,0,0,0,0,1,1,0,0,0,0,0,0,0,0,0,0,1,1,0,0,0,0,0,0,0,0,0,0,0,0,1,1,0,0,0,0,1,0,1,0,0,0,0,0,0,,1,0,0,0,0,0,2024075836,3,,3,02,,S,2,4003,40,,1967,MCKNIGHT RD,1,
5201,2024075880,11,02,02446,02446,2024,08,3,,,,3,1,4,1,01,3,2,00,0,0,2,3,2,1,0,0,0,0,0,1,0,0,0,0,,0,0,0,0,0,0,0,0,0,0,0,0,0,0,0,0,0,0,0,0,0,0,0,0,0,40 26:57.052,79 45:44.083,40.449181,-79.762245,,,3,N,,,,N,0,,,,,,,,,,,,2024075880,0,0,1,1,0,0,0,0,0,0,0,0,0,0,0,1,0,0,0,0,1,0,1,1,0,0,0,0,0,0,0,0,0,0,0,0,0,0,0,0,0,0,0,0,0,0,1,0,0,0,0,0,0,0,1,0,0,0,0,0,0,0,0,0,0,0,0,0,1,0,0,0,0,0,0,0,0,0,0,0,0,0,,0,0,0,0,0,0,2024075880,3,,3,02,,N,4,ALJO,25,,,LOGANS FERRY DR,0,
5202,2024075888,11,02,02209,02209,2024,09,1,,,,7,9,7,4,00,0,1,00,0,0,1,2,1,0,0,0,0,0,1,0,0,0,0,0,,0,0,0,0,0,0,0,0,0,0,0,0,0,0,0,0,0,0,0,0,0,1,0,0,0,40 34:48.211,79 50:13.632,40.580059,-79.83712,,,1,N,,,,N,0,,,,,,,,,,,,2024075888,0,1,0,0,0,1,0,0,1,0,0,0,1,1,0,1,0,0,0,1,0,0,0,0,0,0,0,0,0,1,0,0,0,0,0,0,0,0,0,0,0,0,0,0,0,0,0,0,0,0,0,0,0,1,1,0,0,0,0,0,0,0,0,1,0,0,1,0,1,0,0,0,0,0,0,0,1,0,0,0,1,0,,0,0,0,0,0,0,2024075888,3,,3,02,,N,2,1025,35,,753,RICH HILL RD,0,
5203,2024075889,11,02,02118,02118,2024,09,1,,,,3,1,0,1,01,2,2,00,0,0,1,1,1,0,1,0,0,0,0,0,0,0,1,0,,1,0,0,0,0,0,0,0,0,0,0,0,0,0,0,0,3,0,0,0,0,0,0,0,0,40 30:41.780,79 56:50.760,40.511606,-79.947433,,,,N,,,,,0,,,,,,,,,,,,2024075889,0,1,0,0,0,0,0,0,0,0,0,0,0,1,0,0,0,1,0,0,1,1,0,0,0,0,0,0,0,0,0,0,0,0,0,1,0,0,0,0,0,0,0,0,0,0,0,0,0,0,0,0,0,0,1,0,0,0,0,0,0,0,0,0,0,0,0,0,0,0,0,0,0,1,0,0,0,0,0,0,0,1,,0,0,0,0,0,0,2024075889,3,,3,02,,N,2,0008,35,,1885,BUTLER ST,1,
5204,2024075894,11,02,02116,02116,2024,09,2,,,,3,1,1,1,02,2,2,07,0,0,4,3,3,0,1,0,1,0,1,0,0,0,1,0,,0,1,0,0,0,0,0,0,0,0,0,0,0,0,0,0,8,0,0,0,0,0,0,0,0,40 32:31.279,80 00:46.985,40.542022,-80.013051,,,,N,,,,,0,,,,,,,,,,,,2024075894,0,1,1,0,0,0,0,0,0,0,1,0,0,0,0,0,0,1,0,0,1,1,0,0,0,0,0,0,0,0,0,0,0,0,0,1,0,0,0,0,1,0,0,0,0,0,0,0,0,0,0,0,0,0,1,0,0,0,0,0,0,0,0,0,0,0,0,0,1,0,0,0,0,1,0,0,0,0,0,0,0,0,,0,1,0,0,0,0,2024075894,4,,3,02,,N,4,4003,40,,0,MCKNIGHT RD,1,
5205,2024075902,11,02,02119,02102,2024,08,5,,,,3,1,4,1,03,2,2,00,0,0,2,2,2,1,0,0,0,0,1,0,0,0,0,0,,0,0,0,0,0,0,0,0,0,0,0,0,0,0,0,0,0,0,0,0,0,0,1,0,0,40 21:16.267,80 06:53.157,40.354519,-80.114766,,,2,N,,,,N,0,,,,,,,,,,,,2024075902,0,1,0,0,0,0,0,0,0,0,0,0,0,0,0,1,0,0,0,0,1,1,0,0,0,0,0,0,0,0,0,0,0,0,0,0,0,0,0,0,0,0,0,0,0,0,0,0,0,0,0,0,0,0,1,0,0,0,0,0,0,0,0,1,0,0,0,1,1,0,0,0,0,0,0,0,0,0,0,0,0,0,,0,0,0,0,0,0,2024075902,3,,3,02,,W,2,0050,40,,0,WASHINGTON AV,0,
5206,2024075906,11,02,02209,02209,2024,08,5,,,,3,1,6,1,00,0,1,00,0,0,2,3,2,1,0,0,1,0,0,0,0,0,1,0,,1,0,0,0,0,0,0,0,0,0,0,0,0,0,0,0,3,0,0,0,0,0,1,0,0,40 34:00.980,79 50:27.410,40.566939,-79.840947,,,,N,,,,,0,,,,,,,,,,,,2024075906,0,0,1,1,0,0,0,0,0,0,0,1,0,0,0,0,0,1,0,1,0,0,0,0,0,0,0,0,0,0,0,0,0,0,0,0,0,0,0,0,0,1,1,0,0,0,0,0,0,1,0,0,0,0,0,0,0,0,0,0,0,0,0,0,0,0,0,1,1,0,0,0,0,1,0,1,0,0,0,0,1,1,,0,0,0,0,0,0,2024075906,3,,3,02,2,N,4,AF39,25,,,RICH HILL RD,1,
5207,2024075941,11,02,02448,02448,2024,09,2,,,,3,1,7,5,01,0,2,00,0,0,1,1,1,0,0,0,0,0,1,0,0,0,1,0,,1,0,0,0,0,0,0,0,0,0,0,0,0,0,0,0,3,0,0,0,0,0,0,0,0,40 23:11.895,79 54:19.890,40.386638,-79.905525,,,5,N,,,,Y,0,,,,,,,,,,,,2024075941,0,0,1,1,0,0,0,0,0,0,0,0,1,1,0,0,0,1,0,0,1,0,0,1,0,0,0,0,0,0,0,0,0,0,0,0,0,0,1,0,0,0,0,0,0,0,0,0,0,0,0,0,0,0,1,0,0,0,0,0,0,0,0,0,0,0,0,0,1,0,0,0,0,1,0,0,0,0,0,0,0,1,,0,0,0,0,0,0,2024075941,3,,3,02,,W,4,ALR2,25,,,VIRGINIA AV,1,
5208,2024075945,11,02,02302,02302,2024,08,7,,,,4,1,7,5,00,0,2,00,0,0,1,1,1,1,0,0,0,0,0,0,0,0,1,0,,0,1,0,0,0,0,0,0,0,0,0,0,0,0,0,0,8,0,0,0,0,0,1,0,0,40 17:13.968,79 53:37.354,40.287213,-79.893709,,,,N,,,,N,0,,,,,,,,,,,,2024075945,0,1,0,0,0,0,0,0,0,0,0,0,1,1,0,0,0,1,0,1,0,0,0,0,0,0,0,0,0,1,0,0,0,0,0,0,0,0,0,0,0,0,0,0,0,0,0,0,0,0,0,0,0,0,0,0,0,0,0,0,0,0,0,0,0,0,0,1,1,0,0,0,0,1,0,0,0,0,0,0,0,0,,0,0,0,0,0,0,2024075945,3,,3,02,,E,2,2028,35,,681,DESIDERIO BL,1,
5209,2024075950,11,02,02204,02105,2024,09,2,,,,3,1,1,1,06,0,2,02,0,0,2,3,2,2,0,0,0,0,0,0,0,0,0,0,,0,0,0,0,0,0,0,0,0,0,0,0,0,0,0,0,0,0,0,0,0,0,1,0,0,40 13:05.354,79 50:38.523,40.218154,-79.844034,,,1,N,,,,Y,0,,,,,,,,,,,,2024075950,0,1,0,0,0,0,0,0,0,0,1,0,0,0,0,1,0,0,0,0,1,0,0,1,0,0,0,0,0,0,0,0,0,0,0,0,0,0,0,0,0,0,0,0,0,0,0,0,1,0,0,0,0,0,1,0,0,0,0,0,0,0,0,0,0,0,0,1,1,0,0,0,0,0,0,0,0,0,0,0,0,0,,0,0,0,0,0,0,2024075950,3,,2,02,,N,2,0051,50,,530,HAYDEN BL,0,
5210,2024075951,11,02,02111,02111,2024,08,3,,,,3,1,6,1,00,0,2,00,0,0,2,3,2,2,0,0,0,0,0,0,0,0,1,0,,0,1,0,0,0,0,0,0,0,0,0,0,0,0,0,0,8,0,0,0,1,0,0,0,0,40 22:21.469,79 47:55.660,40.37263,-79.798794,,,5,N,,,,Y,0,,,,,,,,,,,,2024075951,0,1,0,0,0,0,0,0,0,0,0,1,0,0,0,0,0,1,0,1,0,0,0,0,0,0,0,0,0,0,0,0,0,0,0,0,0,0,0,0,0,0,0,0,0,0,0,0,0,0,1,0,1,1,1,0,0,0,0,0,0,0,0,1,0,1,0,0,1,0,0,0,0,1,0,0,0,0,0,0,1,0,,0,0,0,0,0,0,2024075951,3,,3,02,2,S,2,2031,35,,2265,FOSTER RD,1,
5211,2024075981,11,02,02304,02304,2024,09,2,,,,3,1,4,1,01,2,2,00,0,0,2,3,2,0,0,0,0,0,2,0,0,0,0,0,,0,0,0,0,0,0,0,0,0,0,0,0,0,0,0,0,0,0,0,0,0,0,0,1,0,40 20:24.028,79 49:36.297,40.340008,-79.826749,,,6,N,,,3,N,0,,,,,,,,,,,,2024075981,0,0,1,1,0,0,0,0,0,0,0,0,0,0,0,1,0,0,0,0,1,1,0,0,0,0,0,0,0,0,0,0,0,0,0,0,0,0,0,0,0,1,1,0,0,0,0,0,0,0,0,0,0,0,1,0,0,0,1,0,0,0,0,0,0,0,0,0,1,0,0,0,0,0,0,1,0,0,0,0,1,0,,0,0,0,0,0,0,2024075981,3,,,02,,W,4,,25,,,TULIP DR,0,
5212,2024076059,11,02,02301,68B03,2024,06,2,,,,3,1,7,2,00,0,2,00,0,0,1,2,1,1,0,0,0,0,0,0,0,0,1,0,,1,0,0,0,0,0,0,0,0,0,0,0,0,0,0,0,3,0,0,0,0,0,0,0,0,40 25:31.882,79 54:21.401,40.425523,-79.905945,,,3,N,,,,N,0,,,,,,,,,,,,2024076059,1,1,0,0,0,0,0,0,0,0,0,0,1,1,0,0,0,1,0,1,0,0,0,0,0,0,0,0,0,0,0,0,1,0,1,0,0,0,0,0,0,0,0,0,0,0,0,0,0,0,0,0,0,0,1,0,0,0,0,0,0,0,0,0,0,0,0,0,1,0,0,0,0,1,0,0,0,0,0,0,1,1,,0,0,1,0,0,0,2024076059,3,,1,02,,E,1,0376,55,,512,PENN LINCOLN PY,1,
5213,2024076060,11,02,02426,68B03,2024,07,5,,,,3,1,1,1,00,0,2,00,0,0,3,3,3,2,0,0,0,0,1,0,0,0,2,0,,2,0,0,0,0,0,0,0,0,0,0,0,0,0,0,0,3,0,0,0,0,0,1,0,0,40 25:46.248,79 53:10.962,40.429513,-79.886378,,,4,N,,,,N,0,,,,,,,,,,,,2024076060,1,1,0,0,0,0,0,0,0,0,1,0,0,0,0,0,0,1,0,1,0,0,0,0,0,0,0,0,0,0,0,0,0,0,0,0,0,0,0,0,0,0,0,0,0,0,0,0,0,0,0,0,0,1,1,0,0,0,0,0,0,0,0,0,0,0,0,1,1,0,0,0,0,1,0,0,0,0,0,0,0,1,,0,0,1,0,0,0,2024076060,3,,1,02,,W,1,0376,55,,2106,PENN LINCOLN PY,2,
5214,2024076065,11,02,02466,02466,2024,08,6,,,,3,1,4,1,01,3,1,00,0,0,2,2,2,1,0,0,0,0,1,0,0,0,0,0,,0,0,0,0,0,0,0,0,0,0,0,0,0,0,0,0,0,0,1,0,0,0,0,0,0,40 31:01.521,79 43:35.729,40.517089,-79.726591,,,7,N,,,,N,0,,,,,,,,,,,,2024076065,0,1,0,0,0,0,0,0,0,0,0,0,0,0,0,1,0,0,0,0,1,0,1,1,0,0,0,0,0,0,0,0,0,0,0,0,0,0,0,0,0,0,0,0,0,0,0,0,0,0,0,0,0,0,1,0,0,1,0,0,0,0,0,0,0,0,0,0,1,0,0,0,0,0,0,0,0,0,0,0,0,0,,0,0,0,0,0,0,2024076065,3,,3,02,2,N,2,2076,35,,1570,OLD LEECHBURG RD,0,
5215,2024076095,11,02,02209,02209,2024,09,3,,,,3,1,2,1,00,0,2,00,0,0,3,4,3,1,0,0,1,0,1,0,0,0,3,0,,3,0,0,2,0,0,0,0,0,0,0,0,0,0,0,0,3,0,0,0,0,0,1,0,0,40 35:11.294,79 52:50.109,40.586471,-79.880586,,,5,N,,,,Y,0,,,,,,,,,,,,2024076095,0,1,0,0,0,0,0,0,0,0,0,1,0,0,0,0,0,1,0,1,0,0,0,0,0,0,0,0,0,0,0,0,0,0,0,0,0,0,0,0,0,0,0,0,0,0,0,0,0,1,1,0,0,0,0,0,0,0,0,0,1,0,0,1,0,0,0,1,1,0,0,0,1,1,0,1,0,1,0,1,0,1,,0,0,0,0,0,0,2024076095,3,,3,02,,N,2,1013,45,,505,SAXONBURG BL,3,
5216,2024076101,11,02,02446,02446,2024,08,3,,,,3,1,4,1,01,0,2,00,0,0,2,3,2,0,0,0,0,0,2,0,0,0,1,0,,0,1,0,0,0,0,0,0,0,0,0,0,0,0,0,0,8,0,0,0,0,0,1,0,0,40 26:05.638,79 45:17.257,40.434899,-79.754794,,,,N,,,,,0,,,,,,,,,,,,2024076101,0,1,1,0,0,0,0,0,0,0,0,0,0,0,0,0,0,1,0,0,1,0,0,1,0,0,0,0,0,0,0,0,0,0,0,0,0,0,0,0,0,0,0,0,0,0,1,0,0,0,0,0,0,0,1,0,0,0,0,0,0,0,0,0,0,0,0,1,1,0,0,0,0,1,0,0,0,0,0,0,0,0,,0,0,0,0,0,0,2024076101,5,,,02,,E,4,,25,,,DAUGHERTY DR,1,
5217,2024076103,11,02,02415,02415,2024,09,2,,,,3,1,7,5,02,3,2,00,0,0,1,1,1,0,0,0,0,0,1,0,0,0,0,0,,0,0,0,0,0,0,0,0,0,0,0,0,0,0,0,0,0,0,0,0,0,0,0,0,0,40 25:05.660,80 05:27.473,40.418239,-80.090965,,,4,N,,,,N,0,,,,,,,,,,,,2024076103,0,0,1,1,0,0,0,0,0,0,0,0,1,1,0,1,0,0,0,0,1,0,1,1,0,0,0,0,0,0,0,0,0,0,0,0,0,0,0,0,0,0,0,0,0,0,0,0,0,0,0,0,0,0,0,0,0,0,0,0,0,0,0,0,0,0,0,0,1,0,0,0,0,0,0,0,0,0,0,0,0,0,,0,0,0,0,0,0,2024076103,3,,3,02,2,N,4,AK2R,25,,,BELL AV,0,