_id,CRASH_CRN,DISTRICT,CRASH_COUNTY,MUNICIPALITY,POLICE_AGCY,CRASH_YEAR,CRASH_MONTH,DAY_OF_WEEK,TIME_OF_DAY,HOUR_OF_DAY,ILLUMINATION,WEATHER,ROAD_CONDITION,COLLISION_TYPE,RELATION_TO_ROAD,INTERSECT_TYPE,TCD_TYPE,URBAN_RURAL,LOCATION_TYPE,SCH_BUS_IND,SCH_ZONE_IND,TOTAL_UNITS,PERSON_COUNT,VEHICLE_COUNT,AUTOMOBILE_COUNT,MOTORCYCLE_COUNT,BUS_COUNT,SMALL_TRUCK_COUNT,HEAVY_TRUCK_COUNT,SUV_COUNT,VAN_COUNT,BICYCLE_COUNT,FATAL_COUNT,INJURY_COUNT,MAJ_INJ_COUNT,MOD_INJ_COUNT,MIN_INJ_COUNT,UNK_INJ_DEG_COUNT,UNK_INJ_PER_COUNT,UNBELTED_OCC_COUNT,UNB_DEATH_COUNT,UNB_MAJ_INJ_COUNT,BELTED_DEATH_COUNT,BELTED_MAJ_INJ_COUNT,MCYCLE_DEATH_COUNT,MCYCLE_MAJ_INJ_COUNT,BICYCLE_DEATH_COUNT,BICYCLE_MAJ_INJ_COUNT,PED_COUNT,PED_DEATH_COUNT,PED_MAJ_INJ_COUNT,COMM_VEH_COUNT,MAX_SEVERITY_LEVEL,DRIVER_COUNT_16YR,DRIVER_COUNT_17YR,DRIVER_COUNT_18YR,DRIVER_COUNT_19YR,DRIVER_COUNT_20YR,DRIVER_COUNT_50_64YR,DRIVER_COUNT_65_74YR,DRIVER_COUNT_75PLUS,LATITUDE,LONGITUDE,DEC_LAT,DEC_LONG,EST_HRS_CLOSED,LANE_CLOSED,LN_CLOSE_DIR,NTFY_HIWY_MAINT,RDWY_SURF_TYPE_CD,SPEC_JURIS_CD,TCD_FUNC_CD,TFC_DETOUR_IND,WORK_ZONE_IND,WORK_ZONE_TYPE,WORK_ZONE_LOC,CONS_ZONE_SPD_LIM,WORKERS_PRES,WZ_CLOSE_DETOUR,WZ_FLAGGER,WZ_LAW_OFFCR_IND,WZ_LN_CLOSURE,WZ_MOVING,WZ_OTHER,WZ_SHLDER_MDN,FLAG_CRN,INTERSTATE,STATE_ROAD,LOCAL_ROAD,LOCAL_ROAD_ONLY,TURNPIKE,WET_ROAD,SNOW_SLUSH_ROAD,ICY_ROAD,SUDDEN_DEER,SHLDR_RELATED,REAR_END,HO_OPPDIR_SDSWP,HIT_FIXED_OBJECT,SV_RUN_OFF_RD,WORK_ZONE,PROPERTY_DAMAGE_ONLY,FATAL_OR_MAJ_INJ,INJURY,FATAL,NON_INTERSECTION,INTERSECTION,SIGNALIZED_INT,STOP_CONTROLLED_INT,UNSIGNALIZED_INT,SCHOOL_BUS,SCHOOL_ZONE,HIT_DEER,HIT_TREE_SHRUB,HIT_EMBANKMENT,HIT_POLE,HIT_GDRAIL,HIT_GDRAIL_END,HIT_BARRIER,HIT_BRIDGE,OVERTURNED,MOTORCYCLE,BICYCLE,HVY_TRUCK_RELATED,VEHICLE_FAILURE,TRAIN_TROLLEY,PHANTOM_VEHICLE,ALCOHOL_RELATED,DRINKING_DRIVER,UNDERAGE_DRNK_DRV,UNLICENSED,CELL_PHONE,NO_CLEARANCE,RUNNING_RED_LT,TAILGATING,CROSS_MEDIAN,CURVE_DVR_ERROR,LIMIT_65MPH,SPEEDING,SPEEDING_RELATED,AGGRESSIVE_DRIVING,FATIGUE_ASLEEP,DRIVER_16YR,DRIVER_17YR,DRIVER_65_74YR,DRIVER_75PLUS,UNBELTED,PEDESTRIAN,DISTRACTED,CURVED_ROAD,DRIVER_18YR,DRIVER_19YR,DRIVER_20YR,DRIVER_50_64YR,VEHICLE_TOWED,FIRE_IN_VEHICLE,HIT_PARKED_VEHICLE,MC_DRINKING_DRIVER,DRUGGED_DRIVER,INJURY_OR_FATAL,COMM_VEHICLE,IMPAIRED_DRIVER,DEER_RELATED,DRUG_RELATED,HAZARDOUS_TRUCK,ILLEGAL_DRUG_RELATED,ILLUMINATION_DARK,MINOR_INJURY,MODERATE_INJURY,MAJOR_INJURY,NHTSA_AGG_DRIVING,PSP_REPORTED,RUNNING_STOP_SIGN,TRAIN,TROLLEY,ROADWAY_CRN,RDWY_SEQ_NUM,ADJ_RDWY_SEQ,ACCESS_CTRL,ROADWAY_COUNTY,LANE_COUNT,RDWY_ORIENT,ROAD_OWNER,ROUTE,SPEED_LIMIT,SEGMENT,OFFSET,STREET_NAME,TOT_INJ_COUNT,SCHOOL_BUS_UNIT
5306,2024077580,11,02,02102,02102,2024,09,4,,,,3,1,4,1,00,0,2,00,0,0,2,2,2,2,0,0,0,0,0,0,0,0,0,0,,0,0,0,0,0,0,0,0,0,0,0,0,0,0,0,0,0,0,0,0,0,0,1,0,0,40 23:55.547,80 06:14.859,40.398763,-80.104128,,,,N,,,,,0,,,,,,,,,,,,2024077580,0,1,0,0,0,0,0,0,0,0,0,0,0,0,0,1,0,0,0,1,0,0,0,0,0,0,0,0,0,0,0,0,0,0,0,0,0,0,0,0,0,0,0,0,0,0,0,0,0,0,0,0,0,0,1,0,0,0,0,0,0,0,0,0,0,0,0,1,1,0,0,0,0,0,0,0,0,0,0,0,0,0,,0,0,0,0,0,0,2024077580,3,,3,02,,E,2,3048,35,,2203,NOBLESTOWN RD,0,
5307,2024077619,11,02,02301,68B03,2024,08,7,,,,7,8,7,3,00,0,2,00,0,0,1,1,1,0,0,0,0,0,1,0,0,0,0,0,,0,0,1,0,0,0,0,0,0,0,0,0,0,0,0,0,9,0,0,0,0,0,0,0,0,40 25:19.362,80 01:50.691,40.422045,-80.030748,,,4,N,,,,N,0,,,,,,,,,,,,2024077619,1,1,0,0,0,1,0,0,0,0,0,0,1,1,0,0,0,0,0,1,0,0,0,0,0,0,0,0,0,0,0,0,1,0,0,0,0,0,0,0,0,0,0,0,0,0,0,0,0,0,0,0,0,1,1,0,0,0,0,0,0,0,0,1,0,0,0,0,1,0,0,0,0,0,0,0,0,0,0,0,1,0,,0,0,1,0,0,0,2024077619,3,,1,02,3,W,1,0376,55,,904,PENN LINCOLN PY,0,
5308,2024077637,11,02,02477,02477,2024,09,7,,,,3,1,4,1,02,4,2,00,0,0,2,4,2,0,0,0,0,0,2,0,0,0,0,0,,0,0,0,4,0,0,0,0,0,0,0,0,0,0,0,0,0,0,0,0,0,0,1,0,0,40 21:15.011,79 49:27.892,40.35417,-79.824414,,,,N,,,,,0,,,,,,,,,,,,2024077637,0,0,1,1,0,0,0,0,0,0,0,0,0,0,0,1,0,0,0,0,1,0,0,1,0,0,0,0,0,0,0,0,0,0,0,0,0,0,0,0,0,0,0,0,0,0,1,0,0,0,0,0,0,0,1,0,0,0,0,0,1,0,0,0,0,0,0,1,1,0,0,0,0,0,0,0,0,0,0,0,0,0,,0,0,0,0,0,0,2024077637,3,,,02,,E,4,,25,,,LINCOLN WY,0,
5309,2024077664,11,02,02208,02208,2024,09,7,,,,3,1,5,1,01,8,2,02,0,0,2,3,2,0,1,0,0,0,1,0,0,0,2,0,,2,0,0,0,0,0,0,0,0,0,0,0,0,0,0,0,3,0,0,0,0,0,1,0,0,40 32:20.699,79 50:24.241,40.539083,-79.840067,,,4,N,,,,N,0,,,,,,,,,,,,2024077664,0,1,1,0,0,0,0,0,0,0,0,0,0,0,0,0,0,1,0,0,1,0,0,1,0,0,0,0,0,0,0,0,0,0,0,1,0,0,0,0,0,0,0,0,0,0,0,0,0,0,0,0,0,0,1,0,0,0,0,0,0,0,0,0,0,0,0,1,1,0,0,0,0,1,0,0,0,0,0,0,0,1,,0,0,0,0,0,0,2024077664,3,,3,02,,E,2,0910,45,,625,INDIANOLA RD,2,
5310,2024077665,11,02,02301,02301,2024,09,7,,,,3,1,1,1,02,2,2,00,0,0,2,3,2,1,0,0,0,0,1,0,0,0,0,0,,0,0,0,0,0,0,0,0,0,0,0,0,0,0,0,0,0,0,0,0,0,0,0,0,0,40 29:03.199,79 54:28.216,40.484222,-79.907838,,,,N,,,,,0,,,,,,,,,,,,2024077665,0,1,0,0,0,0,0,0,0,0,1,0,0,0,0,1,0,0,0,0,1,1,0,0,0,0,0,0,0,0,0,0,0,0,0,0,0,0,0,0,0,0,0,0,0,0,0,0,1,0,0,0,0,0,1,0,0,0,0,0,0,0,0,0,0,0,0,0,1,0,0,0,0,0,0,0,0,0,0,0,0,0,,0,0,0,0,0,0,2024077665,3,,3,02,,N,2,0008,35,,0,WASHINGTON BL,0,
5311,2024077673,11,02,02123,02123,2024,09,6,,,,7,9,2,1,00,0,2,00,0,0,2,3,2,0,0,0,1,1,0,0,0,0,2,0,,2,0,0,0,0,0,0,0,0,0,0,0,0,0,0,1,3,0,0,0,0,0,1,0,0,40 21:12.655,80 05:16.599,40.353515,-80.087944,,,6,N,,,,N,0,,,,,,,,,,,,2024077673,0,1,0,0,0,1,0,0,0,0,0,1,0,0,0,0,0,1,0,1,0,0,0,0,0,0,0,0,0,0,0,0,0,0,0,0,0,1,0,0,0,0,0,0,0,0,0,0,0,0,1,0,0,0,0,0,0,0,0,0,0,0,0,1,0,0,0,1,1,0,0,0,0,1,1,0,0,0,0,0,0,1,,0,0,0,0,0,0,2024077673,3,,3,02,,E,2,3004,40,,367,MCLAUGHLIN RUN RD,2,
5312,2024077684,11,02,02477,02477,2024,09,7,,,,3,1,4,1,00,0,2,07,0,0,2,3,2,0,0,0,0,1,1,0,0,0,1,0,,1,0,0,1,0,0,0,0,0,0,0,0,0,0,0,1,3,0,0,0,0,0,0,0,0,40 20:08.471,79 48:39.459,40.335686,-79.810961,,,5,N,,,,Y,0,,,,,,,,,,,,2024077684,0,1,0,0,0,0,0,0,0,0,0,0,0,0,0,0,0,1,0,1,0,0,0,0,0,0,0,0,0,0,0,0,0,0,0,0,0,1,0,0,0,0,0,0,0,0,0,0,0,0,0,0,0,0,1,0,0,0,0,0,1,0,0,0,0,0,0,0,1,0,0,0,0,1,1,0,0,0,0,0,1,1,,0,1,0,0,0,0,2024077684,3,,3,02,,S,2,0048,40,,1274,LONG RUN RD,1,
5313,2024077710,11,02,02301,02301,2024,09,7,,,,7,9,1,1,02,2,2,00,0,0,2,2,2,0,0,0,0,0,2,0,0,0,1,0,,0,1,0,0,0,0,0,0,0,0,0,0,0,0,0,0,8,0,0,0,0,0,0,0,0,40 24:55.603,79 55:29.318,40.415445,-79.924811,,,1,N,,,,N,0,,,,,,,,,,,,2024077710,0,0,1,1,0,1,0,0,0,0,1,0,0,0,0,0,0,1,0,0,1,1,0,0,0,0,0,0,0,0,0,0,0,0,0,0,0,0,0,0,0,0,0,0,0,0,0,0,1,0,0,0,0,1,1,0,0,0,0,0,0,0,0,0,0,0,0,0,1,0,0,0,0,1,0,0,0,0,0,0,1,0,,0,1,0,0,0,0,2024077710,3,,,02,,N,4,,25,,,BROWNS HILL RD,1,
5314,2024077711,11,02,02480,02480,2024,09,7,,,,3,1,7,4,00,0,1,00,0,0,1,2,1,1,0,0,0,0,0,0,0,0,0,0,,0,0,0,0,0,0,0,0,0,0,0,0,0,0,0,0,0,0,1,0,0,0,0,0,0,40 35:44.495,80 08:46.514,40.595693,-80.146254,,,3,N,,,,N,0,,,,,,,,,,,,2024077711,0,1,0,0,0,0,0,0,0,0,0,0,1,1,0,1,0,0,0,1,0,0,0,0,0,0,0,1,0,0,0,0,0,0,0,0,0,0,1,0,0,0,0,0,0,0,0,0,0,0,0,0,1,1,1,0,0,1,0,0,0,0,0,1,0,0,0,0,1,0,0,0,0,0,0,0,0,0,0,0,0,0,,0,0,0,0,0,0,2024077711,3,,3,02,2,W,2,4032,40,,2209,CAMPMEETING RD,0,
5315,2024077759,11,02,02473,02473,2024,09,5,,,,3,1,4,1,00,0,2,07,0,0,2,3,2,1,0,0,0,0,1,0,0,0,0,0,,0,0,0,0,0,0,0,0,0,0,0,0,0,0,0,0,0,0,0,0,0,0,0,1,0,40 20:55.208,79 56:25.812,40.348669,-79.940503,,,,N,,,,,0,,,,,,,,,,,,2024077759,0,1,0,0,0,0,0,0,0,0,0,0,0,0,0,1,0,0,0,1,0,0,0,0,0,0,0,0,0,0,0,0,0,0,0,0,0,0,0,0,0,0,0,0,0,0,0,0,0,0,0,0,0,0,1,0,0,0,1,0,0,0,1,0,0,0,0,0,1,0,0,0,0,0,0,0,0,0,0,0,0,0,,0,1,0,0,0,0,2024077759,3,,3,02,2,S,2,0885,40,,422,LEBANON CHURCH RD,0,
5316,2024077773,11,02,02109,02109,2024,09,7,,,,3,1,1,1,02,0,2,00,0,0,2,2,2,2,0,0,0,0,0,0,0,0,0,0,,0,0,0,0,0,0,0,0,0,0,0,0,0,0,0,0,0,0,0,0,0,0,0,1,0,40 21:07.706,80 03:02.147,40.352141,-80.050596,,,2,N,,,,Y,0,,,,,,,,,,,,2024077773,0,1,1,0,0,0,0,0,0,0,1,0,0,0,0,1,0,0,0,0,1,0,0,1,0,0,0,0,0,0,0,0,0,0,0,0,0,0,0,0,0,0,0,0,0,0,0,0,0,0,0,0,0,0,0,0,0,0,1,0,0,0,0,0,0,0,0,0,1,0,0,0,1,0,0,1,0,1,0,1,0,0,,0,0,0,0,0,0,2024077773,5,,,02,,E,4,,25,,,ABBEYVILLE RD,0,
5317,2024077788,11,02,02446,02446,2024,07,2,,,,3,1,4,1,01,2,2,00,0,0,2,2,2,1,0,0,0,0,0,1,0,0,0,0,,0,0,0,0,0,0,0,0,0,0,0,0,0,0,0,0,0,0,0,0,0,0,0,0,0,40 25:38.750,79 43:17.387,40.427431,-79.721496,,,4,N,,,,N,0,,,,,,,,,,,,2024077788,0,1,1,0,0,0,0,0,0,0,0,0,0,0,0,1,0,0,0,0,1,1,0,0,0,0,0,0,0,0,0,0,0,0,0,0,0,0,1,0,0,0,0,0,0,0,0,1,0,0,0,0,0,0,1,0,0,0,0,0,0,0,0,0,0,0,0,0,1,0,0,0,0,0,0,0,0,0,0,0,0,0,,0,1,0,0,0,0,2024077788,6,,,02,,S,4,,25,,,ALPINE VILLAGE DR,0,
5318,2024077789,11,02,02446,02446,2024,07,1,,,,3,1,7,4,00,0,2,00,0,0,1,1,1,0,0,0,0,0,1,0,0,0,0,0,,0,0,0,1,0,0,0,0,0,0,0,0,0,0,0,0,0,0,0,0,0,0,0,0,0,40 27:23.139,79 45:42.473,40.456428,-79.761798,,,,N,,,,,0,,,,,,,,,,,,2024077789,0,0,1,1,0,0,0,0,0,0,0,0,1,1,0,1,0,0,0,1,0,0,0,0,0,0,0,0,0,0,0,0,0,0,0,0,0,0,0,0,0,0,0,0,0,0,0,0,0,0,1,0,0,0,0,0,0,0,0,0,1,0,1,1,0,0,0,0,1,0,0,0,0,0,0,0,0,0,0,0,0,0,,0,0,0,0,0,0,2024077789,3,,3,02,,S,4,ALG7,25,,,COTTAGE LN,0,
5319,2024077790,11,02,02462,02462,2024,09,1,,,,3,1,4,1,01,2,2,00,,0,2,2,2,1,0,0,0,0,1,0,0,0,1,0,,1,0,0,0,0,0,0,0,0,0,0,0,0,0,0,0,3,0,0,0,0,0,1,0,0,40 32:28.351,79 46:47.940,40.541209,-79.779983,,,7,N,,,,N,0,,,,,,,,,,,,2024077790,0,1,1,0,0,0,0,0,0,0,0,0,0,0,0,0,0,1,0,0,1,1,0,0,0,0,0,0,0,0,0,0,0,0,0,0,0,0,0,0,0,1,1,0,0,0,0,1,0,0,0,0,0,0,1,0,0,0,0,0,0,0,0,0,0,0,0,1,1,0,0,0,0,1,0,1,0,0,0,0,0,1,,0,0,0,0,0,0,2024077790,4,,,02,,N,4,,25,,,JAMES ST,1,
5320,2024077792,11,02,02102,02102,2024,09,1,,,,3,1,4,1,02,0,2,00,0,0,2,2,2,2,0,0,0,0,0,0,0,0,2,0,,1,0,0,0,0,0,0,0,0,0,0,0,0,0,0,0,3,0,0,0,0,0,1,0,0,40 22:26.069,80 05:57.004,40.373908,-80.099168,,,,N,,,,,0,,,,,,,,,,,,2024077792,0,1,1,0,0,0,0,0,0,0,0,0,0,0,0,0,0,1,0,0,1,0,0,1,0,0,0,0,0,0,0,0,0,0,0,0,0,0,0,0,0,0,0,0,0,0,0,0,0,0,0,0,0,0,1,0,0,0,0,0,0,0,0,0,0,0,0,1,1,0,0,0,0,1,0,0,0,0,0,0,0,1,,0,0,0,0,0,0,2024077792,5,,,02,,W,4,,25,,,WINSTEIN ST,2,
5321,2024077796,11,02,02118,02118,2024,09,6,,,,7,9,0,2,00,0,2,00,0,0,1,3,1,1,0,0,0,0,0,0,0,0,1,0,,1,0,0,0,0,0,0,0,0,0,0,0,0,0,0,0,3,0,0,0,0,0,0,1,0,40 31:13.380,79 57:34.083,40.520383,-79.959468,,,2,N,,,,N,0,,,,,,,,,,,,2024077796,0,1,0,0,0,1,0,0,0,0,0,0,0,1,0,0,0,1,0,1,0,0,0,0,0,0,0,0,0,0,0,0,0,0,0,0,0,0,1,0,0,0,0,0,0,0,0,0,0,0,0,0,0,0,0,0,0,0,1,0,0,0,0,0,0,0,0,0,1,0,0,0,0,1,0,0,0,0,0,0,1,1,,0,0,0,0,0,0,2024077796,3,,3,02,,S,2,4019,30,,1632,MT ROYAL BL,1,
5322,2024077800,11,02,02446,02446,2024,09,4,,,,3,1,7,4,00,0,2,00,0,0,1,1,1,1,0,0,0,0,0,0,0,0,1,0,,0,0,0,0,0,0,0,0,0,0,0,0,0,0,0,0,4,0,0,1,0,0,0,0,0,40 24:25.000,79 44:41.600,40.406944,-79.744889,,,1,N,,,,N,0,,,,,,,,,,,,2024077800,0,0,1,1,0,0,0,0,0,0,0,0,1,1,0,0,0,1,0,1,0,0,0,0,0,0,0,1,0,0,0,0,0,0,0,0,0,0,0,0,0,0,0,0,0,0,0,0,0,0,0,0,0,0,0,0,0,0,0,0,0,0,1,0,1,0,0,0,1,0,0,0,0,1,0,0,0,0,0,0,0,0,,0,0,0,0,0,0,2024077800,3,,3,02,,N,4,ALKN,25,,,MONTICELLO DR,1,
5323,2024077807,11,02,02217,02505,2024,09,1,,,,3,1,4,1,01,2,2,00,0,0,2,4,2,0,0,0,0,0,2,0,0,0,0,0,,0,0,0,0,0,0,0,0,0,0,0,0,0,0,0,0,0,0,0,0,0,0,1,0,0,40 38:31.997,79 56:18.305,40.642221,-79.938418,,,,N,,,,,0,,,,,,,,,,,,2024077807,0,1,1,0,0,0,0,0,0,0,0,0,0,0,0,1,0,0,0,0,1,1,0,0,0,0,0,0,0,0,0,0,0,0,0,0,0,0,0,0,0,0,0,0,0,0,0,1,0,0,0,0,0,0,1,0,0,0,0,0,0,0,0,0,0,0,0,1,1,0,0,0,0,0,0,0,0,0,0,0,0,0,,0,1,0,0,0,0,2024077807,5,,,02,,W,4,,25,,,GRANDVIEW CROSSING DR,0,
5324,2024077813,11,02,02473,02473,2024,09,7,,,,3,1,1,1,03,0,2,00,0,0,2,4,2,1,0,0,0,0,1,0,0,0,0,0,,0,0,0,0,0,0,0,0,0,0,0,0,0,0,0,0,0,0,0,0,0,0,0,0,0,40 21:14.750,79 54:51.761,40.354097,-79.914378,,,2,N,,,,N,0,,,,,,,,,,,,2024077813,0,1,1,0,0,0,0,0,0,0,1,0,0,0,0,1,0,0,0,0,1,0,0,1,0,0,0,0,0,0,0,0,0,0,0,0,0,0,0,0,0,0,0,0,0,0,0,0,1,0,0,0,0,0,1,0,0,0,0,0,0,0,0,0,0,0,0,0,1,0,0,0,0,0,0,0,0,0,0,0,1,0,,0,0,0,0,0,0,2024077813,4,,,02,,E,4,,45,,,LEBANON CHURCH RD,0,
5325,2024077819,11,02,02116,02116,2024,09,1,,,,3,1,1,1,00,2,2,00,0,0,2,2,2,0,0,0,0,0,2,0,0,0,0,0,,0,0,0,0,0,0,0,0,0,0,0,0,0,0,0,0,0,0,0,0,0,0,0,0,0,40 31:09.009,80 00:17.867,40.519169,-80.004963,,,,N,,,,,0,,,,,,,,,,,,2024077819,0,1,0,0,0,0,0,0,0,0,1,0,0,0,0,1,0,0,0,1,0,0,0,0,0,0,0,0,0,0,0,0,0,0,0,0,0,0,0,0,0,0,0,0,0,0,0,0,0,0,0,0,0,0,0,0,0,0,0,0,0,0,1,0,0,0,0,0,1,0,0,0,0,0,0,0,0,0,0,0,0,0,,0,0,0,0,0,0,2024077819,3,,3,02,,S,2,4003,40,,907,MCKNIGHT RD,0,
5326,2024077877,11,02,02303,02303,2024,09,6,,,,7,8,7,4,02,0,2,03,0,0,1,1,1,0,0,0,0,0,1,0,0,0,1,0,,1,0,0,0,0,0,0,0,0,0,0,0,0,0,0,0,3,0,0,0,0,0,0,0,0,40 23:06.030,79 51:45.924,40.385008,-79.862757,,,1,N,,,,N,0,,,,,,,,,,,,2024077877,0,1,1,0,0,1,0,0,0,0,0,0,1,1,0,0,0,1,0,0,1,0,0,1,0,0,0,0,1,0,0,0,0,0,0,0,0,0,1,0,0,0,0,0,0,0,0,0,0,0,0,0,0,1,1,0,0,0,0,0,0,0,0,0,0,0,0,0,1,0,0,0,0,1,0,0,0,0,0,0,1,1,,0,0,0,0,0,0,2024077877,5,,,02,,W,4,,25,,,HOFFMAN BL,1,
5327,2024077881,11,02,02105,02105,2024,09,7,,,,3,1,98,1,00,0,1,00,0,0,1,2,1,1,0,0,0,0,0,0,0,0,0,0,,0,0,0,0,0,0,0,0,0,0,0,0,0,0,0,0,0,0,0,0,0,0,0,0,0,40 15:39.500,79 50:13.300,40.260972,-79.837028,,,,N,,,,,0,,,,,,,,,,,,2024077881,0,0,1,1,0,0,0,0,1,0,0,0,0,0,0,1,0,0,0,1,0,0,0,0,0,0,1,0,0,0,0,0,0,0,0,0,0,0,0,0,0,0,0,0,0,0,0,0,0,0,0,0,0,0,0,0,0,0,0,0,0,0,0,0,0,0,0,0,1,0,0,0,0,0,0,0,1,0,0,0,1,0,,0,0,0,0,0,0,2024077881,3,,,02,,N,4,,35,,,SIMPSON HOWELL RD,0,
5328,2024077896,11,02,02448,02448,2024,09,1,,,,3,1,1,1,02,2,2,00,0,0,2,5,2,0,0,0,0,0,2,0,0,0,0,0,,0,0,0,0,0,0,0,0,0,0,0,0,0,0,0,0,0,0,0,0,0,0,0,0,0,40 24:33.423,79 53:55.256,40.409284,-79.898682,,,,N,,,,,0,,,,,,,,,,,,2024077896,0,1,1,0,0,0,0,0,0,0,1,0,0,0,0,1,0,0,0,0,1,1,0,0,0,0,0,0,0,0,0,0,0,0,0,0,0,0,0,0,0,0,0,0,0,0,0,0,0,0,0,0,0,0,0,0,0,0,0,0,0,0,0,0,0,0,0,0,1,0,0,0,0,0,0,0,0,0,0,0,0,0,,0,0,0,0,0,0,2024077896,4,,,02,2,S,4,,25,,,GRANT ST,0,
5329,2024077901,11,02,02111,02111,2024,09,3,,,,3,1,4,1,01,2,2,00,0,0,2,2,2,1,0,0,1,0,0,0,0,0,0,0,,0,0,0,0,0,0,0,0,0,0,0,0,0,0,0,0,0,0,0,0,0,0,1,0,0,40 22:48.294,79 49:42.091,40.380082,-79.828359,,,3,N,,,,N,0,,,,,,,,,,,,2024077901,0,1,1,0,0,0,0,0,0,0,0,0,0,0,0,1,0,0,0,0,1,1,0,0,0,0,0,0,0,0,0,0,0,0,0,0,0,0,0,0,0,0,0,0,0,0,0,1,0,0,0,0,0,0,1,0,0,0,0,0,0,0,0,0,0,0,0,1,1,0,0,0,0,0,0,0,0,0,0,0,0,0,,0,0,0,0,0,0,2024077901,5,,,02,,N,4,,25,,,MARYLAND AV,0,
5330,2024077902,11,02,02113,02113,2024,09,1,,,,3,1,0,1,03,0,2,00,0,0,1,2,1,0,1,0,0,0,0,0,0,0,2,1,,1,0,0,0,0,0,0,0,0,1,0,0,0,0,0,0,2,0,0,0,0,0,0,1,0,40 30:06.048,79 48:22.843,40.50168,-79.806345,,,7,N,,,,N,0,,,,,,,,,,,,2024077902,0,1,0,0,0,0,0,0,0,0,0,0,0,1,0,0,1,1,0,0,1,0,0,1,0,0,0,0,0,0,0,0,0,0,0,1,0,0,0,0,0,1,1,0,0,0,0,0,0,0,0,0,0,1,0,0,0,0,1,0,0,0,0,1,0,0,0,0,1,0,0,1,0,1,0,1,0,0,0,0,0,1,,1,0,0,0,0,0,2024077902,3,,3,02,,W,2,2070,35,,0,INDIANA RD,2,
5331,2024077903,11,02,02301,02301,2024,09,1,,,,3,1,8,1,02,0,2,00,0,0,2,2,1,0,0,0,0,0,1,0,1,0,1,1,,0,0,1,0,0,0,0,1,0,0,0,1,0,0,0,0,2,0,0,0,0,0,0,0,0,40 26:34.965,79 58:44.014,40.443046,-79.978893,,,6,N,,,,N,0,,,,,,,,,,,,2024077903,0,0,1,1,0,0,0,0,0,0,0,0,0,0,0,0,1,1,0,0,1,0,0,1,0,0,0,0,0,0,0,0,0,0,0,0,1,0,0,0,0,0,0,0,0,0,0,0,0,0,0,0,0,0,1,0,0,0,0,0,0,0,0,0,0,0,0,0,0,0,0,0,0,1,0,0,0,0,0,0,0,0,,1,0,0,0,0,0,2024077903,3,,3,02,,E,4,AH3Z,25,,,ROSE ST,1,
5332,2024077905,11,02,02419,02419,2024,09,6,,,,3,1,1,1,06,4,2,02,0,0,2,2,2,0,0,0,0,0,2,0,0,0,0,0,,0,0,0,0,0,0,0,0,0,0,0,0,0,0,0,0,0,0,0,0,0,0,0,1,0,40 26:36.560,79 49:42.057,40.443489,-79.828349,,,,N,,,,,0,,,,,,,,,,,,2024077905,0,1,0,0,0,0,0,0,0,0,1,0,0,0,0,1,0,0,0,0,1,0,0,1,0,0,0,0,0,0,0,0,0,0,0,0,0,0,0,0,0,0,0,0,0,0,0,0,1,0,0,0,0,0,1,0,0,0,1,0,0,0,0,1,0,0,0,0,1,0,0,0,0,0,0,0,0,0,0,0,0,0,,0,0,0,0,0,0,2024077905,3,,3,02,,N,2,0791,40,,1134,RODI RD,0,
5333,2024077906,11,02,02217,02505,2024,09,7,,,,3,1,7,4,00,0,1,00,0,0,1,2,1,1,0,0,0,0,0,0,0,0,1,0,,1,0,0,0,0,0,0,0,0,0,0,0,0,0,0,0,3,0,0,0,0,0,0,0,0,40 38:11.700,79 58:15.100,40.636583,-79.970861,,,5,N,,,,Y,0,,,,,,,,,,,,2024077906,0,0,1,1,0,0,0,0,0,0,0,0,1,1,0,0,0,1,0,1,0,0,0,0,0,0,0,0,0,0,0,0,0,0,0,0,0,0,0,0,0,0,0,0,0,0,0,0,0,0,0,0,1,1,1,0,0,0,0,0,0,0,0,0,0,0,0,0,1,0,0,0,0,1,0,0,0,0,0,0,0,1,,0,0,0,0,0,0,2024077906,3,,3,02,,S,4,AFTT,25,,,GRUBBS RD,1,
5334,2024077911,11,02,02407,02407,2024,09,2,,,,3,1,7,2,02,0,2,00,0,0,1,1,1,0,0,0,0,0,1,0,0,0,0,0,,0,0,0,0,0,0,0,0,0,0,0,0,0,0,0,0,0,0,0,0,0,0,0,0,1,40 19:40.081,80 02:08.906,40.3278,-80.035807,,,,N,,,,,0,,,,,,,,,,,,2024077911,0,1,1,0,0,0,0,0,0,0,0,0,1,1,0,1,0,0,0,0,1,0,0,1,0,0,0,0,0,0,0,0,0,0,0,0,0,0,0,0,0,0,0,0,0,0,0,0,0,0,0,0,0,0,0,0,0,0,0,1,0,0,0,1,0,0,0,0,1,0,0,0,0,0,0,0,0,0,0,0,0,0,,0,0,0,0,0,0,2024077911,4,,,02,,S,4,,25,,,CHESTNUT ST,0,
5335,2024077912,11,02,02407,02407,2024,09,6,,,,3,1,4,1,01,2,2,00,0,0,2,3,2,1,0,0,0,0,1,0,0,0,3,0,,3,0,0,1,0,0,0,0,0,0,0,0,0,0,0,0,3,0,0,0,0,0,1,0,1,40 20:42.483,80 01:38.603,40.345134,-80.02739,,,4,N,,,,N,0,,,,,,,,,,,,2024077912,0,1,1,0,0,0,0,0,0,0,0,0,0,0,0,0,0,1,0,0,1,1,0,0,0,0,0,0,0,0,0,0,0,0,0,0,0,0,0,0,0,0,0,0,0,0,0,0,0,0,0,0,0,0,1,0,0,0,0,1,1,0,0,0,0,0,0,1,1,0,0,0,0,1,0,0,0,0,0,0,0,1,,0,0,0,0,0,0,2024077912,5,,,02,,W,4,,30,,,BETHEL CHURCH RD,3,