_id,CRASH_CRN,DISTRICT,CRASH_COUNTY,MUNICIPALITY,POLICE_AGCY,CRASH_YEAR,CRASH_MONTH,DAY_OF_WEEK,TIME_OF_DAY,HOUR_OF_DAY,ILLUMINATION,WEATHER,ROAD_CONDITION,COLLISION_TYPE,RELATION_TO_ROAD,INTERSECT_TYPE,TCD_TYPE,URBAN_RURAL,LOCATION_TYPE,SCH_BUS_IND,SCH_ZONE_IND,TOTAL_UNITS,PERSON_COUNT,VEHICLE_COUNT,AUTOMOBILE_COUNT,MOTORCYCLE_COUNT,BUS_COUNT,SMALL_TRUCK_COUNT,HEAVY_TRUCK_COUNT,SUV_COUNT,VAN_COUNT,BICYCLE_COUNT,FATAL_COUNT,INJURY_COUNT,MAJ_INJ_COUNT,MOD_INJ_COUNT,MIN_INJ_COUNT,UNK_INJ_DEG_COUNT,UNK_INJ_PER_COUNT,UNBELTED_OCC_COUNT,UNB_DEATH_COUNT,UNB_MAJ_INJ_COUNT,BELTED_DEATH_COUNT,BELTED_MAJ_INJ_COUNT,MCYCLE_DEATH_COUNT,MCYCLE_MAJ_INJ_COUNT,BICYCLE_DEATH_COUNT,BICYCLE_MAJ_INJ_COUNT,PED_COUNT,PED_DEATH_COUNT,PED_MAJ_INJ_COUNT,COMM_VEH_COUNT,MAX_SEVERITY_LEVEL,DRIVER_COUNT_16YR,DRIVER_COUNT_17YR,DRIVER_COUNT_18YR,DRIVER_COUNT_19YR,DRIVER_COUNT_20YR,DRIVER_COUNT_50_64YR,DRIVER_COUNT_65_74YR,DRIVER_COUNT_75PLUS,LATITUDE,LONGITUDE,DEC_LAT,DEC_LONG,EST_HRS_CLOSED,LANE_CLOSED,LN_CLOSE_DIR,NTFY_HIWY_MAINT,RDWY_SURF_TYPE_CD,SPEC_JURIS_CD,TCD_FUNC_CD,TFC_DETOUR_IND,WORK_ZONE_IND,WORK_ZONE_TYPE,WORK_ZONE_LOC,CONS_ZONE_SPD_LIM,WORKERS_PRES,WZ_CLOSE_DETOUR,WZ_FLAGGER,WZ_LAW_OFFCR_IND,WZ_LN_CLOSURE,WZ_MOVING,WZ_OTHER,WZ_SHLDER_MDN,FLAG_CRN,INTERSTATE,STATE_ROAD,LOCAL_ROAD,LOCAL_ROAD_ONLY,TURNPIKE,WET_ROAD,SNOW_SLUSH_ROAD,ICY_ROAD,SUDDEN_DEER,SHLDR_RELATED,REAR_END,HO_OPPDIR_SDSWP,HIT_FIXED_OBJECT,SV_RUN_OFF_RD,WORK_ZONE,PROPERTY_DAMAGE_ONLY,FATAL_OR_MAJ_INJ,INJURY,FATAL,NON_INTERSECTION,INTERSECTION,SIGNALIZED_INT,STOP_CONTROLLED_INT,UNSIGNALIZED_INT,SCHOOL_BUS,SCHOOL_ZONE,HIT_DEER,HIT_TREE_SHRUB,HIT_EMBANKMENT,HIT_POLE,HIT_GDRAIL,HIT_GDRAIL_END,HIT_BARRIER,HIT_BRIDGE,OVERTURNED,MOTORCYCLE,BICYCLE,HVY_TRUCK_RELATED,VEHICLE_FAILURE,TRAIN_TROLLEY,PHANTOM_VEHICLE,ALCOHOL_RELATED,DRINKING_DRIVER,UNDERAGE_DRNK_DRV,UNLICENSED,CELL_PHONE,NO_CLEARANCE,RUNNING_RED_LT,TAILGATING,CROSS_MEDIAN,CURVE_DVR_ERROR,LIMIT_65MPH,SPEEDING,SPEEDING_RELATED,AGGRESSIVE_DRIVING,FATIGUE_ASLEEP,DRIVER_16YR,DRIVER_17YR,DRIVER_65_74YR,DRIVER_75PLUS,UNBELTED,PEDESTRIAN,DISTRACTED,CURVED_ROAD,DRIVER_18YR,DRIVER_19YR,DRIVER_20YR,DRIVER_50_64YR,VEHICLE_TOWED,FIRE_IN_VEHICLE,HIT_PARKED_VEHICLE,MC_DRINKING_DRIVER,DRUGGED_DRIVER,INJURY_OR_FATAL,COMM_VEHICLE,IMPAIRED_DRIVER,DEER_RELATED,DRUG_RELATED,HAZARDOUS_TRUCK,ILLEGAL_DRUG_RELATED,ILLUMINATION_DARK,MINOR_INJURY,MODERATE_INJURY,MAJOR_INJURY,NHTSA_AGG_DRIVING,PSP_REPORTED,RUNNING_STOP_SIGN,TRAIN,TROLLEY,ROADWAY_CRN,RDWY_SEQ_NUM,ADJ_RDWY_SEQ,ACCESS_CTRL,ROADWAY_COUNTY,LANE_COUNT,RDWY_ORIENT,ROAD_OWNER,ROUTE,SPEED_LIMIT,SEGMENT,OFFSET,STREET_NAME,TOT_INJ_COUNT,SCHOOL_BUS_UNIT
5395,2024078710,11,02,02301,02508,2024,09,3,,,,3,1,4,1,01,3,2,00,0,0,2,2,2,1,0,0,0,0,1,0,0,0,1,0,,1,0,0,0,0,0,0,0,0,0,0,0,0,0,0,0,3,0,0,0,0,1,0,0,0,40 26:13.420,79 59:33.422,40.437061,-79.992617,,,7,N,,,,N,0,,,,,,,,,,,,2024078710,0,0,1,1,0,0,0,0,0,0,0,0,0,0,0,0,0,1,0,0,1,0,1,1,0,0,0,0,0,0,0,0,0,0,0,0,0,0,0,0,0,0,0,0,0,0,1,0,0,0,0,0,0,0,1,0,0,0,0,0,0,0,0,0,0,0,1,0,1,0,0,0,0,1,0,0,0,0,0,0,0,1,,0,0,0,0,0,0,2024078710,3,,,02,,E,4,,25,,,LOCUST ST,1,
5396,2024078712,11,02,02301,68B03,2024,07,4,,,,3,1,1,1,06,0,2,02,0,0,2,3,2,0,0,0,0,0,2,0,0,0,0,0,,0,0,0,0,0,0,0,0,0,0,0,0,0,0,0,0,0,0,0,0,0,0,0,0,0,40 25:43.913,79 55:57.738,40.428865,-79.932705,,,,N,,,,,0,,,,,,,,,,,,2024078712,1,1,0,0,0,0,0,0,0,0,1,0,0,0,0,1,0,0,0,0,1,0,0,1,0,0,0,0,0,0,0,0,0,0,0,0,0,0,0,0,0,0,0,0,0,0,0,0,0,0,0,0,0,1,0,0,0,0,0,0,0,0,0,0,0,0,0,0,1,0,0,0,0,0,0,0,0,0,0,0,0,0,,0,0,1,0,0,0,2024078712,3,,1,02,,E,1,0376,55,,1852,PENN LINCOLN PY,0,
5397,2024078727,11,02,02301,02301,2024,07,1,,,,3,1,8,1,00,0,2,00,0,0,2,3,1,0,0,0,0,0,1,0,0,1,0,0,,0,0,0,0,0,0,0,0,0,0,0,0,1,1,0,0,1,0,0,0,0,0,0,0,0,40 26:45.990,80 03:07.450,40.446108,-80.052069,,,2,N,2,0,,N,0,,,,,,,,,,,,2024078727,0,0,1,1,0,0,0,0,0,0,0,0,0,0,0,0,1,0,1,1,0,0,0,0,0,0,0,0,0,0,0,0,0,0,0,0,0,0,0,0,0,0,0,0,0,0,0,0,0,0,0,0,0,0,0,0,0,0,0,0,0,1,0,0,0,0,0,0,1,0,0,0,0,1,0,0,0,0,0,0,0,0,,0,0,0,0,0,0,2024078727,3,,3,02,,S,4,AIM7,25,,,WOODLOW ST,0,
5398,2024078730,11,02,02301,02301,2024,07,6,,,,3,1,7,4,00,0,2,00,0,0,1,1,1,0,1,0,0,0,0,0,0,1,0,0,,0,0,0,0,0,0,0,0,1,0,0,0,0,0,0,0,1,0,0,0,1,0,0,0,0,40 25:15.810,80 00:55.149,40.421058,-80.015319,,,1,N,2,0,,N,0,,,,,,,,,,,,2024078730,0,1,0,0,0,0,0,0,0,0,0,0,1,1,0,0,1,0,1,1,0,0,0,0,0,0,0,0,0,0,0,0,0,0,0,1,0,0,0,0,0,0,0,0,0,0,0,0,0,0,0,0,0,0,0,0,0,0,0,0,0,0,0,1,0,1,0,0,1,0,0,0,0,1,0,0,0,0,0,0,1,0,,0,0,0,0,0,0,2024078730,3,,3,02,,N,2,0051,35,,416,SAW MILL RUN BL,0,
5399,2024078735,11,02,02302,02501,2024,09,1,,,,7,9,7,4,00,0,2,00,0,0,1,1,1,0,0,0,0,0,1,0,0,0,1,0,,1,0,0,1,0,0,0,0,0,0,0,0,0,0,0,0,3,0,0,0,0,0,0,0,0,40 18:03.280,79 52:37.598,40.300911,-79.877111,,,5,N,,,,Y,0,,,,,,,,,,,,2024078735,0,1,0,0,0,1,0,0,0,0,0,0,1,1,0,0,0,1,0,1,0,0,0,0,0,0,0,0,0,1,0,0,0,0,1,0,0,0,0,0,0,1,1,0,0,0,0,0,0,0,0,0,0,0,0,0,0,0,0,0,1,0,1,0,0,0,0,0,1,0,0,0,0,1,0,1,0,0,0,0,1,1,,0,0,0,0,0,0,2024078735,3,,3,02,,N,2,0837,35,,465,STATE ST,1,
5400,2024078745,11,02,02214,02214,2024,09,4,,,,3,1,4,1,01,0,2,00,0,0,2,2,2,2,0,0,0,0,0,0,0,0,2,1,,1,0,0,0,0,0,0,0,0,0,0,0,0,0,0,0,2,0,0,0,0,0,0,1,1,40 26:25.971,80 14:18.553,40.440548,-80.238487,,,,N,,,,,0,,,,,,,,,,,,2024078745,0,1,1,0,0,0,0,0,0,0,0,0,0,0,0,0,1,1,0,0,1,0,0,1,0,0,0,0,0,0,0,0,0,0,0,0,0,0,0,0,0,0,0,0,0,0,0,0,0,0,0,0,0,0,1,0,0,0,1,1,0,0,0,0,0,0,0,0,1,0,0,0,0,1,0,0,0,0,0,0,0,1,,1,0,0,0,0,0,2024078745,4,,,02,,W,4,,25,,,STEUBEN ST,2,
5401,2024078787,11,02,02118,02118,2024,09,3,,,,3,1,4,1,00,0,2,07,0,0,2,3,2,0,0,0,1,0,1,0,0,0,2,0,,2,0,0,0,0,0,0,0,0,0,0,0,0,0,0,0,3,0,0,0,0,0,0,0,1,40 30:59.795,79 57:32.564,40.51661,-79.959046,,,,N,,,,,0,,,,,,,,,,,,2024078787,0,1,0,0,0,0,0,0,0,0,0,0,0,0,0,0,0,1,0,1,0,0,0,0,0,0,0,0,0,0,0,0,0,0,0,0,0,0,0,0,0,0,0,0,0,0,0,0,1,0,0,0,1,1,1,0,0,0,0,1,0,0,0,0,0,0,0,0,1,0,0,0,0,1,0,0,0,0,0,0,0,1,,0,1,0,0,0,0,2024078787,3,,3,02,,S,2,4019,30,,233,MT ROYAL BL,2,
5402,2024078790,11,02,02113,02113,2024,09,3,,,,3,1,1,1,00,2,2,00,0,0,4,4,4,2,0,0,0,0,2,0,0,0,1,0,,1,0,0,0,0,0,0,0,0,0,0,0,0,0,0,0,3,0,0,1,0,0,1,1,0,40 26:46.372,79 49:40.490,40.446214,-79.827914,,,,N,,,,,0,,,,,,,,,,,,2024078790,0,1,0,0,0,0,0,0,0,0,1,0,0,0,0,0,0,1,0,1,0,0,0,0,0,0,0,0,0,0,0,0,0,0,0,0,0,0,0,0,0,0,0,0,0,0,0,0,0,0,0,0,0,0,0,0,0,0,1,0,0,0,0,0,1,0,0,1,1,0,0,0,0,1,0,0,0,0,0,0,0,1,,0,0,0,0,0,0,2024078790,3,,3,02,,S,2,0791,35,,736,RODI RD,1,
5403,2024078793,11,02,02220,02220,2024,09,1,,,,3,1,1,1,00,0,2,00,0,0,2,4,2,1,0,0,0,0,1,0,0,0,0,0,,0,0,0,0,0,0,0,0,0,0,0,0,0,0,0,0,0,0,0,0,0,0,1,1,0,40 37:16.986,79 55:07.347,40.621385,-79.918708,,,,N,,,,,0,,,,,,,,,,,,2024078793,0,1,0,0,0,0,0,0,1,0,1,0,0,0,0,1,0,0,0,1,0,0,0,0,0,0,0,0,0,0,0,0,0,0,0,0,0,0,0,0,0,0,0,0,0,0,0,0,1,0,0,0,1,1,1,0,0,0,1,0,0,0,0,1,0,0,0,1,1,0,0,0,0,0,0,0,1,0,0,0,0,0,,0,1,0,0,0,0,2024078793,3,,3,02,,E,2,0910,45,,3059,SR 0910 HW,0,
5404,2024078806,11,02,02481,02505,2024,09,6,,,,3,1,1,1,01,0,2,02,0,0,2,4,2,1,0,0,0,0,1,0,0,0,0,0,,0,0,0,0,0,0,0,0,0,0,0,0,0,0,0,0,0,0,0,0,0,0,0,0,0,40 36:56.550,80 05:39.265,40.615708,-80.09424,,,,N,,,,,0,,,,,,,,,,,,2024078806,0,1,0,0,0,0,0,0,0,0,1,0,0,0,0,1,0,0,0,0,1,0,0,1,0,0,0,0,0,0,0,0,0,0,0,0,0,0,0,0,0,0,0,0,0,0,0,0,0,0,0,0,0,0,0,0,0,0,0,0,0,0,1,0,0,0,0,0,1,0,0,0,0,0,0,0,0,0,0,0,0,0,,0,0,0,0,0,0,2024078806,3,,3,02,,E,2,0910,35,,0,WEXFORD BAYNE RD,0,
5405,2024078807,11,02,02216,02505,2024,09,4,,,,3,1,7,5,01,2,2,00,0,0,2,2,2,0,0,0,0,0,2,0,0,0,1,0,,1,0,0,0,0,0,0,0,0,0,0,0,0,0,0,0,3,0,0,0,0,0,0,0,0,40 36:04.249,80 02:55.879,40.60118,-80.048855,,,3,N,,,,Y,0,,,,,,,,,,,,2024078807,0,1,1,0,0,0,0,0,0,0,0,0,1,1,0,0,0,1,0,0,1,1,0,0,0,0,0,0,0,0,0,0,0,0,0,0,0,0,0,0,0,0,0,0,0,0,0,0,0,0,0,0,0,0,1,0,0,0,0,0,0,0,0,0,0,0,0,0,1,0,0,0,0,1,0,0,0,0,0,0,0,1,,0,0,0,0,0,0,2024078807,4,,,02,2,E,4,,25,,,BROOKER DR,1,
5406,2024078811,11,02,02446,02446,2024,08,7,,,,3,1,4,1,00,2,2,07,0,0,2,3,2,1,0,0,0,0,0,1,0,0,0,0,,0,0,0,0,0,0,0,0,0,0,0,0,0,0,0,0,0,0,0,0,0,0,1,0,0,40 26:08.612,79 46:15.589,40.435726,-79.770997,,,3,N,,,,N,0,,,,,,,,,,,,2024078811,0,0,1,1,0,0,0,0,0,0,0,0,0,0,0,1,0,0,0,1,0,0,0,0,0,0,0,0,0,0,0,0,0,0,0,0,0,0,1,0,0,0,0,0,0,0,0,1,0,0,0,0,0,0,1,0,0,0,0,0,0,0,0,0,0,0,0,1,1,0,0,0,0,0,0,0,0,0,0,0,0,0,,0,0,0,0,0,0,2024078811,3,,,02,,E,4,,35,,,MONROEVILLE BL,0,
5407,2024078813,11,02,02113,02113,2024,09,3,,,,3,1,4,1,01,2,2,00,0,0,2,3,2,0,0,0,0,0,2,0,0,0,2,0,,2,0,0,0,0,0,0,0,0,0,0,0,0,0,0,0,3,0,0,0,0,0,1,0,0,40 29:03.056,79 49:09.482,40.484182,-79.819301,,,1,N,,,,N,0,,,,,,,,,,,,2024078813,0,1,0,0,0,0,0,0,0,0,0,0,0,0,0,0,0,1,0,0,1,1,0,0,0,0,0,0,0,0,0,0,0,0,0,0,0,0,0,0,0,0,0,0,0,0,0,0,0,0,0,0,0,0,1,0,0,0,0,0,0,0,0,0,0,0,0,1,1,0,0,0,0,1,0,0,0,0,0,0,0,1,,0,0,0,0,0,0,2024078813,3,,3,02,,N,2,0400,35,,0,SALTSBURG RD,2,
5408,2024078816,11,02,02418,02514,2024,09,3,1836,18,,3,1,7,5,02,0,2,00,0,0,1,1,1,0,0,0,0,0,1,0,0,0,1,1,,0,0,0,0,0,0,0,0,0,0,0,0,0,0,0,0,2,0,0,0,0,0,0,0,0,40 32:48.583,79 48:16.011,40.546829,-79.804448,,,,N,,,0,,0,,,,,,,,,,,,2024078816,0,1,1,0,0,0,0,0,0,0,0,0,1,1,0,0,1,1,0,0,1,0,0,1,0,0,0,0,0,0,0,0,0,0,0,0,0,0,0,0,0,0,0,0,0,0,0,0,0,0,0,0,0,0,0,0,0,0,0,0,0,0,0,0,0,0,0,0,1,0,0,0,1,1,0,1,0,1,0,1,0,0,,1,0,0,0,0,0,2024078816,4,,,02,,E,4,,25,,,FAIRMONT ST,1,
5409,2024078827,11,02,02435,68B03,2024,08,3,,,,3,1,1,1,00,0,2,00,0,0,4,5,4,3,0,0,1,0,0,0,0,0,0,0,,0,0,0,0,0,0,0,0,0,0,0,0,0,0,0,0,0,0,0,0,1,1,1,0,0,40 25:15.332,80 02:29.816,40.420926,-80.041616,,,4,N,,,,N,0,,,,,,,,,,,,2024078827,1,1,0,0,0,0,0,0,0,0,1,0,0,0,0,1,0,0,0,1,0,0,0,0,0,0,0,0,0,0,0,0,0,0,0,0,0,0,0,0,0,0,0,0,0,0,0,0,1,0,0,0,0,0,1,0,0,0,0,0,0,0,0,1,0,1,1,1,1,0,0,0,0,0,0,0,0,0,0,0,1,0,,0,0,1,0,0,0,2024078827,3,,1,02,3,W,1,0376,55,,162,PENN LINCOLN PY,0,
5410,2024078829,11,02,02435,68B03,2024,08,3,,,,3,1,1,1,00,0,2,00,0,0,3,3,3,2,0,0,0,0,1,0,0,0,0,0,,0,0,0,0,0,0,0,0,0,0,0,0,0,0,0,0,0,0,0,0,0,0,1,0,0,40 25:12.109,80 03:02.871,40.42003,-80.050798,,,4,N,,,,N,0,,,,,,,,,,,,2024078829,1,1,0,0,0,0,0,0,0,0,1,0,0,0,0,1,0,0,0,1,0,0,0,0,0,0,0,0,0,0,0,0,0,0,0,0,0,0,0,0,0,0,0,0,0,0,0,0,1,0,0,0,0,1,1,0,0,0,0,0,0,0,0,1,0,0,0,1,1,0,0,0,0,0,0,0,0,0,0,0,1,0,,0,1,1,0,0,0,2024078829,3,,1,02,,W,1,0376,55,,181,PENN LINCOLN PY,0,
5411,2024078830,11,02,02456,68B03,2024,08,4,,,,3,1,7,2,00,0,1,00,0,0,1,1,1,0,0,0,0,0,1,0,0,0,0,0,,0,0,1,1,0,0,0,0,0,0,0,0,0,0,0,0,9,0,0,0,0,0,0,0,0,40 24:32.30,79 52:33.470,,-79.875964,,,,N,,,,,1,1,8,25,0,1,,0,,,,,2024078830,0,0,1,1,0,0,0,0,0,0,0,0,1,1,1,0,0,0,0,1,0,0,0,0,0,0,0,0,0,0,0,0,1,0,0,0,0,0,0,0,0,0,0,0,0,0,0,0,0,0,1,0,0,0,0,0,0,0,0,0,1,0,0,1,0,0,0,0,1,0,0,0,0,0,0,0,0,0,0,0,1,0,,0,0,1,0,0,0,2024078830,3,,,02,,N,4,,30,,,TALBOT AV,0,
5412,2024078841,11,02,02446,68B03,2024,08,3,,,,3,1,7,5,07,0,2,02,0,0,1,1,1,0,0,0,0,0,1,0,0,1,0,0,,0,0,0,1,1,0,0,0,0,0,0,0,0,0,0,0,1,0,0,0,0,0,0,0,0,40 26:17.178,79 45:21.709,40.438105,-79.75603,,,,N,2,0,,,0,,,,,,,,,,,,2024078841,1,1,1,0,0,0,0,0,0,0,0,0,1,1,0,0,1,0,1,0,1,0,0,1,0,0,0,0,1,0,0,0,0,0,0,0,0,0,0,0,0,0,0,0,0,0,0,0,0,0,0,0,1,1,1,0,0,0,0,0,1,0,0,1,0,0,0,0,1,0,0,0,0,1,0,0,0,0,0,0,0,0,,0,0,1,0,0,0,2024078841,4,,,02,,E,4,,,,,TURNPIKE RAMP RD,0,
5413,2024078846,11,02,02113,68B03,2024,08,7,,,,3,1,1,1,00,0,2,03,0,0,3,3,3,2,0,0,1,0,0,0,0,0,0,0,,0,0,0,0,0,0,0,0,0,0,0,0,0,0,0,0,0,0,0,0,0,0,0,0,0,40 26:31.455,79 47:52.417,40.442071,-79.797894,,,,N,,,,,1,1,4,55,0,,,0,1,,,,2024078846,1,1,0,0,0,0,0,0,0,0,1,0,0,0,1,1,0,0,0,1,0,0,0,0,0,0,0,0,0,0,0,0,0,0,0,0,0,0,0,0,0,0,0,0,0,0,0,0,1,0,0,0,0,0,1,0,0,0,0,0,0,0,0,0,0,0,0,0,1,0,0,0,0,0,0,0,0,0,0,0,0,0,,0,0,1,0,0,0,2024078846,3,,1,02,,W,1,0376,55,,518,PENN LINCOLN PY,0,
5414,2024078848,11,02,02435,68B03,2024,08,3,,,,3,1,1,1,00,0,2,00,0,0,4,4,4,2,0,0,0,0,2,0,0,0,2,0,,0,1,0,0,0,0,0,0,0,0,0,0,0,0,0,0,4,0,0,0,0,0,3,0,0,40 25:10.163,80 03:06.745,40.41949,-80.051874,,,3,N,,,,N,0,,,,,,,,,,,,2024078848,1,1,0,0,0,0,0,0,0,0,1,0,0,0,0,0,0,1,0,1,0,0,0,0,0,0,0,0,0,0,0,0,0,0,0,0,0,0,0,0,0,0,0,0,0,0,0,0,1,0,0,0,0,0,1,0,0,0,0,0,0,0,0,0,0,0,0,1,1,0,0,0,0,1,0,0,0,0,0,0,0,0,,0,0,1,0,0,0,2024078848,3,,1,02,,E,1,0376,55,,2450,PENN LINCOLN PY,2,
5415,2024078858,11,02,02415,68B03,2024,09,2,,,,3,1,7,4,00,0,2,00,0,0,1,1,1,0,0,0,0,0,1,0,0,0,0,0,,0,0,0,0,0,0,0,0,0,0,0,0,0,0,0,0,0,0,0,0,0,0,0,1,0,40 24:56.132,80 05:03.570,40.415592,-80.084325,,,4,N,,,,N,0,,,,,,,,,,,,2024078858,1,1,0,0,0,0,0,0,0,0,0,0,1,1,0,1,0,0,0,1,0,0,0,0,0,0,0,0,0,0,0,0,1,0,0,0,0,0,0,0,0,0,0,0,0,0,0,0,0,0,0,0,0,0,0,0,0,0,1,0,0,0,0,0,0,0,0,0,1,0,0,0,0,0,0,0,0,0,0,0,0,0,,0,0,1,0,0,0,2024078858,3,,1,02,,W,1,0376,55,,2415,PENN LINCOLN PY,0,
5416,2024078863,11,02,02446,02446,2024,09,4,,,,3,1,4,1,00,2,2,07,0,0,2,2,2,1,0,0,0,0,1,0,0,0,2,0,,1,1,0,0,0,0,0,0,0,0,0,0,0,0,0,0,3,0,1,0,0,0,0,0,0,40 26:08.600,79 46:15.700,40.435722,-79.771028,,,3,N,,,3,Y,0,,,,,,,,,,,,2024078863,0,0,1,1,0,0,0,0,0,0,0,0,0,0,0,0,0,1,0,1,0,0,0,0,0,0,0,0,0,0,0,0,0,0,0,0,0,0,0,0,0,0,0,0,0,0,0,0,0,0,0,0,0,0,1,0,0,1,0,0,0,0,0,0,0,0,0,0,1,0,0,0,0,1,0,0,0,0,0,0,0,1,,0,0,0,0,0,0,2024078863,3,,,02,,W,4,,35,,,MONROEVILLE BL,2,
5417,2024078865,11,02,02304,02304,2024,09,4,,,,3,1,7,4,02,3,2,00,0,0,1,1,1,0,0,0,0,0,1,0,0,0,1,0,,0,1,0,0,0,0,0,0,0,0,0,0,0,0,0,0,8,0,0,0,0,0,1,0,0,40 21:04.053,79 52:23.905,40.351126,-79.873307,,,,N,,,,,0,,,,,,,,,,,,2024078865,0,0,1,1,0,0,0,0,0,0,0,0,1,1,0,0,0,1,0,0,1,0,1,1,0,0,0,0,0,1,0,0,0,0,0,0,0,0,0,0,0,0,0,0,0,0,0,0,0,0,0,0,0,0,0,0,0,0,0,0,0,0,0,0,0,0,0,1,1,0,0,0,0,1,0,0,0,0,0,0,1,0,,0,0,0,0,0,0,2024078865,3,,3,02,,W,4,AJ0B,25,,,PACIFIC AV,1,
5418,2024078876,11,02,02430,02430,2024,08,5,,,,3,1,8,1,02,0,2,00,0,0,2,2,1,0,0,0,0,0,1,0,0,0,1,0,,1,0,0,0,0,0,0,0,0,0,0,0,1,0,0,0,3,0,0,0,0,0,0,0,0,40 30:12.352,79 56:54.592,40.503431,-79.948498,,,,N,,,,,0,,,,,,,,,,,,2024078876,0,1,1,0,0,0,0,0,0,0,0,0,0,0,0,0,0,1,0,0,1,0,0,1,0,0,0,0,0,0,0,0,0,0,0,0,0,0,0,0,0,0,0,0,0,0,0,0,0,0,0,0,0,0,0,0,0,0,0,0,0,1,1,1,0,0,0,0,0,0,0,0,0,1,0,0,0,0,0,0,0,1,,0,0,0,0,0,0,2024078876,4,,,02,,W,4,,25,,,DEWEY ST,1,
5419,2024078878,11,02,02301,02413,2024,09,4,,,,3,1,5,6,00,0,2,00,0,0,3,2,3,3,0,0,0,0,0,0,0,0,0,0,,0,0,0,0,0,0,0,0,0,0,0,0,0,0,0,0,0,0,1,0,0,0,0,0,0,40 23:06.400,79 58:31.100,40.385111,-79.975306,,,3,N,,,0,N,0,,,,,,,,,,,,2024078878,0,0,1,1,0,0,0,0,0,0,0,0,0,0,0,1,0,0,0,1,0,0,0,0,0,0,0,0,0,0,0,0,0,0,0,0,0,0,0,0,0,0,0,0,0,0,0,0,0,0,0,0,0,0,0,0,0,1,0,0,0,0,1,0,0,0,0,0,1,0,1,0,0,0,0,0,0,0,0,0,0,0,,0,0,0,0,0,0,2024078878,3,,,02,,E,4,,25,,,CHURCHVIEW AV,0,
5420,2024078886,11,02,02111,02501,2024,09,4,,,,3,1,6,1,00,0,2,00,0,0,2,2,2,1,0,0,0,1,0,0,0,1,0,0,,0,0,0,0,0,0,1,0,0,0,0,0,0,0,0,1,1,0,0,1,0,0,0,0,0,40 22:38.044,79 48:04.542,40.377234,-79.801262,,,6,N,2,0,,Y,0,,,,,,,,,,,,2024078886,0,1,0,0,0,0,0,0,0,0,0,1,0,0,0,0,1,0,1,1,0,0,0,0,0,0,0,0,0,0,0,0,0,0,0,0,0,1,0,0,0,0,0,0,0,0,0,0,0,0,0,0,1,1,1,0,0,0,0,0,0,0,0,0,1,0,0,0,1,0,0,0,0,1,1,0,0,0,0,0,0,0,,0,0,0,0,0,0,2024078886,3,,3,02,,E,2,0030,35,,1770,LINCOLN HW,0,
5421,2024078889,11,02,02416,02416,2024,09,3,,,,3,1,1,1,00,0,2,00,0,0,2,2,2,0,0,0,0,1,1,0,0,0,0,0,,0,0,0,0,0,0,0,0,0,0,0,0,0,0,0,1,0,0,0,0,0,0,1,0,0,40 22:04.617,80 00:46.337,40.367949,-80.012871,,,2,N,,,,N,0,,,,,,,,,,,,2024078889,0,1,0,0,0,0,0,0,0,0,1,0,0,0,0,1,0,0,0,1,0,0,0,0,0,0,0,0,0,0,0,0,0,0,0,0,0,1,0,0,0,0,0,0,0,0,0,0,1,0,0,0,0,0,1,0,0,0,0,0,0,0,0,0,0,0,0,1,1,0,0,0,0,0,1,0,0,0,0,0,0,0,,0,0,0,0,0,0,2024078889,3,,3,02,,S,2,0088,35,,626,LIBRARY RD,0,
5422,2024078890,11,02,02416,02416,2024,09,3,,,,3,1,1,1,00,5,2,00,0,0,2,2,2,0,0,0,0,0,2,0,0,0,0,0,,0,0,0,0,0,0,0,0,0,0,0,0,0,0,0,0,0,0,0,0,0,0,1,0,0,40 22:10.144,80 01:58.570,40.369484,-80.032936,,,,N,,,,,0,,,,,,,,,,,,2024078890,0,1,0,0,0,0,0,0,0,0,1,0,0,0,0,1,0,0,0,1,0,0,0,0,0,0,0,0,0,0,0,0,0,0,0,0,0,0,0,0,0,0,0,0,0,0,0,0,0,0,0,0,0,0,0,0,0,0,0,0,0,0,1,0,0,0,0,1,1,0,0,0,0,0,0,0,0,0,0,0,0,0,,0,0,0,0,0,0,2024078890,3,,3,02,,S,2,3042,25,,146,MT. LEBANON BL,0,
5423,2024078943,11,02,02206,68D02,2024,09,6,,,,7,9,7,4,00,0,1,00,0,0,1,1,1,0,0,0,1,0,0,0,0,0,0,0,,0,0,0,0,0,0,0,0,0,0,0,0,0,0,0,0,0,0,0,0,0,0,0,0,0,40 36:56.630,79 47:27.460,40.615731,-79.790961,,,5,N,,,,Y,0,,,,,,,,,,,,2024078943,0,0,1,1,0,1,0,0,0,0,0,0,1,1,0,1,0,0,0,1,0,0,0,0,0,0,0,0,0,1,0,0,0,0,0,0,0,0,0,0,0,0,0,0,0,0,0,0,0,0,1,0,1,1,1,0,0,0,0,0,0,0,0,1,0,0,0,0,1,0,0,0,0,0,0,0,0,0,0,0,1,0,,0,1,1,0,0,0,2024078943,3,,3,02,2,S,4,AEQJ,35,,,DAYS RUN RD,0,