_id,CRASH_CRN,DISTRICT,CRASH_COUNTY,MUNICIPALITY,POLICE_AGCY,CRASH_YEAR,CRASH_MONTH,DAY_OF_WEEK,TIME_OF_DAY,HOUR_OF_DAY,ILLUMINATION,WEATHER,ROAD_CONDITION,COLLISION_TYPE,RELATION_TO_ROAD,INTERSECT_TYPE,TCD_TYPE,URBAN_RURAL,LOCATION_TYPE,SCH_BUS_IND,SCH_ZONE_IND,TOTAL_UNITS,PERSON_COUNT,VEHICLE_COUNT,AUTOMOBILE_COUNT,MOTORCYCLE_COUNT,BUS_COUNT,SMALL_TRUCK_COUNT,HEAVY_TRUCK_COUNT,SUV_COUNT,VAN_COUNT,BICYCLE_COUNT,FATAL_COUNT,INJURY_COUNT,MAJ_INJ_COUNT,MOD_INJ_COUNT,MIN_INJ_COUNT,UNK_INJ_DEG_COUNT,UNK_INJ_PER_COUNT,UNBELTED_OCC_COUNT,UNB_DEATH_COUNT,UNB_MAJ_INJ_COUNT,BELTED_DEATH_COUNT,BELTED_MAJ_INJ_COUNT,MCYCLE_DEATH_COUNT,MCYCLE_MAJ_INJ_COUNT,BICYCLE_DEATH_COUNT,BICYCLE_MAJ_INJ_COUNT,PED_COUNT,PED_DEATH_COUNT,PED_MAJ_INJ_COUNT,COMM_VEH_COUNT,MAX_SEVERITY_LEVEL,DRIVER_COUNT_16YR,DRIVER_COUNT_17YR,DRIVER_COUNT_18YR,DRIVER_COUNT_19YR,DRIVER_COUNT_20YR,DRIVER_COUNT_50_64YR,DRIVER_COUNT_65_74YR,DRIVER_COUNT_75PLUS,LATITUDE,LONGITUDE,DEC_LAT,DEC_LONG,EST_HRS_CLOSED,LANE_CLOSED,LN_CLOSE_DIR,NTFY_HIWY_MAINT,RDWY_SURF_TYPE_CD,SPEC_JURIS_CD,TCD_FUNC_CD,TFC_DETOUR_IND,WORK_ZONE_IND,WORK_ZONE_TYPE,WORK_ZONE_LOC,CONS_ZONE_SPD_LIM,WORKERS_PRES,WZ_CLOSE_DETOUR,WZ_FLAGGER,WZ_LAW_OFFCR_IND,WZ_LN_CLOSURE,WZ_MOVING,WZ_OTHER,WZ_SHLDER_MDN,FLAG_CRN,INTERSTATE,STATE_ROAD,LOCAL_ROAD,LOCAL_ROAD_ONLY,TURNPIKE,WET_ROAD,SNOW_SLUSH_ROAD,ICY_ROAD,SUDDEN_DEER,SHLDR_RELATED,REAR_END,HO_OPPDIR_SDSWP,HIT_FIXED_OBJECT,SV_RUN_OFF_RD,WORK_ZONE,PROPERTY_DAMAGE_ONLY,FATAL_OR_MAJ_INJ,INJURY,FATAL,NON_INTERSECTION,INTERSECTION,SIGNALIZED_INT,STOP_CONTROLLED_INT,UNSIGNALIZED_INT,SCHOOL_BUS,SCHOOL_ZONE,HIT_DEER,HIT_TREE_SHRUB,HIT_EMBANKMENT,HIT_POLE,HIT_GDRAIL,HIT_GDRAIL_END,HIT_BARRIER,HIT_BRIDGE,OVERTURNED,MOTORCYCLE,BICYCLE,HVY_TRUCK_RELATED,VEHICLE_FAILURE,TRAIN_TROLLEY,PHANTOM_VEHICLE,ALCOHOL_RELATED,DRINKING_DRIVER,UNDERAGE_DRNK_DRV,UNLICENSED,CELL_PHONE,NO_CLEARANCE,RUNNING_RED_LT,TAILGATING,CROSS_MEDIAN,CURVE_DVR_ERROR,LIMIT_65MPH,SPEEDING,SPEEDING_RELATED,AGGRESSIVE_DRIVING,FATIGUE_ASLEEP,DRIVER_16YR,DRIVER_17YR,DRIVER_65_74YR,DRIVER_75PLUS,UNBELTED,PEDESTRIAN,DISTRACTED,CURVED_ROAD,DRIVER_18YR,DRIVER_19YR,DRIVER_20YR,DRIVER_50_64YR,VEHICLE_TOWED,FIRE_IN_VEHICLE,HIT_PARKED_VEHICLE,MC_DRINKING_DRIVER,DRUGGED_DRIVER,INJURY_OR_FATAL,COMM_VEHICLE,IMPAIRED_DRIVER,DEER_RELATED,DRUG_RELATED,HAZARDOUS_TRUCK,ILLEGAL_DRUG_RELATED,ILLUMINATION_DARK,MINOR_INJURY,MODERATE_INJURY,MAJOR_INJURY,NHTSA_AGG_DRIVING,PSP_REPORTED,RUNNING_STOP_SIGN,TRAIN,TROLLEY,ROADWAY_CRN,RDWY_SEQ_NUM,ADJ_RDWY_SEQ,ACCESS_CTRL,ROADWAY_COUNTY,LANE_COUNT,RDWY_ORIENT,ROAD_OWNER,ROUTE,SPEED_LIMIT,SEGMENT,OFFSET,STREET_NAME,TOT_INJ_COUNT,SCHOOL_BUS_UNIT
5630,2024081098,11,02,02301,02301,2024,09,7,,,,7,9,5,6,00,0,2,00,0,0,2,2,2,1,0,0,0,0,1,0,0,0,0,0,,0,0,0,0,0,0,0,0,0,0,0,0,0,0,0,0,0,0,0,0,0,0,0,0,0,40 23:47.020,79 59:50.130,40.396394,-79.997258,,,,N,,,,,0,,,,,,,,,,,,2024081098,0,0,1,1,0,1,0,0,0,0,0,0,0,0,0,1,0,0,0,1,0,0,0,0,0,0,0,0,0,1,0,0,0,0,0,0,0,0,0,0,0,0,0,0,0,0,0,0,0,0,0,0,0,0,0,0,0,0,0,0,0,0,0,0,0,0,0,0,1,0,1,0,0,0,0,0,0,0,0,0,1,0,,0,0,0,0,0,0,2024081098,3,,,02,,S,4,,25,,,NOBLES LN,0,
5631,2024081123,11,02,02446,68T09,2024,09,1,,,,3,1,7,3,00,0,2,02,0,0,1,1,1,0,1,0,0,0,0,0,0,0,1,0,,0,1,0,0,0,0,0,0,0,0,0,0,0,0,0,0,8,0,0,0,0,0,0,1,0,40 26:06.700,79 45:06.300,40.435194,-79.75175,,,,N,,,,,0,,,,,,,,,,,,2024081123,0,0,1,1,0,0,0,0,0,0,0,0,1,1,0,0,0,1,0,1,0,0,0,0,0,0,0,0,0,0,0,0,1,0,0,1,0,0,0,0,0,0,0,0,0,0,0,0,0,0,0,0,0,0,0,0,0,0,1,0,0,0,0,1,0,0,0,0,0,0,0,0,0,1,0,0,0,0,0,0,0,0,,0,0,1,0,0,0,2024081123,3,,,02,,W,4,,25,,,TOLL ROAD RAMP RD,1,
5632,2024081146,11,02,02112,68D02,2024,09,4,,,,3,1,1,1,00,0,2,02,0,0,2,3,2,1,0,0,0,0,1,0,0,0,3,0,,0,3,0,0,0,0,0,0,0,0,0,0,0,0,0,0,8,0,0,0,0,0,0,1,0,40 29:27.197,79 52:43.290,40.490888,-79.878692,,,2,N,,,,N,0,,,,,,,,,,,,2024081146,0,1,0,0,0,0,0,0,0,0,1,0,0,0,0,0,0,1,0,1,0,0,0,0,0,0,0,0,0,0,0,0,1,0,0,0,0,0,0,0,0,0,0,0,0,0,0,0,0,0,0,0,0,0,0,0,0,0,1,0,0,0,0,0,0,0,0,0,1,0,0,0,0,1,0,0,0,0,0,0,0,0,,0,0,1,0,0,0,2024081146,3,,1,02,,S,2,0028,55,,2552,ALLEGHENY VALLEY EX,3,
5633,2024081167,11,02,02301,02501,2024,09,5,,,,3,1,1,1,00,0,2,02,0,0,4,4,4,3,0,0,1,0,0,0,0,0,0,0,,0,0,0,0,0,0,0,0,0,0,0,0,0,0,0,0,0,0,0,0,0,0,0,0,0,40 29:46.200,80 00:45.050,40.496167,-80.012514,,,,N,,,,,0,,,,,,,,,,,,2024081167,0,1,0,0,0,0,0,0,0,0,1,0,0,0,0,1,0,0,0,1,0,0,0,0,0,0,0,0,0,0,0,0,0,0,0,0,0,0,0,0,0,0,0,0,0,0,0,0,1,0,0,0,0,1,1,0,0,0,0,0,0,0,0,0,0,0,0,0,1,0,0,0,0,0,0,0,0,0,0,0,0,0,,0,1,0,0,0,0,2024081167,3,,1,02,1,S,2,8102,20,,119,RAMP J RD,0,
5634,2024081168,11,02,02112,02112,2024,09,1,,,,,1,0,1,00,0,2,00,0,0,1,1,1,0,0,0,0,0,0,1,0,0,0,0,,0,0,0,0,0,0,0,0,0,0,0,0,0,0,0,0,0,0,0,0,0,0,1,0,0,40 29:22.402,79 52:58.280,40.489556,-79.882856,,,7,N,,,0,Y,0,,,,,,,,,,,,2024081168,0,0,1,1,0,0,0,0,0,0,0,0,0,1,0,1,0,0,0,1,0,0,0,0,0,0,0,0,0,0,0,0,0,0,0,0,0,0,0,0,0,0,0,0,0,0,0,0,0,0,0,0,0,0,0,0,0,0,0,0,0,0,0,0,0,0,0,1,1,1,0,0,0,0,0,0,0,0,0,0,0,0,,0,0,0,0,0,0,2024081168,3,,,02,,S,4,,35,,,FOX CHAPEL RD,0,
5635,2024081177,11,02,02105,02105,2024,09,5,,,,3,1,7,4,00,0,1,00,0,0,1,1,1,1,0,0,0,0,0,0,0,0,1,0,,0,0,0,0,0,0,0,0,0,0,0,0,0,0,0,0,4,0,0,1,0,0,0,0,0,40 13:02.634,79 50:15.223,40.217398,-79.837562,,,7,N,,,,Y,0,,,,,,,,,,,,2024081177,0,1,0,0,0,0,0,0,0,0,0,0,1,1,0,0,0,1,0,1,0,0,0,0,0,0,0,0,0,1,0,0,0,0,1,0,0,0,0,0,0,0,0,0,0,0,0,0,0,0,1,0,0,0,0,0,0,0,0,0,0,0,0,1,1,0,0,0,1,0,0,0,0,1,0,0,0,0,0,0,0,0,,0,0,0,0,0,0,2024081177,3,,3,02,,W,2,0136,40,,1724,WEST NEWTON RD,1,
5636,2024081187,11,02,02301,02301,2024,08,7,,,,3,1,2,1,00,0,2,00,0,0,2,3,2,1,0,0,0,0,1,0,0,0,0,0,,0,0,0,0,0,0,0,0,0,0,0,0,0,0,0,0,0,0,0,0,0,0,0,0,0,40 27:02.064,80 01:39.336,40.450573,-80.027593,,,2,N,,,,N,0,,,,,,,,,,,,2024081187,0,1,0,0,0,0,0,0,0,0,0,1,0,0,0,1,0,0,0,1,0,0,0,0,0,0,0,0,0,0,0,0,0,0,0,0,0,0,0,0,0,1,1,0,0,0,0,0,0,1,0,0,0,0,0,0,0,0,0,0,0,0,0,1,0,0,0,0,1,0,0,0,0,0,0,1,0,0,0,0,1,0,,0,0,0,0,0,0,2024081187,3,,3,02,,S,2,0019,55,,757,OHIO RIVER BL,0,
5637,2024081188,11,02,02301,02301,2024,08,7,,,,3,1,7,2,00,0,2,00,0,0,1,1,1,1,0,0,0,0,0,0,0,0,0,0,,0,0,1,0,0,0,0,0,0,0,0,0,0,0,0,0,9,0,0,0,0,0,0,0,0,40 27:22.300,80 01:47.760,40.456194,-80.029933,,,,N,,,,,0,,,,,,,,,,,,2024081188,0,0,1,1,0,0,0,0,0,0,0,0,1,1,0,0,0,0,0,1,0,0,0,0,0,0,0,0,0,1,0,0,0,0,0,0,0,0,0,0,0,0,0,0,0,0,0,0,0,0,0,0,0,0,1,0,0,0,0,0,0,0,0,0,0,0,0,0,1,0,0,0,0,0,0,0,0,0,0,0,1,0,,0,0,0,0,0,0,2024081188,3,,,02,3,S,4,,25,,,BEAVER AV,0,
5638,2024081189,11,02,02301,02301,2024,08,1,,,,3,1,4,1,01,2,2,01,0,0,2,3,2,2,0,0,0,0,0,0,0,0,3,2,,1,0,0,2,0,1,0,0,0,0,0,0,0,0,0,0,2,0,0,0,0,0,1,0,0,40 26:58.464,80 00:09.320,40.449573,-80.002589,,,7,N,,,,N,0,,,,,,,,,,,,2024081189,0,0,1,1,0,0,0,0,0,0,0,0,0,0,0,0,1,1,0,0,1,1,0,0,0,0,0,0,0,0,0,0,0,1,0,0,0,0,0,0,0,0,0,0,0,0,0,0,0,0,0,0,0,0,0,0,0,0,0,0,1,0,1,0,0,0,0,1,1,0,0,0,1,1,0,1,0,1,0,1,1,1,,1,0,0,0,0,0,2024081189,3,,,02,,N,4,,25,,,SANDUSKY ST,3,
5639,2024081190,11,02,02301,02301,2024,07,1,,,,3,1,7,7,07,0,2,02,0,0,2,3,2,1,0,0,0,0,1,0,0,0,3,0,,2,1,0,1,0,0,0,0,0,0,0,0,0,0,0,0,3,0,0,0,0,0,0,0,0,40 27:59.815,79 58:41.983,40.466615,-79.978329,,,2,N,,,,N,0,,,,,,,,,,,,2024081190,0,1,0,0,0,0,0,0,0,0,0,0,1,1,0,0,0,1,0,0,1,0,0,1,0,0,0,0,0,0,0,1,0,0,0,0,0,0,0,0,0,1,1,0,0,0,0,0,0,0,0,0,0,0,0,0,0,0,0,0,1,0,0,0,0,0,0,0,1,0,0,0,1,1,0,1,0,1,0,1,0,1,,0,0,0,0,0,0,2024081190,3,,1,02,,S,2,0028,35,,840,EAST OHIO ST,3,
5640,2024081192,11,02,02301,02301,2024,07,7,,,,3,1,7,4,00,0,2,00,0,0,1,1,1,1,0,0,0,0,0,0,0,0,1,1,,0,0,0,0,0,0,0,0,0,0,0,0,0,0,0,0,2,0,0,0,0,0,1,0,0,40 27:58.100,80 02:13.270,40.466139,-80.037019,,,1,N,,,,N,0,,,,,,,,,,,,2024081192,0,0,1,1,0,0,0,0,0,0,0,0,1,1,0,0,1,1,0,1,0,0,0,0,0,0,0,0,0,1,0,0,1,0,0,0,0,0,0,0,0,0,0,0,0,0,0,0,0,0,0,0,0,0,0,0,0,0,0,0,0,0,1,0,0,0,0,1,1,0,0,0,1,1,0,1,0,1,0,0,0,0,,1,0,0,0,0,0,2024081192,3,,,02,,N,4,,25,,,BEAVER AV,1,
5641,2024081193,11,02,02301,02301,2024,07,4,,,,3,1,7,4,02,0,2,00,0,0,1,1,1,0,0,0,0,0,1,0,0,0,0,0,,0,0,0,1,0,0,0,0,0,0,0,0,0,0,0,0,0,0,0,0,0,0,1,0,0,40 27:21.056,80 00:16.433,40.455849,-80.004565,,,,N,,,,,0,,,,,,,,,,,,2024081193,0,0,1,1,0,0,0,0,0,0,0,0,1,1,0,1,0,0,0,0,1,0,0,1,0,0,0,0,0,1,0,0,0,0,0,0,0,0,0,0,0,1,1,0,0,0,0,0,0,0,0,0,0,0,0,0,0,0,0,0,1,0,0,0,0,0,0,1,1,0,0,0,0,0,0,1,0,0,0,0,1,0,,0,0,0,0,0,0,2024081193,3,,,02,,N,4,,25,,,SANDUSKY ST,0,
5642,2024081194,11,02,02301,02301,2024,07,6,,,,3,1,8,1,01,9,2,00,0,0,2,2,1,0,0,0,0,0,0,0,0,0,1,1,,0,0,1,0,0,0,0,1,0,0,0,0,1,0,1,0,2,0,0,0,0,0,0,0,0,40 27:05.492,80 01:08.070,40.451526,-80.018908,,,,N,,,,,0,,,,,,,,,,,,2024081194,0,0,1,1,0,0,0,0,0,0,0,0,0,0,0,0,1,1,0,0,1,0,0,1,0,0,0,0,0,0,0,0,0,0,0,0,0,0,0,0,0,0,0,0,0,0,0,0,0,0,0,0,0,0,0,0,0,0,0,0,0,1,0,0,0,0,0,0,0,0,0,0,0,1,0,0,0,0,0,0,1,0,,1,0,0,0,0,0,2024081194,3,,,02,,N,4,,25,,,ALLEGHENY AV,1,
5643,2024081195,11,02,02301,02301,2024,07,1,,,,3,1,7,4,02,0,2,00,0,0,1,1,1,0,0,0,0,0,1,0,0,0,0,0,,0,0,1,0,0,0,0,0,0,0,0,0,0,0,0,0,9,0,0,0,0,0,0,0,0,40 28:09.235,80 00:52.457,40.469232,-80.014571,,,,N,,,,,0,,,,,,,,,,,,2024081195,0,0,1,1,0,0,0,0,0,0,0,0,1,1,0,0,0,0,0,0,1,0,0,1,0,0,0,0,0,1,0,0,0,0,0,0,0,0,0,0,0,0,0,0,0,0,0,0,0,0,0,0,0,0,0,0,0,0,0,0,0,0,0,0,0,0,0,0,1,0,0,0,0,0,0,0,0,0,0,0,1,0,,0,0,0,0,0,0,2024081195,3,,3,02,,N,4,AIL4,25,,,CHARLES ST,0,
5644,2024081196,11,02,02301,02301,2024,07,2,,,,3,1,4,1,01,0,2,00,0,0,2,2,2,0,0,0,0,0,1,1,0,0,0,0,,0,0,1,0,0,0,0,0,0,0,0,0,0,0,0,0,9,0,0,0,0,0,0,0,1,40 27:02.405,80 01:24.853,40.450668,-80.02357,,,,N,,,,,0,,,,,,,,,,,,2024081196,0,0,1,1,0,0,0,0,0,0,0,0,0,0,0,0,0,0,0,0,1,0,0,1,0,0,0,0,0,0,0,0,0,0,0,0,0,0,0,0,0,0,0,0,0,0,0,1,0,0,0,0,0,0,1,0,0,0,0,1,0,0,0,0,0,0,0,0,1,0,0,0,0,0,0,0,0,0,0,0,0,0,,0,1,0,0,0,0,2024081196,3,,3,02,,E,4,AH0P,25,,,WESTERN AV,0,
5645,2024081197,11,02,02301,02301,2024,06,1,,,,3,1,7,4,02,0,2,00,0,0,1,1,1,1,0,0,0,0,0,0,0,0,0,0,,0,0,0,0,0,0,0,0,0,0,0,0,0,0,0,0,0,0,0,0,0,0,0,0,0,40 28:06.298,80 01:12.794,40.468416,-80.020221,,,2,N,,,,N,0,,,,,,,,,,,,2024081197,0,1,1,0,0,0,0,0,0,0,0,0,1,1,0,1,0,0,0,0,1,0,0,1,0,0,0,0,0,1,0,0,0,0,0,0,0,0,0,0,0,1,1,0,0,0,0,0,0,0,0,0,0,0,0,0,0,0,0,0,0,0,0,0,0,0,0,0,1,0,0,0,0,0,0,1,0,0,0,0,1,0,,0,0,0,0,0,0,2024081197,4,,,02,,S,4,,25,,,KATHERINE ST,0,
5646,2024081198,11,02,02301,02301,2024,06,6,,,,3,1,4,1,01,2,2,00,0,0,2,3,2,2,0,0,0,0,0,0,0,0,0,0,,0,0,0,0,0,0,0,0,0,0,0,0,0,0,0,0,0,0,0,0,1,0,0,0,0,40 27:14.862,79 59:48.580,40.454128,-79.996828,,,4,N,,,,N,0,,,,,,,,,,,,2024081198,0,1,0,0,0,0,0,0,0,0,0,0,0,0,0,1,0,0,0,0,1,1,0,0,0,0,0,0,0,0,0,0,0,0,0,0,0,0,0,0,0,1,1,1,0,0,0,0,0,0,0,0,0,0,0,0,0,0,0,0,0,0,0,0,0,1,0,0,1,0,0,0,0,0,0,1,0,0,0,0,1,0,,0,0,0,0,0,0,2024081198,3,,3,02,,E,2,4084,25,,285,E OHIO ST,0,
5647,2024081206,11,02,02301,02301,2024,08,6,,,,3,1,4,1,01,0,2,00,0,0,2,2,2,0,0,0,0,0,2,0,0,0,0,0,,0,0,1,0,0,0,0,0,0,0,0,0,0,0,0,0,9,0,0,0,0,0,0,0,0,40 27:47.244,79 55:26.726,40.463123,-79.924091,,,,N,,,,,0,,,,,,,,,,,,2024081206,0,0,1,1,0,0,0,0,0,0,0,0,0,0,0,0,0,0,0,0,1,0,0,1,0,0,0,0,0,0,0,0,0,0,0,0,0,0,0,0,0,0,0,0,0,0,0,0,0,0,0,0,0,0,1,0,0,0,0,0,0,0,0,0,0,0,0,0,1,0,0,0,0,0,0,0,0,0,0,0,0,0,,0,0,0,0,0,0,2024081206,3,,3,02,,E,4,AH5U,25,,,HARVARD ST,0,
5648,2024081207,11,02,02301,02301,2024,08,2,,,,3,1,1,1,01,2,2,00,0,0,2,5,2,0,0,0,0,0,2,0,0,0,1,0,,1,0,1,2,0,0,0,0,0,0,0,0,0,0,0,0,3,0,0,0,0,0,1,1,0,40 27:53.116,79 56:28.057,40.464754,-79.941127,,,,N,,,,,0,,,,,,,,,,,,2024081207,0,0,1,1,0,0,0,0,0,0,1,0,0,0,0,0,0,1,0,0,1,1,0,0,0,0,0,0,0,0,0,0,0,0,0,0,0,0,0,0,0,0,0,0,0,0,0,0,0,0,0,0,0,0,0,0,0,0,1,0,1,0,0,0,0,0,0,1,1,0,0,0,0,1,0,0,0,0,0,0,1,1,,0,0,0,0,0,0,2024081207,3,,3,02,2,E,4,AGW5,25,,,PENN AV,1,
5649,2024081208,11,02,02301,02301,2024,08,1,,,,3,1,5,1,00,0,2,00,0,0,2,1,2,2,0,0,0,0,0,0,0,0,0,0,,0,0,0,0,0,0,0,0,0,0,0,0,0,0,0,0,0,0,0,0,0,0,0,0,0,40 27:55.230,79 54:57.200,40.465342,-79.915889,,,,N,,,,,0,,,,,,,,,,,,2024081208,0,0,1,1,0,0,0,0,0,0,0,0,0,0,0,1,0,0,0,1,0,0,0,0,0,0,0,0,0,0,0,0,0,0,0,0,0,0,0,0,0,1,1,0,0,0,0,0,0,0,0,0,0,0,0,0,0,0,0,0,0,0,0,0,0,0,0,0,1,0,1,0,0,0,0,1,0,0,0,0,1,0,,0,0,0,0,0,0,2024081208,3,,3,02,,N,4,AGJE,25,,,CARVER ST,0,
5650,2024081211,11,02,02454,02454,2024,09,2,,,,3,1,4,1,01,2,2,00,0,0,2,2,2,1,0,0,0,0,1,0,0,0,1,0,,0,1,0,0,0,0,0,0,0,0,0,0,0,0,0,0,8,0,0,0,0,0,0,0,1,40 19:15.923,79 56:31.678,40.32109,-79.942133,,,1,N,,,,Y,0,,,,,,,,,,,,2024081211,0,1,1,0,0,0,0,0,0,0,0,0,0,0,0,0,0,1,0,0,1,1,0,0,0,0,0,0,0,0,0,0,0,0,0,0,0,0,0,0,0,0,0,0,0,0,0,0,0,0,0,0,0,0,1,0,0,0,0,1,0,0,0,0,0,0,0,0,1,0,0,0,0,1,0,0,0,0,0,0,0,0,,0,0,0,0,0,0,2024081211,6,,,02,,W,4,,35,,,LINDSAY-SNYDER RD,1,
5651,2024081213,11,02,02448,02448,2024,09,5,,,,3,1,4,1,02,2,2,00,0,,2,2,2,1,0,0,1,0,0,0,0,0,0,0,,0,0,0,0,0,0,0,0,0,0,0,0,0,0,0,0,0,0,0,0,0,0,0,0,0,40 24:30.093,79 53:39.232,40.408359,-79.894231,,,3,N,,,3,N,0,,,,,,,,,,,,2024081213,0,1,0,0,0,0,0,0,0,0,0,0,0,0,0,1,0,0,0,0,1,1,0,0,0,0,0,0,0,0,0,0,0,0,0,0,0,0,0,0,0,0,0,0,0,0,0,1,0,0,0,0,0,0,1,0,0,0,0,0,0,0,0,0,0,0,0,0,1,0,0,0,0,0,0,0,0,0,0,0,0,0,,0,1,0,0,0,0,2024081213,3,,3,02,,S,2,0837,35,,2771,EIGHTH AV,0,
5652,2024081216,11,02,02301,02301,2024,07,6,,,,3,1,5,1,01,2,2,00,0,0,2,2,2,0,1,0,0,0,1,0,0,0,1,0,,1,0,1,0,0,0,0,0,0,0,0,0,0,0,0,0,3,0,0,0,0,0,0,0,0,40 27:48.555,79 55:50.364,40.463488,-79.930657,,,,N,,,,,0,,,,,,,,,,,,2024081216,0,0,1,1,0,0,0,0,0,0,0,0,0,0,0,0,0,1,0,0,1,1,0,0,0,0,0,0,0,0,0,0,0,0,0,1,0,0,0,0,0,0,0,0,0,0,0,0,0,0,0,0,0,0,1,0,0,0,0,0,0,0,0,0,0,0,0,0,0,0,0,0,0,1,0,0,0,0,0,0,1,1,,0,0,0,0,0,0,2024081216,3,,,02,,E,4,,25,,,PENN AV,1,
5653,2024081218,11,02,02301,02301,2024,07,3,,,,3,1,7,4,00,0,2,00,0,0,1,1,1,1,0,0,0,0,0,0,0,0,0,0,,0,0,0,1,0,0,0,0,0,0,0,0,0,0,0,0,0,0,0,0,0,0,0,0,0,40 27:28.075,79 55:04.145,40.457799,-79.917818,,,,N,,,,,0,,,,,,,,,,,,2024081218,0,1,0,0,0,0,0,0,0,0,0,0,1,1,0,1,0,0,0,1,0,0,0,0,0,0,0,1,0,0,0,0,0,0,0,0,0,0,0,0,0,0,0,0,0,0,0,0,0,0,0,0,0,0,0,0,0,0,0,0,1,0,0,0,0,0,0,0,1,0,0,0,0,0,0,0,0,0,0,0,1,0,,0,0,0,0,0,0,2024081218,3,,3,02,,W,2,0400,30,,1750,PENN AV,0,
5654,2024081219,11,02,02301,02301,2024,07,1,,,,3,1,7,2,00,0,2,00,0,0,1,2,1,0,0,0,0,0,1,0,0,0,0,0,,0,0,2,0,0,0,0,0,0,0,0,0,0,0,0,0,9,0,0,0,0,0,0,0,0,40 27:25.890,79 53:55.800,40.457192,-79.898833,,,,Y,,,,,0,,,,,,,,,,,,2024081219,0,0,1,1,0,0,0,0,0,0,0,0,1,1,0,0,0,0,0,1,0,0,0,0,0,0,0,0,0,1,0,0,0,0,0,0,0,0,0,0,0,0,0,0,0,0,0,0,0,0,0,0,0,0,0,0,0,0,0,0,0,0,0,0,0,0,0,0,1,0,0,0,0,0,0,0,0,0,0,0,1,0,,0,0,0,0,0,0,2024081219,3,,3,02,,N,4,AHEH,25,,,LANG AV,0,
5655,2024081221,11,02,02301,02301,2024,07,5,,,,7,9,4,1,01,2,2,00,0,0,2,3,2,1,0,0,0,0,1,0,0,0,1,0,,1,0,2,0,0,0,0,0,0,0,0,0,0,0,0,0,3,0,0,0,0,0,0,1,0,40 28:10.934,79 55:15.725,40.469704,-79.921035,,,3,N,,,,N,0,,,,,,,,,,,,2024081221,0,0,1,1,0,1,0,0,0,0,0,0,0,0,0,0,0,1,0,0,1,1,0,0,0,0,0,0,0,0,0,0,0,0,0,0,0,0,0,0,0,0,0,0,0,0,0,0,0,0,0,0,0,1,1,0,0,0,1,0,0,0,0,0,0,0,0,0,1,0,0,0,0,1,0,0,0,0,0,0,1,1,,0,1,0,0,0,0,2024081221,3,,,02,,N,4,,25,,,HIGHLAND AV,1,
5656,2024081226,11,02,02301,02301,2024,06,1,,,,3,1,5,6,00,3,2,00,0,0,2,2,2,1,0,0,0,0,1,0,0,0,0,0,,0,0,1,0,0,0,0,0,0,0,0,0,0,0,0,0,9,0,0,0,0,0,0,0,0,40 27:44.120,79 53:42.800,40.462256,-79.895222,,,,N,,,,,0,,,,,,,,,,,,2024081226,0,0,1,1,0,0,0,0,0,0,0,0,0,0,0,0,0,0,0,1,0,0,0,0,0,0,0,0,0,0,0,0,0,0,0,0,0,0,0,0,0,0,0,0,0,0,0,0,0,0,0,0,0,0,0,0,0,0,0,0,0,0,0,0,0,0,0,0,1,0,1,0,0,0,0,0,0,0,0,0,1,0,,0,0,0,0,0,0,2024081226,3,,3,02,,E,4,AIFX,35,,,UPLAND ST,0,
5657,2024081228,11,02,02301,02301,2024,06,4,,,,3,1,4,1,02,0,2,00,0,0,2,2,2,0,0,0,0,0,2,0,0,0,1,0,,1,0,1,0,0,0,0,0,0,0,0,0,0,0,0,0,3,0,0,0,0,0,0,0,1,40 26:55.900,79 53:37.900,40.448861,-79.893861,,,,N,,,,,0,,,,,,,,,,,,2024081228,0,0,1,1,0,0,0,0,0,0,0,0,0,0,0,0,0,1,0,0,1,0,0,1,0,0,0,0,0,0,0,0,0,0,0,0,0,0,0,0,0,0,0,0,0,0,0,0,0,0,0,0,0,0,1,0,0,0,0,1,0,0,0,0,0,0,0,0,1,0,0,0,0,1,0,0,0,0,0,0,0,1,,0,0,0,0,0,0,2024081228,3,,3,02,,S,4,AIDL,25,,,BRADDOCK AV,1,
5658,2024081232,11,02,02301,02301,2024,05,5,,,,3,1,1,1,03,2,2,00,0,0,2,2,2,1,0,0,1,0,0,0,0,0,0,0,,0,0,1,0,0,0,0,0,0,0,0,0,0,0,0,0,9,0,0,0,0,0,0,0,0,40 29:18.274,79 56:13.758,40.488409,-79.937155,,,,N,,,,,0,,,,,,,,,,,,2024081232,0,1,0,0,0,0,0,0,0,0,1,0,0,0,0,0,0,0,0,0,1,1,0,0,0,0,0,0,0,0,0,0,0,0,0,0,0,0,0,0,0,0,0,0,0,0,0,0,0,0,0,0,0,0,0,0,0,0,0,0,0,0,0,0,0,0,0,0,1,0,0,0,0,0,0,0,0,0,0,0,0,0,,0,0,0,0,0,0,2024081232,3,,3,02,,N,2,0008,35,,0,SIXTYSECOND ST BR,0,
5659,2024081233,11,02,02301,02301,2024,05,7,,,,3,1,7,5,01,3,2,00,0,0,1,1,1,1,0,0,0,0,0,0,0,0,0,0,,0,0,1,0,0,0,0,0,0,0,0,0,0,0,0,0,9,0,0,0,0,0,1,0,0,40 27:47.300,79 53:57.500,40.463139,-79.899306,,,,N,,,3,,0,,,,,,,,,,,,2024081233,0,0,1,1,0,0,0,0,0,0,0,0,1,1,0,0,0,0,0,0,1,0,1,1,0,0,0,0,0,1,0,0,0,0,0,0,0,0,0,0,0,0,0,0,0,0,0,0,0,0,0,0,1,1,1,0,0,0,0,0,0,0,0,0,0,0,0,1,1,0,0,0,0,0,0,0,0,0,0,0,0,0,,0,0,0,0,0,0,2024081233,3,,,02,,N,4,,25,,,MURTLAND ST,0,