_id,CRASH_CRN,DISTRICT,CRASH_COUNTY,MUNICIPALITY,POLICE_AGCY,CRASH_YEAR,CRASH_MONTH,DAY_OF_WEEK,TIME_OF_DAY,HOUR_OF_DAY,ILLUMINATION,WEATHER,ROAD_CONDITION,COLLISION_TYPE,RELATION_TO_ROAD,INTERSECT_TYPE,TCD_TYPE,URBAN_RURAL,LOCATION_TYPE,SCH_BUS_IND,SCH_ZONE_IND,TOTAL_UNITS,PERSON_COUNT,VEHICLE_COUNT,AUTOMOBILE_COUNT,MOTORCYCLE_COUNT,BUS_COUNT,SMALL_TRUCK_COUNT,HEAVY_TRUCK_COUNT,SUV_COUNT,VAN_COUNT,BICYCLE_COUNT,FATAL_COUNT,INJURY_COUNT,MAJ_INJ_COUNT,MOD_INJ_COUNT,MIN_INJ_COUNT,UNK_INJ_DEG_COUNT,UNK_INJ_PER_COUNT,UNBELTED_OCC_COUNT,UNB_DEATH_COUNT,UNB_MAJ_INJ_COUNT,BELTED_DEATH_COUNT,BELTED_MAJ_INJ_COUNT,MCYCLE_DEATH_COUNT,MCYCLE_MAJ_INJ_COUNT,BICYCLE_DEATH_COUNT,BICYCLE_MAJ_INJ_COUNT,PED_COUNT,PED_DEATH_COUNT,PED_MAJ_INJ_COUNT,COMM_VEH_COUNT,MAX_SEVERITY_LEVEL,DRIVER_COUNT_16YR,DRIVER_COUNT_17YR,DRIVER_COUNT_18YR,DRIVER_COUNT_19YR,DRIVER_COUNT_20YR,DRIVER_COUNT_50_64YR,DRIVER_COUNT_65_74YR,DRIVER_COUNT_75PLUS,LATITUDE,LONGITUDE,DEC_LAT,DEC_LONG,EST_HRS_CLOSED,LANE_CLOSED,LN_CLOSE_DIR,NTFY_HIWY_MAINT,RDWY_SURF_TYPE_CD,SPEC_JURIS_CD,TCD_FUNC_CD,TFC_DETOUR_IND,WORK_ZONE_IND,WORK_ZONE_TYPE,WORK_ZONE_LOC,CONS_ZONE_SPD_LIM,WORKERS_PRES,WZ_CLOSE_DETOUR,WZ_FLAGGER,WZ_LAW_OFFCR_IND,WZ_LN_CLOSURE,WZ_MOVING,WZ_OTHER,WZ_SHLDER_MDN,FLAG_CRN,INTERSTATE,STATE_ROAD,LOCAL_ROAD,LOCAL_ROAD_ONLY,TURNPIKE,WET_ROAD,SNOW_SLUSH_ROAD,ICY_ROAD,SUDDEN_DEER,SHLDR_RELATED,REAR_END,HO_OPPDIR_SDSWP,HIT_FIXED_OBJECT,SV_RUN_OFF_RD,WORK_ZONE,PROPERTY_DAMAGE_ONLY,FATAL_OR_MAJ_INJ,INJURY,FATAL,NON_INTERSECTION,INTERSECTION,SIGNALIZED_INT,STOP_CONTROLLED_INT,UNSIGNALIZED_INT,SCHOOL_BUS,SCHOOL_ZONE,HIT_DEER,HIT_TREE_SHRUB,HIT_EMBANKMENT,HIT_POLE,HIT_GDRAIL,HIT_GDRAIL_END,HIT_BARRIER,HIT_BRIDGE,OVERTURNED,MOTORCYCLE,BICYCLE,HVY_TRUCK_RELATED,VEHICLE_FAILURE,TRAIN_TROLLEY,PHANTOM_VEHICLE,ALCOHOL_RELATED,DRINKING_DRIVER,UNDERAGE_DRNK_DRV,UNLICENSED,CELL_PHONE,NO_CLEARANCE,RUNNING_RED_LT,TAILGATING,CROSS_MEDIAN,CURVE_DVR_ERROR,LIMIT_65MPH,SPEEDING,SPEEDING_RELATED,AGGRESSIVE_DRIVING,FATIGUE_ASLEEP,DRIVER_16YR,DRIVER_17YR,DRIVER_65_74YR,DRIVER_75PLUS,UNBELTED,PEDESTRIAN,DISTRACTED,CURVED_ROAD,DRIVER_18YR,DRIVER_19YR,DRIVER_20YR,DRIVER_50_64YR,VEHICLE_TOWED,FIRE_IN_VEHICLE,HIT_PARKED_VEHICLE,MC_DRINKING_DRIVER,DRUGGED_DRIVER,INJURY_OR_FATAL,COMM_VEHICLE,IMPAIRED_DRIVER,DEER_RELATED,DRUG_RELATED,HAZARDOUS_TRUCK,ILLEGAL_DRUG_RELATED,ILLUMINATION_DARK,MINOR_INJURY,MODERATE_INJURY,MAJOR_INJURY,NHTSA_AGG_DRIVING,PSP_REPORTED,RUNNING_STOP_SIGN,TRAIN,TROLLEY,ROADWAY_CRN,RDWY_SEQ_NUM,ADJ_RDWY_SEQ,ACCESS_CTRL,ROADWAY_COUNTY,LANE_COUNT,RDWY_ORIENT,ROAD_OWNER,ROUTE,SPEED_LIMIT,SEGMENT,OFFSET,STREET_NAME,TOT_INJ_COUNT,SCHOOL_BUS_UNIT
5749,2024082189,11,02,02301,02301,2024,05,2,,,,3,1,5,6,00,0,2,00,0,0,4,2,4,1,0,0,0,0,3,0,0,0,0,0,,0,0,0,0,0,0,0,0,0,0,0,0,0,0,0,0,0,0,0,0,0,0,0,0,0,40 28:08.900,80 01:37.900,40.469139,-80.027194,,,,N,,,,,0,,,,,,,,,,,,2024082189,0,0,1,1,0,0,0,0,0,0,0,0,0,0,0,1,0,0,0,1,0,0,0,0,0,0,0,0,0,0,0,0,0,0,0,0,0,0,0,0,0,1,1,0,0,0,0,0,0,0,0,0,0,0,0,0,0,0,0,0,0,0,0,0,0,0,0,0,1,0,1,0,0,0,0,1,0,0,0,0,1,0,,0,0,0,0,0,0,2024082189,3,,3,02,,N,4,AIA6,25,,,STAYTON ST,0,
5750,2024082191,11,02,02301,02301,2024,05,4,,,,3,1,8,1,00,0,2,00,0,0,2,2,1,0,0,0,0,0,0,0,0,0,1,0,,1,0,1,0,0,0,0,0,0,0,0,0,1,0,0,0,3,0,0,0,0,0,0,0,0,40 27:12.400,80 00:03.300,40.453444,-80.000917,,,6,N,,,,N,0,,,,,,,,,,,,2024082191,0,0,1,1,0,0,0,0,0,0,0,0,0,0,0,0,0,1,0,1,0,0,0,0,0,0,0,0,0,0,0,0,0,0,0,0,0,0,0,0,0,1,0,0,0,0,0,0,0,0,0,0,0,0,0,0,0,0,0,0,0,1,0,0,0,0,0,0,0,0,0,0,0,1,0,0,0,0,0,0,1,1,,0,0,0,0,0,0,2024082191,3,,,02,,E,4,,25,,,OHIO ST,1,
5751,2024082192,11,02,02301,02301,2024,05,2,,,,3,1,5,1,00,0,2,00,0,0,3,3,3,2,0,0,1,0,0,0,0,0,1,0,,0,1,0,0,0,0,0,0,0,0,0,0,0,0,0,0,8,0,0,0,0,0,1,0,0,40 27:43.830,79 58:54.631,40.462175,-79.981842,,,1,N,,,,N,0,,,,,,,,,,,,2024082192,0,1,0,0,0,0,0,0,0,0,0,0,0,0,0,0,0,1,0,1,0,0,0,0,0,0,0,0,0,0,0,0,0,0,0,0,0,0,0,0,0,1,1,0,0,0,0,0,0,0,0,0,0,0,0,0,0,0,0,0,0,0,0,0,0,0,0,1,1,0,0,0,0,1,0,1,0,0,0,0,1,0,,0,0,0,0,0,0,2024082192,3,,1,02,,N,2,0028,35,,547,EAST OHIO ST,1,
5752,2024082204,11,02,02124,68B03,2024,09,4,,,,3,1,4,1,00,0,2,07,0,0,2,3,2,1,0,0,0,1,0,0,0,0,1,0,,1,0,0,1,0,0,0,0,0,0,0,0,0,0,0,1,3,0,0,0,0,0,1,0,0,40 26:29.939,79 49:39.147,40.44165,-79.827541,,,,N,,,,,1,1,4,55,1,0,0,0,1,0,0,1,2024082204,1,1,0,0,0,0,0,0,0,0,0,0,0,0,1,0,0,1,0,1,0,0,0,0,0,0,0,0,0,0,0,0,0,0,0,0,0,1,0,0,0,0,0,0,0,0,0,0,0,0,0,0,0,1,1,0,0,0,0,0,1,0,0,1,0,0,0,1,1,0,0,0,0,1,1,0,0,0,0,0,0,1,,0,1,1,0,0,0,2024082204,3,,1,02,,E,1,0376,55,,5,PENN LINCOLN PY,1,
5753,2024082232,11,02,02301,02301,2024,05,6,,,,3,1,1,6,00,0,2,00,0,0,3,1,3,0,0,0,1,0,0,1,0,0,0,0,,0,0,0,0,0,0,0,0,0,0,0,0,0,0,0,0,0,0,0,0,0,0,0,0,0,40 28:37.263,80 00:44.223,40.477018,-80.012284,,,1,N,,,,N,0,,,,,,,,,,,,2024082232,0,1,0,0,0,0,0,0,0,0,1,0,0,0,0,1,0,0,0,1,0,0,0,0,0,0,0,0,0,0,0,0,0,0,0,0,0,0,0,0,0,0,0,0,0,0,0,0,0,0,0,0,0,0,0,0,0,0,0,0,0,0,0,0,0,0,0,0,1,0,1,0,0,0,0,0,0,0,0,0,1,0,,0,0,0,0,0,0,2024082232,3,,3,02,,S,2,0019,35,,1981,PERRYSVILLE AV,0,
5754,2024082234,11,02,02301,02301,2024,04,7,,,,3,1,3,4,00,0,2,00,0,0,2,2,2,1,0,0,0,0,1,0,0,0,1,0,,0,1,0,0,0,0,0,0,0,0,0,0,0,0,0,0,8,0,0,0,0,0,0,0,0,40 28:37.390,80 00:44.196,40.477053,-80.012277,,,,N,,,,N,0,,,,,,,,,,,,2024082234,0,1,0,0,0,0,0,0,0,0,0,0,0,1,0,0,0,1,0,1,0,0,0,0,0,0,0,0,0,0,0,0,0,0,0,0,0,0,0,0,0,0,0,0,0,0,0,0,0,0,0,0,0,0,0,0,0,0,0,0,0,0,0,0,0,0,0,0,0,0,1,0,0,1,0,0,0,0,0,0,1,0,,0,0,0,0,0,0,2024082234,3,,3,02,,N,2,0019,35,,1994,PERRYSVILLE AV,1,
5755,2024082235,11,02,02301,02301,2024,04,2,,,,3,1,1,6,00,0,2,00,0,0,3,1,3,2,0,0,1,0,0,0,0,0,1,0,,1,0,0,0,0,0,0,0,0,0,0,0,0,0,0,0,3,0,0,0,0,0,0,0,0,40 29:20.100,80 02:32.900,40.488917,-80.042472,,,,N,,,,,0,,,,,,,,,,,,2024082235,0,0,1,1,0,0,0,0,0,0,1,0,0,0,0,0,0,1,0,1,0,0,0,0,0,0,0,0,0,0,0,0,0,0,0,0,0,0,0,0,0,1,1,0,0,0,0,0,0,0,0,0,0,0,0,0,0,0,0,0,0,0,0,0,0,0,0,0,1,0,1,0,0,1,0,1,0,0,0,0,0,1,,0,0,0,0,0,0,2024082235,3,,3,02,2,S,4,AGGS,35,,,BRIGHTON RD,1,
5756,2024082236,11,02,02216,02505,2024,09,5,,,,3,1,1,1,00,0,2,00,0,0,3,3,3,2,0,0,0,0,1,0,0,0,0,0,,0,0,0,0,0,0,0,0,0,0,0,0,0,0,0,0,0,0,0,0,0,0,0,1,0,40 39:12.255,80 04:03.048,40.653404,-80.067513,,,3,N,,,0,N,0,,,,,,,,,,,,2024082236,0,1,0,0,0,0,0,0,0,0,1,0,0,0,0,1,0,0,0,1,0,0,0,0,0,0,0,0,0,0,0,0,0,0,0,0,0,0,0,0,0,0,0,0,0,0,0,0,1,0,0,0,0,0,1,0,0,0,1,0,0,0,0,0,0,0,0,0,1,0,0,0,0,0,0,0,0,0,0,0,0,0,,0,0,0,0,0,0,2024082236,3,,3,02,,E,2,4052,35,,790,WARRENDALE BAYNE RD,0,
5757,2024082237,11,02,02301,02301,2024,04,1,,,,3,1,4,1,01,2,2,00,0,0,2,3,2,2,0,0,0,0,0,0,0,0,0,0,,0,0,2,0,0,0,0,0,0,0,0,0,0,0,0,0,9,0,0,0,0,0,0,0,0,40 27:14.353,79 59:52.267,40.453987,-79.997852,,,1,N,,,,N,0,,,,,,,,,,,,2024082237,0,1,0,0,0,0,0,0,0,0,0,0,0,0,0,0,0,0,0,0,1,1,0,0,0,0,0,0,0,0,0,0,0,0,0,0,0,0,0,0,0,0,0,0,0,0,0,0,0,0,0,0,0,0,1,0,0,0,0,0,0,0,0,0,0,0,0,0,1,0,0,0,0,0,0,0,0,0,0,0,1,0,,0,0,0,0,0,0,2024082237,3,,3,02,,E,2,4084,25,,0,E OHIO ST,0,
5758,2024082241,11,02,02301,02301,2024,04,6,,,,7,9,4,1,01,2,2,00,0,0,2,3,2,1,0,0,0,0,1,0,0,0,0,0,,0,0,1,0,0,0,0,0,0,0,0,0,0,0,0,0,9,0,0,0,0,0,0,0,0,40 26:55.050,80 00:08.200,40.448625,-80.002278,,,,N,,,,,0,,,,,,,,,,,,2024082241,0,0,1,1,0,1,0,0,0,0,0,0,0,0,0,0,0,0,0,0,1,1,0,0,0,0,0,0,0,0,0,0,0,0,0,0,0,0,0,0,0,0,0,0,0,0,0,1,0,0,0,0,0,0,1,0,0,0,0,0,0,0,0,0,0,0,0,0,1,0,0,0,0,0,0,0,0,0,0,0,0,0,,0,0,0,0,0,0,2024082241,3,,,02,,E,4,,25,,,GENERAL ROBINSON ST,0,
5759,2024082242,11,02,02301,02301,2024,04,2,,,,7,9,5,1,00,0,2,00,0,0,3,3,3,2,0,0,0,0,1,0,0,0,2,0,,2,0,0,0,0,0,0,0,0,0,0,0,0,0,0,0,3,0,0,0,0,0,1,0,0,40 27:43.532,79 58:55.384,40.462092,-79.982051,,,2,N,,,,N,0,,,,,,,,,,,,2024082242,0,1,0,0,0,1,0,0,0,0,0,0,0,0,0,0,0,1,0,1,0,0,0,0,0,0,0,0,0,0,0,0,0,0,0,0,0,0,0,0,0,1,1,0,0,0,0,0,0,0,0,0,0,0,0,0,0,0,0,0,0,0,0,0,0,0,0,1,1,0,0,0,0,1,0,1,0,0,0,0,1,1,,0,0,0,0,0,0,2024082242,3,,1,02,,S,2,0028,35,,511,EAST OHIO ST,2,
5760,2024082244,11,02,02301,02301,2024,03,7,,,,3,99,7,4,11,0,2,00,0,0,1,1,1,0,0,0,1,0,0,0,0,0,1,0,,1,0,0,0,0,0,0,0,0,0,0,0,0,0,0,0,3,0,0,0,0,0,1,0,0,40 27:31.180,79 59:54.063,40.458661,-79.998351,,,4,N,,,,N,0,,,,,,,,,,,,2024082244,0,1,1,0,0,0,0,0,0,0,0,0,1,1,0,0,0,1,0,0,1,0,0,1,0,0,0,0,0,0,0,0,0,0,0,0,0,0,0,0,0,1,1,0,0,0,0,0,0,0,0,0,0,0,0,0,0,0,0,0,0,0,0,0,0,0,0,1,1,0,0,0,0,1,0,1,0,0,0,0,1,1,,0,0,0,0,0,0,2024082244,6,,,02,,S,4,,25,,,EAST ST,1,
5761,2024082253,11,02,02301,02301,2024,09,3,,,,4,1,2,5,03,0,2,00,0,0,5,1,5,2,0,0,1,0,1,1,0,0,0,0,,0,0,0,0,0,0,0,0,0,0,0,0,0,0,0,0,0,0,0,0,0,0,0,0,0,40 25:59.015,80 01:42.722,40.43306,-80.028534,,,1,N,,,,N,0,,,,,,,,,,,,2024082253,0,1,1,0,0,0,0,0,0,0,0,1,0,1,0,1,0,0,0,0,1,0,0,1,0,0,0,0,0,0,0,0,0,0,0,0,0,0,0,0,0,0,0,0,0,0,0,0,0,0,0,0,0,1,1,0,0,0,0,0,0,0,0,1,0,0,0,0,1,0,1,0,0,0,0,0,0,0,0,0,0,0,,0,0,0,0,0,0,2024082253,4,,,02,,S,4,,25,,,WABASH ST,0,
5762,2024082271,11,02,02301,02301,2024,03,4,,,,7,9,7,2,00,0,2,00,0,0,1,1,1,0,0,0,0,0,1,0,0,0,1,0,,0,0,0,0,0,0,0,0,0,0,0,0,0,0,0,0,4,0,0,0,0,0,0,0,0,40 26:52.310,80 01:14.500,40.447864,-80.020694,,,4,N,,,,N,0,,,,,,,,,,,,2024082271,0,0,1,1,0,1,0,0,0,0,0,0,1,1,0,0,0,1,0,1,0,0,0,0,0,0,0,0,0,0,0,0,0,0,1,0,0,0,0,0,0,1,1,0,0,0,0,0,0,0,0,0,0,0,0,0,0,0,0,0,0,0,0,1,0,0,0,0,1,0,0,0,0,1,0,1,0,0,0,0,1,0,,0,0,0,0,0,0,2024082271,3,,,02,2,W,4,,25,,,REEDSDALE ST,1,
5763,2024082273,11,02,02301,02301,2024,03,3,,,,3,1,4,1,01,2,2,00,0,0,2,2,2,0,0,0,1,0,1,0,0,0,2,0,,0,2,0,0,0,0,0,0,0,0,0,0,0,0,0,0,8,0,0,0,0,0,1,0,0,40 26:52.900,80 01:04.200,40.448028,-80.017833,,,5,N,,,,N,0,,,,,,,,,,,,2024082273,0,0,1,1,0,0,0,0,0,0,0,0,0,0,0,0,0,1,0,0,1,1,0,0,0,0,0,0,0,0,0,0,0,0,0,0,0,0,0,0,0,0,0,0,0,0,0,0,0,0,0,0,0,0,1,0,0,0,0,0,0,0,0,0,0,0,0,1,1,0,0,0,0,1,0,0,0,0,0,0,0,0,,0,0,0,0,0,0,2024082273,3,,,02,,N,4,,25,,,ALLEGHENY AV,2,
5764,2024082274,11,02,02301,02301,2024,02,1,,,,3,1,7,5,00,0,2,00,0,0,1,1,1,1,0,0,0,0,0,0,0,0,1,0,,1,0,0,0,0,0,0,0,0,0,0,0,0,0,0,0,3,0,0,0,0,0,0,1,0,40 29:40.610,80 01:33.014,40.494614,-80.025837,,,,N,,,0,,0,,,,,,,,,,,,2024082274,0,0,1,1,0,0,0,0,0,0,0,0,1,1,0,0,0,1,0,1,0,0,0,0,0,0,0,0,0,0,0,0,0,0,0,0,0,0,0,0,0,1,1,0,0,0,0,0,0,0,0,0,0,0,0,0,0,0,1,0,0,0,0,0,0,0,0,0,1,0,0,0,0,1,0,1,0,0,0,0,0,1,,0,0,0,0,0,0,2024082274,3,,,02,,E,4,,35,,,BASCOM ST,1,
5765,2024082277,11,02,02301,02301,2024,02,4,,,,3,1,4,1,01,0,2,00,0,0,2,4,2,1,0,0,0,0,1,0,0,0,1,0,,0,1,1,0,0,0,0,0,0,0,0,0,0,0,0,0,8,0,0,0,0,0,1,0,0,40 27:52.188,80 01:04.885,40.464497,-80.018024,,,,N,,,,,0,,,,,,,,,,,,2024082277,0,0,1,1,0,0,0,0,0,0,0,0,0,0,0,0,0,1,0,0,1,0,0,1,0,0,0,0,0,0,0,0,0,0,0,0,0,0,0,0,0,0,0,0,0,0,0,0,0,0,0,0,0,0,0,0,0,0,0,0,0,0,0,0,0,0,0,1,0,0,0,0,0,1,0,0,0,0,0,0,0,0,,0,0,0,0,0,0,2024082277,3,,3,02,,E,4,AHA3,25,,,BURGESS ST,1,
5766,2024082278,11,02,02301,02301,2024,02,7,,,,3,1,7,4,00,0,2,00,0,0,1,1,1,1,0,0,0,0,0,0,0,0,0,0,,0,0,0,0,0,0,0,0,0,0,0,0,0,0,0,0,0,0,0,0,0,0,0,0,0,40 28:56.699,80 00:21.008,40.482416,-80.005836,,,,N,,,,,0,,,,,,,,,,,,2024082278,0,1,0,0,0,0,0,0,0,0,0,0,1,1,0,1,0,0,0,1,0,0,0,0,0,0,0,0,0,1,0,0,0,0,0,0,0,0,0,0,0,1,1,0,0,0,0,0,0,0,0,0,0,0,0,0,0,0,0,0,0,0,0,0,0,0,0,0,1,0,0,0,0,0,0,1,0,0,0,0,1,0,,0,0,0,0,0,0,2024082278,3,,3,02,,W,2,4010,55,,44,MT PLEASANT RD,0,
5767,2024082281,11,02,02301,02301,2024,02,1,,,,3,1,1,1,00,9,2,00,0,0,2,4,2,1,0,0,0,0,1,0,0,0,2,0,,2,0,1,0,0,0,0,0,0,0,0,0,0,0,0,0,3,0,0,0,0,0,1,0,0,40 26:54.803,80 00:09.605,40.448556,-80.002668,,,,N,,,,,0,,,,,,,,,,,,2024082281,0,0,1,1,0,0,0,0,0,0,1,0,0,0,0,0,0,1,0,1,0,0,0,0,0,0,0,0,0,0,0,0,0,0,0,0,0,0,0,0,0,0,0,0,0,0,0,0,0,0,0,0,0,0,0,0,0,0,0,0,0,0,0,0,0,0,0,1,0,0,0,0,0,1,0,0,0,0,0,0,0,1,,0,0,0,0,0,0,2024082281,3,,,02,,E,4,,25,,,GENERAL ROBINSON ST,2,
5768,2024082284,11,02,02301,02301,2024,01,6,,,,3,1,5,6,00,0,2,00,0,0,3,2,3,1,0,0,1,0,1,0,0,0,0,0,,0,0,0,0,0,0,0,0,0,0,0,0,0,0,0,0,0,0,0,0,0,0,0,0,0,40 27:53.190,79 59:30.090,40.464775,-79.991692,,,7,N,,,,N,0,,,,,,,,,,,,2024082284,0,0,1,1,0,0,0,0,0,0,0,0,0,0,0,1,0,0,0,1,0,0,0,0,0,0,0,0,0,0,0,0,0,0,0,0,0,0,0,0,0,0,0,0,0,0,0,0,0,0,0,0,1,1,1,0,0,0,0,0,0,0,0,0,0,0,0,0,1,0,1,0,0,0,0,0,0,0,0,0,1,0,,0,0,0,0,0,0,2024082284,3,,3,02,,E,4,AI0C,15,,,RHINE ST,0,
5769,2024082287,11,02,02413,02413,2024,09,5,,,,3,1,4,1,02,3,2,00,0,0,2,2,2,1,0,0,1,0,0,0,0,0,0,0,,0,0,2,0,0,0,0,0,0,0,0,0,0,0,0,0,9,0,0,0,0,0,0,1,1,40 23:05.359,79 58:37.054,40.384822,-79.976959,,,5,N,,,,Y,0,,,,,,,,,,,,2024082287,0,0,1,1,0,0,0,0,0,0,0,0,0,0,0,0,0,0,0,0,1,0,1,1,0,0,0,0,0,1,0,0,0,0,0,0,0,0,0,0,0,0,0,0,0,0,1,0,0,0,0,0,0,0,1,0,0,0,1,1,0,0,0,0,0,0,0,0,1,0,0,0,0,0,0,0,0,0,0,0,0,0,,0,0,0,0,0,0,2024082287,3,,3,02,,W,4,AJX1,25,,,PYRAMID AV,0,
5770,2024082300,11,02,02220,02220,2024,09,2,,,,7,9,6,1,00,0,1,00,0,0,2,2,2,0,0,0,0,0,2,0,0,0,0,0,,0,0,0,0,0,0,0,0,0,0,0,0,0,0,0,0,0,0,0,0,0,0,0,0,0,40 39:15.580,79 53:35.397,40.654328,-79.893166,,,6,N,,,,N,0,,,,,,,,,,,,2024082300,0,1,0,0,0,1,0,0,0,0,0,1,0,0,0,1,0,0,0,1,0,0,0,0,0,0,0,0,0,0,0,0,0,0,0,0,0,0,0,0,0,0,0,0,0,0,0,0,0,0,0,0,0,0,0,0,0,0,0,0,0,0,0,1,0,0,0,0,1,0,0,0,0,0,0,0,0,0,0,0,0,0,,0,0,0,0,0,0,2024082300,3,,3,02,2,E,2,1028,40,,1173,BAKERSTOWN RD,0,
5771,2024082304,11,02,02422,02501,2024,09,7,,,,3,1,1,1,03,2,2,00,0,0,2,5,2,1,1,0,0,0,0,0,0,1,0,0,,0,0,0,0,0,0,0,0,1,0,0,0,0,0,0,0,1,0,0,0,0,0,0,0,0,40 23:44.788,80 01:58.994,40.395774,-80.033054,,,7,N,2,0,,Y,0,,,,,,,,,,,,2024082304,0,1,1,0,0,0,0,0,0,0,1,0,0,0,0,0,1,0,1,0,1,1,0,0,0,0,0,0,0,0,0,0,0,0,0,1,0,0,0,0,0,0,0,0,1,0,0,0,0,0,0,0,0,0,0,0,0,0,0,0,0,0,0,0,0,0,0,0,1,0,0,0,0,1,0,0,0,0,0,0,1,0,,0,0,0,0,0,0,2024082304,5,,,02,2,W,4,,25,,,PIONEER AV,0,
5772,2024082306,11,02,02301,02301,2024,01,2,,,,7,9,7,5,00,0,2,00,0,0,1,3,1,0,0,0,0,0,1,0,0,0,0,0,,0,0,0,0,0,0,0,0,0,0,0,0,0,0,0,0,0,0,0,0,0,0,0,0,0,40 24:38.024,80 00:54.466,40.410562,-80.015129,,,5,N,,,,N,0,,,,,,,,,,,,2024082306,0,1,0,0,0,1,0,0,0,0,0,0,1,1,0,1,0,0,0,1,0,0,0,0,0,0,0,0,0,1,0,0,0,0,0,0,0,0,0,0,0,0,0,0,0,0,0,0,0,0,0,0,0,0,0,0,0,0,0,0,0,0,0,0,0,0,0,0,1,0,0,0,0,0,0,0,0,0,0,0,1,0,,0,0,0,0,0,0,2024082306,3,,3,02,,N,2,3069,35,,1834,WEST LIBERTY AV,0,
5773,2024082307,11,02,02301,02301,2024,01,2,,,,3,1,4,1,01,2,2,00,0,0,2,2,2,1,0,0,0,0,1,0,0,0,1,0,,0,1,0,0,0,0,0,0,0,0,0,0,0,0,0,0,8,0,0,0,0,0,1,0,1,40 27:57.435,79 57:12.777,40.465954,-79.953549,,,7,N,,,,N,0,,,,,,,,,,,,2024082307,0,0,1,1,0,0,0,0,0,0,0,0,0,0,0,0,0,1,0,0,1,1,0,0,0,0,0,0,0,0,0,0,0,0,0,0,0,0,0,0,0,0,0,0,0,0,0,1,0,0,0,0,0,0,1,0,0,0,0,1,0,0,0,0,0,0,0,1,1,0,0,0,0,1,0,0,0,0,0,0,0,0,,0,0,0,0,0,0,2024082307,3,,3,02,,W,4,AGZK,25,,,PENN AV,1,
5774,2024082308,11,02,02301,02301,2024,01,2,,,,7,9,1,1,00,0,2,00,0,0,3,4,3,1,0,0,0,0,2,0,0,0,1,0,,0,0,0,0,0,0,0,0,0,0,0,0,0,0,0,0,4,0,0,0,1,0,0,1,0,40 27:24.172,79 57:48.159,40.456714,-79.963378,,,,N,,,,,0,,,,,,,,,,,,2024082308,0,1,0,0,0,1,0,0,0,0,1,0,0,0,0,0,0,1,0,1,0,0,0,0,0,0,0,0,0,0,0,0,0,0,0,0,0,0,0,0,0,0,0,0,0,0,0,0,0,0,0,0,0,0,0,0,0,0,1,0,0,0,0,0,0,1,0,0,1,0,0,0,0,1,0,0,0,0,0,0,1,0,,0,0,0,0,0,0,2024082308,3,,3,02,,E,2,0400,35,,980,BIGELOW BL,1,
5775,2024082310,11,02,02301,02301,2024,01,3,,,,3,1,4,1,00,0,2,00,0,0,2,2,2,1,0,0,0,0,1,0,0,0,1,0,,1,0,0,0,0,0,0,0,0,0,0,0,0,0,0,0,3,0,0,0,0,0,0,0,0,40 27:58.550,79 56:30.890,40.466264,-79.941914,,,,N,,,,,0,,,,,,,,,,,,2024082310,0,0,1,1,0,0,0,0,0,0,0,0,0,0,0,0,0,1,0,1,0,0,0,0,0,0,0,0,0,1,0,0,0,0,0,0,0,0,0,0,0,0,0,0,0,0,0,0,0,0,0,0,0,0,0,0,0,0,0,0,0,0,0,0,0,0,0,0,1,0,1,0,0,1,0,0,0,0,0,0,0,1,,0,0,0,0,0,0,2024082310,3,,3,02,2,E,4,AGH1,25,,,BROAD ST,1,
5776,2024082311,11,02,02301,02301,2024,01,4,,,,3,1,1,1,00,0,2,04,0,0,2,2,2,1,0,0,1,0,0,0,0,0,1,0,,0,0,0,0,0,0,0,0,0,0,0,0,0,0,0,0,4,0,0,0,0,0,0,1,0,40 25:43.725,79 59:58.117,40.428813,-79.999477,,,3,N,,,,N,0,,,,,,,,,,,,2024082311,0,1,0,0,0,0,0,0,0,0,1,0,0,0,0,0,0,1,0,1,0,0,0,0,0,0,0,0,0,0,0,0,0,0,0,0,0,0,0,0,0,0,0,0,0,0,0,0,0,0,0,0,0,0,0,0,0,0,1,0,0,0,0,0,0,0,0,0,0,0,0,0,0,1,0,0,0,0,0,0,1,0,,0,0,0,0,0,0,2024082311,3,,3,02,,N,2,3069,35,,5768,LIBERTY TN,1,
5777,2024082312,11,02,02301,02301,2024,01,4,,,,3,1,7,4,01,3,2,00,0,0,1,1,1,1,0,0,0,0,0,0,0,0,0,0,,0,0,0,0,0,0,0,0,0,0,0,0,0,0,0,0,0,0,0,0,0,0,1,0,0,40 25:52.130,80 00:38.193,40.431147,-80.010609,,,,N,,,,,0,,,,,,,,,,,,2024082312,0,0,1,1,0,0,0,0,0,0,0,0,1,1,0,1,0,0,0,0,1,0,1,1,0,0,0,0,0,0,0,0,0,0,0,0,0,0,0,0,0,0,0,0,0,0,0,0,0,0,0,0,0,0,0,0,0,0,0,0,0,0,1,0,0,0,0,1,1,0,0,0,0,0,0,0,0,0,0,0,0,0,,0,0,0,0,0,0,2024082312,3,,,02,2,S,4,,25,,,KEARSARGE ST,0,