_id,CRASH_CRN,DISTRICT,CRASH_COUNTY,MUNICIPALITY,POLICE_AGCY,CRASH_YEAR,CRASH_MONTH,DAY_OF_WEEK,TIME_OF_DAY,HOUR_OF_DAY,ILLUMINATION,WEATHER,ROAD_CONDITION,COLLISION_TYPE,RELATION_TO_ROAD,INTERSECT_TYPE,TCD_TYPE,URBAN_RURAL,LOCATION_TYPE,SCH_BUS_IND,SCH_ZONE_IND,TOTAL_UNITS,PERSON_COUNT,VEHICLE_COUNT,AUTOMOBILE_COUNT,MOTORCYCLE_COUNT,BUS_COUNT,SMALL_TRUCK_COUNT,HEAVY_TRUCK_COUNT,SUV_COUNT,VAN_COUNT,BICYCLE_COUNT,FATAL_COUNT,INJURY_COUNT,MAJ_INJ_COUNT,MOD_INJ_COUNT,MIN_INJ_COUNT,UNK_INJ_DEG_COUNT,UNK_INJ_PER_COUNT,UNBELTED_OCC_COUNT,UNB_DEATH_COUNT,UNB_MAJ_INJ_COUNT,BELTED_DEATH_COUNT,BELTED_MAJ_INJ_COUNT,MCYCLE_DEATH_COUNT,MCYCLE_MAJ_INJ_COUNT,BICYCLE_DEATH_COUNT,BICYCLE_MAJ_INJ_COUNT,PED_COUNT,PED_DEATH_COUNT,PED_MAJ_INJ_COUNT,COMM_VEH_COUNT,MAX_SEVERITY_LEVEL,DRIVER_COUNT_16YR,DRIVER_COUNT_17YR,DRIVER_COUNT_18YR,DRIVER_COUNT_19YR,DRIVER_COUNT_20YR,DRIVER_COUNT_50_64YR,DRIVER_COUNT_65_74YR,DRIVER_COUNT_75PLUS,LATITUDE,LONGITUDE,DEC_LAT,DEC_LONG,EST_HRS_CLOSED,LANE_CLOSED,LN_CLOSE_DIR,NTFY_HIWY_MAINT,RDWY_SURF_TYPE_CD,SPEC_JURIS_CD,TCD_FUNC_CD,TFC_DETOUR_IND,WORK_ZONE_IND,WORK_ZONE_TYPE,WORK_ZONE_LOC,CONS_ZONE_SPD_LIM,WORKERS_PRES,WZ_CLOSE_DETOUR,WZ_FLAGGER,WZ_LAW_OFFCR_IND,WZ_LN_CLOSURE,WZ_MOVING,WZ_OTHER,WZ_SHLDER_MDN,FLAG_CRN,INTERSTATE,STATE_ROAD,LOCAL_ROAD,LOCAL_ROAD_ONLY,TURNPIKE,WET_ROAD,SNOW_SLUSH_ROAD,ICY_ROAD,SUDDEN_DEER,SHLDR_RELATED,REAR_END,HO_OPPDIR_SDSWP,HIT_FIXED_OBJECT,SV_RUN_OFF_RD,WORK_ZONE,PROPERTY_DAMAGE_ONLY,FATAL_OR_MAJ_INJ,INJURY,FATAL,NON_INTERSECTION,INTERSECTION,SIGNALIZED_INT,STOP_CONTROLLED_INT,UNSIGNALIZED_INT,SCHOOL_BUS,SCHOOL_ZONE,HIT_DEER,HIT_TREE_SHRUB,HIT_EMBANKMENT,HIT_POLE,HIT_GDRAIL,HIT_GDRAIL_END,HIT_BARRIER,HIT_BRIDGE,OVERTURNED,MOTORCYCLE,BICYCLE,HVY_TRUCK_RELATED,VEHICLE_FAILURE,TRAIN_TROLLEY,PHANTOM_VEHICLE,ALCOHOL_RELATED,DRINKING_DRIVER,UNDERAGE_DRNK_DRV,UNLICENSED,CELL_PHONE,NO_CLEARANCE,RUNNING_RED_LT,TAILGATING,CROSS_MEDIAN,CURVE_DVR_ERROR,LIMIT_65MPH,SPEEDING,SPEEDING_RELATED,AGGRESSIVE_DRIVING,FATIGUE_ASLEEP,DRIVER_16YR,DRIVER_17YR,DRIVER_65_74YR,DRIVER_75PLUS,UNBELTED,PEDESTRIAN,DISTRACTED,CURVED_ROAD,DRIVER_18YR,DRIVER_19YR,DRIVER_20YR,DRIVER_50_64YR,VEHICLE_TOWED,FIRE_IN_VEHICLE,HIT_PARKED_VEHICLE,MC_DRINKING_DRIVER,DRUGGED_DRIVER,INJURY_OR_FATAL,COMM_VEHICLE,IMPAIRED_DRIVER,DEER_RELATED,DRUG_RELATED,HAZARDOUS_TRUCK,ILLEGAL_DRUG_RELATED,ILLUMINATION_DARK,MINOR_INJURY,MODERATE_INJURY,MAJOR_INJURY,NHTSA_AGG_DRIVING,PSP_REPORTED,RUNNING_STOP_SIGN,TRAIN,TROLLEY,ROADWAY_CRN,RDWY_SEQ_NUM,ADJ_RDWY_SEQ,ACCESS_CTRL,ROADWAY_COUNTY,LANE_COUNT,RDWY_ORIENT,ROAD_OWNER,ROUTE,SPEED_LIMIT,SEGMENT,OFFSET,STREET_NAME,TOT_INJ_COUNT,SCHOOL_BUS_UNIT
5986,2024082589,11,02,02301,02301,2024,01,5,,,,2,1,4,1,01,2,2,00,0,0,2,2,2,1,0,0,0,0,1,0,0,0,0,0,,0,0,1,0,0,0,0,0,0,0,0,0,0,0,0,0,9,0,0,0,0,0,1,0,0,40 26:49.420,79 56:50.300,40.447061,-79.947306,,,4,N,,,,N,0,,,,,,,,,,,,2024082589,0,0,1,1,0,0,0,0,0,0,0,0,0,0,0,0,0,0,0,0,1,1,0,0,0,0,0,0,0,0,0,0,0,0,0,0,0,0,0,0,0,0,0,0,0,0,0,1,0,0,0,0,0,0,1,0,0,0,0,0,0,0,0,0,0,0,0,1,1,0,0,0,0,0,0,0,0,0,0,0,0,0,,0,0,0,0,0,0,2024082589,3,,3,02,4,W,4,AHQV,25,,,5TH AV,0,
5987,2024082590,11,02,02301,02301,2024,01,5,,,,4,1,4,1,01,3,2,00,0,0,3,2,3,1,0,0,0,0,2,0,0,0,0,0,,0,0,0,0,0,0,0,0,0,0,0,0,0,0,0,0,0,0,0,0,0,0,0,0,0,40 28:45.602,79 57:10.299,40.479334,-79.952861,,,2,N,,,,N,0,,,,,,,,,,,,2024082590,0,0,1,1,0,0,0,0,0,0,0,0,0,0,0,1,0,0,0,0,1,0,1,1,0,0,0,0,0,0,0,0,0,0,0,0,0,0,0,0,0,0,0,0,0,0,1,0,0,0,0,0,0,0,1,0,0,0,0,0,0,0,0,0,0,0,0,0,1,0,1,0,0,0,0,0,0,0,0,0,0,0,,0,0,0,0,0,0,2024082590,3,,,02,,E,4,,25,,,KEYSTONE ST,0,
5988,2024082591,11,02,02301,02301,2024,01,6,,,,3,1,4,1,01,2,2,00,0,0,2,2,2,1,0,0,0,0,1,0,0,0,1,0,,0,1,0,0,0,0,0,0,0,0,0,0,0,0,0,0,8,0,1,0,0,0,0,0,0,40 28:07.600,79 53:45.700,40.468778,-79.896028,,,7,N,,,,N,0,,,,,,,,,,,,2024082591,0,0,1,1,0,0,0,0,0,0,0,0,0,0,0,0,0,1,0,0,1,1,0,0,0,0,0,0,0,0,0,0,0,0,0,0,0,0,0,0,0,0,0,0,0,0,0,0,0,0,0,0,0,1,1,0,0,1,0,0,0,0,0,0,0,0,0,0,1,0,0,0,0,1,0,0,0,0,0,0,0,0,,0,1,0,0,0,0,2024082591,3,,,02,,S,4,,25,,,LINCOLN AV,1,
5989,2024082593,11,02,02301,02301,2024,01,6,,,,4,9,5,6,00,0,2,00,0,0,3,3,3,3,0,0,0,0,0,0,0,0,0,0,,0,0,0,0,0,0,0,0,0,0,0,0,0,0,0,0,0,0,0,0,0,0,0,0,0,40 26:07.400,79 57:22.700,40.435389,-79.956306,,,,N,,,,,0,,,,,,,,,,,,2024082593,0,0,1,1,0,1,0,0,0,0,0,0,0,0,0,1,0,0,0,1,0,0,0,0,0,0,0,0,0,0,0,0,0,0,0,0,0,0,0,0,0,0,0,0,0,0,0,0,0,0,0,0,0,0,0,0,0,0,0,0,0,0,0,0,0,0,0,0,1,0,1,0,0,0,0,0,0,0,0,0,0,0,,0,0,0,0,0,0,2024082593,3,,,02,,N,4,,25,,,BATES ST,0,
5990,2024082594,11,02,02301,02301,2024,01,4,,,,3,1,4,1,01,0,2,00,0,0,2,2,2,2,0,0,0,0,0,0,0,0,1,0,,1,0,0,0,0,0,0,0,0,0,0,0,0,0,0,0,3,0,0,0,0,1,0,1,0,40 28:31.260,79 55:12.220,40.47535,-79.920061,,,2,N,,,0,N,0,,,,,,,,,,,,2024082594,0,0,1,1,0,0,0,0,0,0,0,0,0,0,0,0,0,1,0,0,1,0,0,1,0,0,0,0,0,0,0,0,0,0,0,0,0,0,0,0,0,0,0,0,0,0,0,0,0,0,0,0,0,0,1,0,0,0,1,0,0,0,0,0,0,0,1,0,1,0,0,0,0,1,0,0,0,0,0,0,0,1,,0,0,0,0,0,0,2024082594,3,,3,02,,E,4,AGW0,25,,,ALBREE WY,1,
5991,2024082595,11,02,02301,02301,2024,01,2,,,,10,1,1,1,02,2,2,00,0,0,2,2,2,0,0,0,1,0,0,1,0,0,0,0,,0,0,0,2,0,0,0,0,0,0,0,0,0,0,0,0,0,0,0,0,0,0,0,0,0,40 23:16.632,79 59:47.010,40.387953,-79.996392,,,,N,,,3,,0,,,,,,,,,,,,2024082595,0,1,1,0,0,0,0,0,0,0,1,0,0,0,0,1,0,0,0,0,1,1,0,0,0,0,0,0,0,0,0,0,0,0,0,0,0,0,0,0,0,0,0,0,1,0,0,0,0,0,0,0,0,0,1,0,0,0,0,0,1,0,0,0,0,0,0,0,1,0,0,0,0,0,0,0,0,0,0,0,0,0,,0,0,0,0,0,0,2024082595,5,,,02,,W,4,,,,,ENGLERT ST,0,
5992,2024082597,11,02,02301,02301,2024,01,4,,,,7,9,4,1,02,2,2,99,0,0,2,2,2,2,0,0,0,0,0,0,0,0,0,0,,0,0,0,0,0,0,0,0,0,0,0,0,0,0,0,0,0,0,0,0,0,0,1,0,0,40 28:13.111,79 54:31.217,40.470309,-79.908671,,,3,N,,,3,N,0,,,,,,,,,,,,2024082597,0,1,1,0,0,1,0,0,0,0,0,0,0,0,0,1,0,0,0,0,1,1,0,0,0,0,0,0,0,0,0,0,0,0,0,0,0,0,0,0,0,0,0,0,0,0,0,0,0,0,0,0,0,0,0,0,0,0,0,0,0,0,0,1,0,0,0,1,1,0,0,0,0,0,0,0,0,0,0,0,0,0,,0,0,0,0,0,0,2024082597,4,,,02,,E,4,,25,,,NEGLEY RUN BL,0,
5993,2024082598,11,02,02301,02301,2024,01,6,,,,2,6,1,2,00,0,2,00,0,0,2,2,2,1,0,0,1,0,0,0,0,0,0,0,,0,0,0,0,0,0,0,0,0,0,0,0,0,0,0,0,0,0,0,0,0,0,0,0,0,40 27:37.900,80 00:49.200,40.460528,-80.013667,,,,N,,,0,,0,,,,,,,,,,,,2024082598,0,0,1,1,0,0,1,0,0,0,1,0,0,1,0,1,0,0,0,1,0,0,0,0,0,0,0,0,0,0,0,0,0,0,0,0,0,0,0,0,0,0,0,0,0,0,0,0,0,0,1,0,0,1,1,0,0,0,0,0,0,0,0,1,0,0,0,0,1,0,1,0,0,0,0,0,0,0,0,0,0,0,,0,0,0,0,0,0,2024082598,3,,3,02,2,S,4,AHWP,45,,,PERRYSVILLE ST,0,
5994,2024082601,11,02,02301,02301,2024,01,5,,,,3,9,1,1,02,0,2,00,0,0,2,2,2,1,0,0,0,0,0,0,0,0,1,0,,0,1,1,0,0,0,0,0,0,0,0,0,0,0,0,0,8,0,0,0,0,0,0,0,0,40 28:11.796,80 01:32.200,40.469943,-80.025611,,,,N,,,,,0,,,,,,,,,,,,2024082601,0,0,1,1,0,1,0,0,0,0,1,0,0,0,0,0,0,1,0,0,1,0,0,1,0,0,0,0,0,0,0,0,0,0,0,0,0,0,0,0,0,0,0,0,0,0,0,0,0,0,0,0,0,0,0,0,0,0,0,0,0,0,0,0,0,0,0,0,1,0,0,0,0,1,0,0,0,0,0,0,1,0,,0,0,0,0,0,0,2024082601,3,,,02,,E,4,,25,,,WOODLAND AV,1,
5995,2024082603,11,02,02301,02301,2024,01,4,,,,3,1,7,4,02,0,2,00,0,0,1,1,1,0,0,0,0,0,1,0,0,0,0,0,,0,0,0,0,0,0,0,0,0,0,0,0,0,0,0,0,0,0,0,0,0,0,0,0,0,40 27:24.672,80 01:45.421,40.456853,-80.029284,,,,N,,,,,0,,,,,,,,,,,,2024082603,0,1,1,0,0,0,0,0,0,0,0,0,1,1,0,1,0,0,0,0,1,0,0,1,0,0,0,0,0,0,0,0,0,0,0,0,0,0,0,0,0,0,0,0,0,0,0,0,0,0,0,0,0,0,0,0,0,0,0,0,0,0,0,0,0,0,0,0,1,0,0,0,0,0,0,0,0,0,0,0,0,0,,0,0,0,0,0,0,2024082603,4,,,02,,E,4,,,,,LAKE ST,0,
5996,2024082604,11,02,02301,02301,2024,01,4,,,,3,8,5,6,00,0,2,00,0,0,2,1,2,1,0,0,0,0,1,0,0,0,1,0,,0,0,0,0,0,0,0,0,0,0,0,0,0,0,0,0,4,0,0,0,0,0,0,0,0,40 25:03.100,79 58:19.500,40.417528,-79.972083,,,3,N,,,,N,0,,,,,,,,,,,,2024082604,0,0,1,1,0,1,0,0,0,0,0,0,0,0,0,0,0,1,0,1,0,0,0,0,0,0,0,0,0,0,0,0,0,0,0,0,0,0,0,0,0,0,0,0,0,0,0,0,0,0,0,0,0,0,0,1,0,0,0,0,0,0,0,0,0,0,0,0,1,0,1,0,0,1,0,0,0,0,0,0,0,0,,0,0,0,0,0,0,2024082604,3,,,02,,E,4,,25,,,ARLINGTON AV,1,
5997,2024082605,11,02,02301,02301,2024,01,2,,,,3,1,4,1,01,2,2,00,0,0,2,2,2,1,0,0,0,0,1,0,0,0,1,0,,1,0,0,0,0,0,0,0,0,0,0,0,0,0,0,0,3,0,0,0,0,0,1,1,0,40 27:09.512,79 54:37.228,40.452642,-79.910341,,,4,N,,,,N,0,,,,,,,,,,,,2024082605,0,1,1,0,0,0,0,0,0,0,0,0,0,0,0,0,0,1,0,0,1,1,0,0,0,0,0,0,0,1,0,0,0,0,0,0,0,0,0,0,0,0,0,0,1,0,0,1,0,0,0,0,0,0,1,0,0,0,1,0,0,0,0,0,0,0,0,1,1,0,0,0,0,1,0,0,0,0,0,0,0,1,,0,0,0,0,0,0,2024082605,5,,,02,,N,4,,25,,,LINDEN AV,1,
5998,2024082606,11,02,02111,02111,2024,09,1,,,,3,1,7,4,00,0,2,00,0,0,1,1,1,1,0,0,0,0,0,0,0,0,0,0,,0,0,0,0,0,0,0,0,0,0,0,0,0,0,0,0,0,0,0,0,0,0,0,0,0,40 22:10.180,79 49:44.297,40.369494,-79.828971,,,5,N,,,,Y,0,,,,,,,,,,,,2024082606,0,1,0,0,0,0,0,0,0,0,0,0,1,1,0,1,0,0,0,1,0,0,0,0,0,0,0,0,1,1,0,0,0,0,0,0,0,0,0,0,0,1,1,0,0,0,0,0,0,0,0,0,0,1,1,0,0,0,0,0,0,0,0,0,0,0,0,0,1,0,0,0,0,0,0,1,0,0,0,0,1,0,,0,0,0,0,0,0,2024082606,3,,3,02,,N,2,2037,25,,2904,WESTINGHOUSE AV,0,
5999,2024082609,11,02,02404,02404,2024,09,1,,,,3,1,1,2,03,0,2,00,0,0,2,1,2,0,1,0,1,0,0,0,0,0,1,1,,0,0,0,0,0,0,0,0,0,1,0,0,0,0,0,0,2,0,0,0,0,0,0,0,0,40 29:27.315,80 02:53.714,40.490921,-80.048254,,,,N,,,,,0,,,,,,,,,,,,2024082609,0,0,1,1,0,0,0,0,0,0,1,0,0,1,0,0,1,1,0,0,1,0,0,1,0,0,0,0,0,0,0,0,0,0,0,1,0,0,0,0,0,0,0,0,0,0,0,0,0,0,1,0,0,0,0,0,0,0,0,0,0,0,0,1,0,0,0,0,1,0,1,0,0,1,0,0,0,0,0,0,1,0,,1,0,0,0,0,0,2024082609,4,,,02,2,E,4,,25,,,LINCOLN AV,1,
6000,2024082611,11,02,02118,02118,2024,09,4,,,,3,1,1,1,00,0,2,00,0,0,2,2,2,0,0,0,0,0,2,0,0,0,1,0,,0,0,0,0,0,0,0,0,0,0,0,0,0,0,0,0,4,0,0,0,0,0,0,0,0,40 29:22.498,79 57:10.496,40.489583,-79.952916,,,1,N,,,,N,0,,,,,,,,,,,,2024082611,0,1,0,0,0,0,0,0,0,0,1,0,0,0,0,0,0,1,0,1,0,0,0,0,0,0,0,0,0,0,0,0,0,0,0,0,0,0,0,0,0,0,0,0,0,0,0,0,1,0,0,0,0,0,1,0,0,0,0,0,0,0,0,0,0,0,0,0,1,0,0,0,0,1,0,0,0,0,0,0,0,0,,0,0,0,0,0,0,2024082611,3,,1,02,,N,2,0028,45,,2189,EAST OHIO ST,1,
6001,2024082612,11,02,02301,02301,2024,09,1,,,,3,1,7,4,02,2,2,07,0,0,2,1,1,0,0,0,0,0,1,0,0,0,0,0,,0,0,0,0,0,0,0,0,0,0,0,0,0,0,0,0,0,0,0,0,0,0,1,0,0,40 23:40.087,79 59:50.439,40.394469,-79.997344,,,,N,,,,,0,,,,,,,,,,,,2024082612,0,1,1,0,0,0,0,0,0,0,0,0,1,1,0,1,0,0,0,0,1,1,0,0,0,0,0,0,0,1,0,0,0,0,0,0,0,0,0,0,1,0,0,0,0,0,0,0,0,0,0,0,0,0,1,0,0,0,0,0,0,0,0,0,0,0,0,1,1,0,0,0,0,0,0,0,0,0,0,0,0,0,,0,0,0,0,0,0,2024082612,5,,,02,2,W,4,,25,,,ANSONIA PL,0,
6002,2024082630,11,02,02209,02209,2024,09,2,,,,3,1,4,1,00,0,2,07,0,0,2,4,2,2,0,0,0,0,0,0,0,0,0,0,,0,0,0,0,0,0,0,0,0,0,0,0,0,0,0,0,0,0,0,0,0,0,1,0,0,40 35:05.588,79 49:39.211,40.584886,-79.827559,,,2,N,,,,N,0,,,,,,,,,,,,2024082630,0,1,0,0,0,0,0,0,0,0,0,0,0,0,0,1,0,0,0,1,0,0,0,0,0,0,0,0,0,0,0,0,0,0,0,0,0,0,0,0,0,0,0,0,0,0,0,0,0,0,0,0,0,0,1,0,0,0,0,0,0,0,0,0,0,0,0,1,1,0,0,0,0,0,0,0,0,0,0,0,0,0,,0,0,0,0,0,0,2024082630,3,,3,02,,S,2,1015,35,,600,LITTLE DEER CREEK RD,0,
6003,2024082640,11,02,02429,02215,2024,09,1,2252,22,,,1,98,1,01,0,2,00,0,0,1,1,1,1,0,0,0,0,0,0,0,0,0,0,,0,0,0,0,0,0,0,0,0,0,0,0,0,0,0,0,0,0,0,0,0,0,1,0,0,40 30:43.621,80 06:14.201,40.512117,-80.103945,,,,N,,,0,,0,,,,,,,,,,,,2024082640,0,1,1,0,0,0,0,0,1,0,0,0,0,0,0,1,0,0,0,0,1,0,0,1,0,0,1,0,0,0,0,0,0,0,0,0,0,0,0,0,0,0,0,0,0,0,0,0,0,0,0,0,0,0,0,0,0,0,0,0,0,0,0,0,0,0,0,1,1,0,0,0,0,0,0,0,1,0,0,0,1,0,,0,0,0,0,0,0,2024082640,5,,,02,,W,4,,25,,,HAZELWOOD AV,0,
6004,2024082720,11,02,02301,68B03,2024,09,6,,,,3,1,1,1,00,0,2,00,0,0,5,5,5,2,0,0,0,0,3,0,0,0,1,0,,0,1,0,1,0,0,0,0,0,0,0,0,0,0,0,0,8,0,0,0,0,0,0,0,0,40 26:00.742,79 57:46.544,40.433539,-79.962929,,,,N,,,,,0,,,,,,,,,,,,2024082720,1,1,0,0,0,0,0,0,0,0,1,0,0,0,0,0,0,1,0,1,0,0,0,0,0,0,0,0,0,0,0,0,0,0,0,0,0,0,0,0,0,0,0,0,0,0,0,0,1,0,0,0,0,0,1,0,0,0,0,0,1,0,0,0,0,0,0,0,1,0,0,0,0,1,0,0,0,0,0,0,1,0,,0,0,1,0,0,0,2024082720,3,,1,02,3,W,1,0376,55,,375,PENN LINCOLN PY,1,
6005,2024082721,11,02,02301,68B03,2024,09,6,,,,3,1,0,1,00,0,2,00,0,0,2,2,2,1,0,0,1,0,0,0,0,0,1,0,,0,1,0,0,0,0,0,0,0,0,0,0,0,0,0,0,8,0,0,0,0,0,0,0,0,40 26:00.644,79 57:46.318,40.433512,-79.962866,,,,N,,,,,0,,,,,,,,,,,,2024082721,1,1,0,0,0,0,0,0,0,0,0,0,0,1,0,0,0,1,0,1,0,0,0,0,0,0,0,0,0,0,0,0,0,0,0,0,0,0,1,0,0,0,0,0,0,0,0,0,0,0,0,0,0,0,0,0,0,0,0,0,0,0,0,0,0,0,0,0,1,0,0,0,0,1,0,0,0,0,0,0,0,0,,0,0,1,0,0,0,2024082721,3,,1,02,,W,1,0376,55,,395,PENN LINCOLN PY,1,
6006,2024082764,11,02,02109,02109,2024,09,4,,,,3,1,4,1,02,2,2,00,0,0,2,2,2,0,0,0,1,0,1,0,0,0,1,0,,1,0,0,0,0,0,0,0,0,0,0,0,0,0,0,0,3,0,0,0,0,0,0,1,0,40 21:47.567,80 02:48.905,40.363213,-80.046918,,,3,N,,,,N,0,,,,,,,,,,,,2024082764,0,1,0,0,0,0,0,0,0,0,0,0,0,0,0,0,0,1,0,0,1,1,0,0,0,0,0,0,0,0,0,0,0,0,0,0,0,0,0,0,0,0,0,0,0,0,0,1,0,0,0,0,0,0,1,0,0,0,1,0,0,0,0,1,0,0,0,0,1,0,0,0,0,1,0,0,0,0,0,0,0,1,,0,1,0,0,0,0,2024082764,3,,3,02,,N,2,0019,35,,1660,WASHINGTON RD,1,
6007,2024082765,11,02,02109,02109,2024,09,2,,,,4,9,0,1,00,0,2,00,0,0,1,1,1,0,0,0,0,0,1,0,0,0,0,0,,0,0,0,0,0,0,0,0,0,0,0,0,0,0,0,0,0,0,0,0,0,0,0,0,0,40 22:12.395,80 01:53.597,40.37011,-80.031555,,,,N,,,0,,0,,,,,,,,,,,,2024082765,0,1,0,0,0,1,0,0,0,0,0,0,0,1,0,1,0,0,0,1,0,0,0,0,0,0,0,0,0,0,0,0,0,0,0,0,0,0,0,0,0,0,0,0,0,0,0,0,0,0,0,0,0,0,0,0,0,0,0,0,0,0,0,0,0,0,0,0,1,0,0,0,0,0,0,0,0,0,0,0,0,0,,0,0,0,0,0,0,2024082765,3,,3,02,,N,2,3037,35,,1236,CASTLE SHANNON BL,0,
6008,2024082766,11,02,02213,02213,2024,08,5,,,,3,1,4,1,01,2,2,00,0,0,2,2,2,1,0,0,0,0,1,0,0,0,1,0,,1,0,0,0,0,0,0,0,0,0,0,0,0,0,0,0,3,0,0,0,0,0,0,0,1,40 30:13.208,80 13:20.659,40.503669,-80.222405,,,1,N,,,,N,0,,,,,,,,,,,,2024082766,0,1,1,0,0,0,0,0,0,0,0,0,0,0,0,0,0,1,0,0,1,1,0,0,0,0,0,0,0,0,0,0,0,0,0,0,0,0,0,0,0,0,0,0,0,0,0,0,0,0,0,0,0,0,1,0,0,0,0,1,0,0,0,0,0,0,0,0,1,0,0,0,0,1,0,0,0,0,0,0,0,1,,0,0,0,0,0,0,2024082766,5,,,02,,E,4,,30,,,PORTVUE DR,1,
6009,2024082767,11,02,02213,02213,2024,08,4,,,,3,1,4,1,00,3,2,07,0,0,2,2,2,1,0,0,0,0,1,0,0,0,0,0,,0,0,0,0,0,0,0,0,0,0,0,0,0,0,0,0,0,0,0,0,0,0,0,1,1,40 31:01.800,80 13:23.200,40.517167,-80.223111,,,,N,,,,,0,,,,,,,,,,,,2024082767,0,0,1,1,0,0,0,0,0,0,0,0,0,0,0,1,0,0,0,1,0,0,0,0,0,0,0,0,0,0,0,0,0,0,0,0,0,0,0,0,0,0,0,0,0,0,0,0,0,0,0,0,0,0,1,0,0,0,1,1,0,0,0,1,0,0,0,0,1,0,0,0,0,0,0,0,0,0,0,0,0,0,,0,0,0,0,0,0,2024082767,3,,,02,,S,7,,15,,,WALMART TW,0,
6010,2024082768,11,02,02213,02213,2024,09,3,,,,3,1,4,1,02,3,2,00,0,0,2,2,2,1,0,0,1,0,0,0,0,0,0,0,,0,0,0,0,0,0,0,0,0,0,0,0,0,0,0,0,0,0,0,0,0,0,1,1,0,40 30:11.602,80 12:00.326,40.503223,-80.200091,,,2,N,,,,N,0,,,,,,,,,,,,2024082768,0,1,1,0,0,0,0,0,0,0,0,0,0,0,0,1,0,0,0,0,1,0,1,1,0,0,0,0,0,0,0,0,0,0,0,0,0,0,0,0,0,0,0,0,0,0,1,0,0,0,0,0,0,0,1,0,0,0,1,0,0,0,0,1,0,0,0,1,1,0,0,0,0,0,0,0,0,0,0,0,0,0,,0,1,0,0,0,0,2024082768,4,,,02,,S,4,,25,,,SNYDER DR,0,
6011,2024082769,11,02,02476,02476,2024,09,6,,,,4,1,1,1,00,0,2,00,0,0,2,2,2,1,0,0,0,0,1,0,0,0,0,0,,0,0,0,0,0,0,0,0,0,0,0,0,0,0,0,0,0,0,0,0,0,0,0,0,0,40 21:33.933,79 59:42.538,40.359426,-79.995149,,,4,N,,,,N,0,,,,,,,,,,,,2024082769,0,1,0,0,0,0,0,0,1,0,1,0,0,0,0,1,0,0,0,1,0,0,0,0,0,0,0,0,0,0,0,0,0,0,0,0,0,0,0,0,0,0,0,0,0,0,0,0,1,0,0,0,0,0,1,0,0,0,0,0,0,0,0,0,0,0,0,0,1,0,0,0,0,0,0,0,1,0,0,0,0,0,,0,0,0,0,0,0,2024082769,3,,3,02,,W,2,3009,35,,1546,BAPTIST RD,0,
6012,2024082794,11,02,02301,02301,2024,09,3,,,,3,1,4,1,01,3,2,00,0,0,2,2,2,2,0,0,0,0,0,0,0,0,0,0,,0,0,0,0,0,0,0,0,0,0,0,0,0,0,0,0,0,0,0,0,0,0,1,0,0,40 27:02.514,79 53:33.077,40.450698,-79.892521,,,,N,,,,,0,,,,,,,,,,,,2024082794,0,0,1,1,0,0,0,0,0,0,0,0,0,0,0,1,0,0,0,0,1,0,1,1,0,0,0,0,0,0,0,0,0,0,0,0,0,0,0,0,0,0,0,0,0,0,0,0,0,0,0,0,0,0,1,0,0,0,0,0,0,0,0,0,0,0,0,1,1,0,0,0,0,0,0,0,0,0,0,0,0,0,,0,0,0,0,0,0,2024082794,3,,3,02,,N,4,AGYA,25,,,BRADDOCK AV,0,
6013,2024082832,11,02,02216,02505,2024,09,6,,,,3,1,1,1,01,2,2,00,0,0,2,4,2,1,0,0,0,0,1,0,0,0,0,0,,0,0,0,0,0,0,0,0,0,0,0,0,0,0,0,0,0,0,2,0,0,0,0,0,0,40 36:04.249,80 02:55.879,40.60118,-80.048855,,,1,N,,,,N,0,,,,,,,,,,,,2024082832,0,1,1,0,0,0,0,0,0,0,1,0,0,0,0,1,0,0,0,0,1,1,0,0,0,0,0,0,0,0,0,0,0,0,0,0,0,0,0,0,0,0,0,0,0,1,0,0,0,0,0,0,0,0,0,0,0,1,0,0,0,0,1,0,0,0,0,0,1,0,0,0,0,0,0,0,0,0,0,0,0,0,,0,0,0,0,0,0,2024082832,4,,,02,2,W,4,,25,,,BROOKER DR,0,
6014,2024082854,11,02,02446,02446,2024,09,2,,,,3,1,4,1,00,0,2,07,0,0,2,3,2,2,0,0,0,0,0,0,0,0,0,0,,0,0,0,0,0,0,0,0,0,0,0,0,0,0,0,0,0,0,0,0,0,0,0,0,0,40 26:08.463,79 47:12.632,40.435684,-79.786842,,,4,N,,,,N,0,,,,,,,,,,,,2024082854,0,1,0,0,0,0,0,0,0,0,0,0,0,0,0,1,0,0,0,1,0,0,0,0,0,0,0,0,0,0,0,0,0,0,0,0,0,0,0,0,0,0,0,0,0,0,0,0,0,0,0,0,0,0,1,0,0,0,0,0,0,0,0,0,0,0,0,0,1,0,0,0,0,0,0,0,0,0,0,0,0,0,,0,1,0,0,0,0,2024082854,3,,3,02,,E,2,2048,35,,1143,WILLIAM PENN HW,0,