_id,CRASH_CRN,DISTRICT,CRASH_COUNTY,MUNICIPALITY,POLICE_AGCY,CRASH_YEAR,CRASH_MONTH,DAY_OF_WEEK,TIME_OF_DAY,HOUR_OF_DAY,ILLUMINATION,WEATHER,ROAD_CONDITION,COLLISION_TYPE,RELATION_TO_ROAD,INTERSECT_TYPE,TCD_TYPE,URBAN_RURAL,LOCATION_TYPE,SCH_BUS_IND,SCH_ZONE_IND,TOTAL_UNITS,PERSON_COUNT,VEHICLE_COUNT,AUTOMOBILE_COUNT,MOTORCYCLE_COUNT,BUS_COUNT,SMALL_TRUCK_COUNT,HEAVY_TRUCK_COUNT,SUV_COUNT,VAN_COUNT,BICYCLE_COUNT,FATAL_COUNT,INJURY_COUNT,MAJ_INJ_COUNT,MOD_INJ_COUNT,MIN_INJ_COUNT,UNK_INJ_DEG_COUNT,UNK_INJ_PER_COUNT,UNBELTED_OCC_COUNT,UNB_DEATH_COUNT,UNB_MAJ_INJ_COUNT,BELTED_DEATH_COUNT,BELTED_MAJ_INJ_COUNT,MCYCLE_DEATH_COUNT,MCYCLE_MAJ_INJ_COUNT,BICYCLE_DEATH_COUNT,BICYCLE_MAJ_INJ_COUNT,PED_COUNT,PED_DEATH_COUNT,PED_MAJ_INJ_COUNT,COMM_VEH_COUNT,MAX_SEVERITY_LEVEL,DRIVER_COUNT_16YR,DRIVER_COUNT_17YR,DRIVER_COUNT_18YR,DRIVER_COUNT_19YR,DRIVER_COUNT_20YR,DRIVER_COUNT_50_64YR,DRIVER_COUNT_65_74YR,DRIVER_COUNT_75PLUS,LATITUDE,LONGITUDE,DEC_LAT,DEC_LONG,EST_HRS_CLOSED,LANE_CLOSED,LN_CLOSE_DIR,NTFY_HIWY_MAINT,RDWY_SURF_TYPE_CD,SPEC_JURIS_CD,TCD_FUNC_CD,TFC_DETOUR_IND,WORK_ZONE_IND,WORK_ZONE_TYPE,WORK_ZONE_LOC,CONS_ZONE_SPD_LIM,WORKERS_PRES,WZ_CLOSE_DETOUR,WZ_FLAGGER,WZ_LAW_OFFCR_IND,WZ_LN_CLOSURE,WZ_MOVING,WZ_OTHER,WZ_SHLDER_MDN,FLAG_CRN,INTERSTATE,STATE_ROAD,LOCAL_ROAD,LOCAL_ROAD_ONLY,TURNPIKE,WET_ROAD,SNOW_SLUSH_ROAD,ICY_ROAD,SUDDEN_DEER,SHLDR_RELATED,REAR_END,HO_OPPDIR_SDSWP,HIT_FIXED_OBJECT,SV_RUN_OFF_RD,WORK_ZONE,PROPERTY_DAMAGE_ONLY,FATAL_OR_MAJ_INJ,INJURY,FATAL,NON_INTERSECTION,INTERSECTION,SIGNALIZED_INT,STOP_CONTROLLED_INT,UNSIGNALIZED_INT,SCHOOL_BUS,SCHOOL_ZONE,HIT_DEER,HIT_TREE_SHRUB,HIT_EMBANKMENT,HIT_POLE,HIT_GDRAIL,HIT_GDRAIL_END,HIT_BARRIER,HIT_BRIDGE,OVERTURNED,MOTORCYCLE,BICYCLE,HVY_TRUCK_RELATED,VEHICLE_FAILURE,TRAIN_TROLLEY,PHANTOM_VEHICLE,ALCOHOL_RELATED,DRINKING_DRIVER,UNDERAGE_DRNK_DRV,UNLICENSED,CELL_PHONE,NO_CLEARANCE,RUNNING_RED_LT,TAILGATING,CROSS_MEDIAN,CURVE_DVR_ERROR,LIMIT_65MPH,SPEEDING,SPEEDING_RELATED,AGGRESSIVE_DRIVING,FATIGUE_ASLEEP,DRIVER_16YR,DRIVER_17YR,DRIVER_65_74YR,DRIVER_75PLUS,UNBELTED,PEDESTRIAN,DISTRACTED,CURVED_ROAD,DRIVER_18YR,DRIVER_19YR,DRIVER_20YR,DRIVER_50_64YR,VEHICLE_TOWED,FIRE_IN_VEHICLE,HIT_PARKED_VEHICLE,MC_DRINKING_DRIVER,DRUGGED_DRIVER,INJURY_OR_FATAL,COMM_VEHICLE,IMPAIRED_DRIVER,DEER_RELATED,DRUG_RELATED,HAZARDOUS_TRUCK,ILLEGAL_DRUG_RELATED,ILLUMINATION_DARK,MINOR_INJURY,MODERATE_INJURY,MAJOR_INJURY,NHTSA_AGG_DRIVING,PSP_REPORTED,RUNNING_STOP_SIGN,TRAIN,TROLLEY,ROADWAY_CRN,RDWY_SEQ_NUM,ADJ_RDWY_SEQ,ACCESS_CTRL,ROADWAY_COUNTY,LANE_COUNT,RDWY_ORIENT,ROAD_OWNER,ROUTE,SPEED_LIMIT,SEGMENT,OFFSET,STREET_NAME,TOT_INJ_COUNT,SCHOOL_BUS_UNIT
6310,2024085415,11,02,02219,02501,2024,09,7,,,,3,1,1,1,00,0,2,00,0,0,2,5,2,1,0,0,0,0,1,0,0,0,2,0,,2,0,0,0,0,0,0,0,0,0,0,0,0,0,0,0,3,0,0,0,0,0,1,0,0,40 18:55.659,79 59:46.327,40.315461,-79.996202,,,2,N,,,,N,0,,,,,,,,,,,,2024085415,0,0,1,1,0,0,0,0,1,0,1,0,0,0,0,0,0,1,0,1,0,0,0,0,0,0,0,0,0,0,0,0,0,0,0,0,0,0,0,0,0,0,0,0,0,0,0,0,1,0,0,0,0,0,1,0,0,0,0,0,0,0,0,0,0,0,0,1,1,0,0,0,0,1,0,0,1,0,0,0,0,1,,0,0,0,0,0,0,2024085415,3,,,02,,S,4,,35,,,BROWNSVILLE RD,2,
6311,2024085423,11,02,02301,02301,2024,09,2,,,,7,9,7,1,00,0,2,00,0,0,1,2,1,1,0,0,0,0,0,0,0,0,0,0,,0,0,0,0,0,0,0,0,0,0,0,0,0,0,0,0,0,0,0,0,0,0,0,0,0,40 22:44.559,79 55:26.242,40.379044,-79.923956,,,,N,,,,,0,,,,,,,,,,,,2024085423,0,1,0,0,0,1,0,0,0,0,0,0,1,1,0,1,0,0,0,1,0,0,0,0,0,0,0,1,0,0,0,0,0,0,0,0,0,0,1,0,0,0,0,0,0,0,0,0,0,0,0,0,0,1,1,0,0,0,0,0,0,0,0,1,0,0,0,0,1,0,0,0,0,0,0,0,0,0,0,0,0,0,,0,0,0,0,0,0,2024085423,3,,3,02,,B,2,2045,25,,1885,MIFFLIN RD,0,
6312,2024085430,11,02,02423,02304,2024,10,3,1615,16,,4,1,1,1,01,3,2,00,1,0,2,2,2,1,0,0,0,0,0,1,0,0,0,0,,0,0,0,0,0,0,0,0,0,0,0,0,0,0,0,0,0,0,0,0,0,0,2,0,0,40 21:03.326,79 53:33.687,40.350924,-79.892691,,,,N,,,3,,0,,,,,,,,,,,,2024085430,0,0,1,1,0,0,0,0,0,0,1,0,0,0,0,1,0,0,0,0,1,0,1,1,0,0,0,0,0,0,0,0,0,0,0,0,0,0,0,0,0,0,0,0,0,0,0,0,0,0,0,0,0,0,0,0,0,0,0,0,0,0,1,0,0,0,0,1,1,0,0,0,0,0,0,0,0,0,0,0,0,0,,0,0,0,0,0,0,2024085430,3,,,02,,N,4,,25,,,EUCLID AV,0,
6313,2024085433,11,02,02216,02505,2024,10,3,,,,3,1,1,1,02,3,1,00,0,0,2,3,2,1,0,0,0,0,1,0,0,0,1,0,,1,0,0,0,0,0,0,0,0,0,0,0,0,0,0,0,3,0,0,0,1,0,0,1,0,40 36:52.134,80 03:17.612,40.614482,-80.054892,,,2,N,,,,Y,0,,,,,,,,,,,,2024085433,0,1,1,0,0,0,0,0,0,0,1,0,0,0,0,0,0,1,0,0,1,0,1,1,0,0,0,0,0,0,0,0,0,0,0,0,0,0,0,0,0,0,0,0,0,0,1,0,0,0,0,0,0,0,1,0,0,0,1,0,0,0,0,0,0,1,0,0,0,0,0,0,0,1,0,0,0,0,0,0,0,1,,0,0,0,0,0,0,2024085433,6,,,02,,S,4,,25,,,BROWN RD,1,
6314,2024085436,11,02,02301,02301,2024,09,2,,,,7,9,4,1,01,3,2,00,0,0,2,2,2,2,0,0,0,0,0,0,0,0,1,0,,0,0,0,0,0,0,0,0,0,0,0,0,0,0,0,0,4,0,0,0,0,0,1,0,0,40 27:10.185,79 58:53.275,40.452829,-79.981465,,,4,N,,,,N,0,,,,,,,,,,,,2024085436,0,0,1,1,0,1,0,0,0,0,0,0,0,0,0,0,0,1,0,0,1,0,1,1,0,0,0,0,0,0,0,0,0,0,0,0,0,0,0,0,0,0,0,0,0,0,1,0,0,0,0,0,0,0,1,0,0,0,0,0,0,0,0,0,0,0,0,1,1,0,0,0,0,1,0,0,0,0,0,0,0,0,,0,1,0,0,0,0,2024085436,3,,3,02,,W,4,AIFH,25,,,PENN AV,1,
6315,2024085437,11,02,02301,02301,2024,09,2,,,,7,9,7,2,00,0,2,08,0,0,1,1,1,0,0,0,0,0,1,0,0,0,0,0,,0,0,0,0,0,0,0,0,0,0,0,0,0,0,0,0,0,0,0,0,0,0,0,0,0,40 26:11.008,79 59:41.245,40.436391,-79.99479,,,,N,,,,,0,,,,,,,,,,,,2024085437,0,1,0,0,0,1,0,0,0,0,0,0,1,1,0,1,0,0,0,1,0,0,0,0,0,0,0,0,0,0,0,0,1,0,0,0,0,0,0,0,0,0,0,0,0,0,0,0,0,0,0,0,0,0,0,0,0,0,0,0,0,0,0,1,0,0,0,0,1,0,0,0,0,0,0,0,0,0,0,0,1,0,,0,0,0,0,0,0,2024085437,3,,1,02,,N,2,8002,35,,401,RAMP K RD,0,
6316,2024085438,11,02,02118,02118,2024,09,1,,,,7,9,1,1,01,2,2,00,0,0,2,7,2,1,0,0,1,0,0,0,0,0,0,0,,0,0,0,0,0,0,0,0,0,0,0,0,0,0,0,0,0,0,0,0,0,0,1,0,0,40 31:47.331,79 57:09.658,40.529814,-79.952683,,,2,N,,,,N,0,,,,,,,,,,,,2024085438,0,1,1,0,0,1,0,0,0,0,1,0,0,0,0,1,0,0,0,0,1,1,0,0,0,0,0,0,0,0,0,0,0,0,0,0,0,0,1,0,0,0,0,0,0,0,0,0,0,0,0,0,0,0,0,0,0,0,0,0,0,0,0,1,0,0,0,1,1,0,0,0,0,0,0,0,0,0,0,0,0,0,,0,0,0,0,0,0,2024085438,5,,,02,,W,4,,25,,,SPENCER LN,0,
6317,2024085519,11,02,02457,02117,2024,10,3,,,,3,9,7,4,00,0,2,00,0,0,1,1,1,0,0,0,0,0,1,0,0,0,0,0,,0,0,0,0,0,0,0,0,0,0,0,0,0,0,0,0,0,0,0,0,0,0,0,0,0,40 25:37.103,80 05:40.596,40.426973,-80.09461,,,5,N,,,,N,0,,,,,,,,,,,,2024085519,0,0,1,1,0,1,0,0,0,0,0,0,1,1,0,1,0,0,0,1,0,0,0,0,0,0,0,1,0,0,0,0,0,0,0,0,0,0,0,0,0,0,0,0,0,0,0,0,0,0,0,0,0,0,0,0,0,0,0,0,0,0,0,0,0,0,0,0,1,0,0,0,0,0,0,0,0,0,0,0,1,0,,0,0,0,0,0,0,2024085519,3,,3,02,,S,4,AM6R,25,,,KINGS HW,0,
6318,2024085541,11,02,02304,02304,2024,10,3,,,,3,9,5,6,00,0,2,00,0,0,4,1,4,1,2,0,1,0,0,0,0,0,0,0,,0,0,0,0,0,0,0,0,0,0,0,0,0,0,0,0,0,0,0,0,0,0,0,0,0,40 21:28.200,79 50:04.900,40.357833,-79.834694,,,,N,,,,,0,,,,,,,,,,,,2024085541,0,0,1,1,0,1,0,0,0,0,0,0,0,0,0,1,0,0,0,1,0,0,0,0,0,0,0,0,0,0,0,0,0,0,1,1,0,0,0,0,0,1,1,0,0,0,0,0,0,0,0,0,0,0,0,0,0,0,0,0,0,0,0,0,0,0,0,0,1,0,1,0,1,0,0,1,0,1,0,1,1,0,,0,0,0,0,0,0,2024085541,3,,3,02,,W,4,AIX1,25,,,HIGHLAND AV,0,
6319,2024085545,11,02,02109,02109,2024,09,7,,,,3,1,5,1,01,2,2,00,0,0,3,6,3,1,0,0,0,0,2,0,0,0,0,0,,0,0,0,0,0,0,0,0,0,0,0,0,0,0,0,0,0,0,0,0,0,0,0,0,2,40 21:18.523,80 03:00.839,40.355145,-80.050233,,,,N,,,,,0,,,,,,,,,,,,2024085545,0,1,0,0,0,0,0,0,0,0,0,0,0,0,0,1,0,0,0,0,1,1,0,0,0,0,0,0,0,0,0,0,0,0,0,0,0,0,0,0,0,0,0,0,0,0,0,0,0,0,0,0,0,0,1,0,0,0,0,1,0,0,0,0,0,0,0,0,1,0,0,0,0,0,0,0,0,0,0,0,0,0,,0,0,0,0,0,0,2024085545,3,,3,02,,N,2,0019,40,,2130,WASHINGTON RD,0,
6320,2024085546,11,02,02109,02109,2024,09,2,,,,7,9,1,6,00,0,2,00,0,0,2,1,2,1,0,0,0,0,1,0,0,0,0,0,,0,0,0,0,0,0,0,0,0,0,0,0,0,0,0,0,0,0,0,0,0,0,0,0,0,40 22:56.760,80 02:55.220,40.382433,-80.048672,,,,N,,,,,0,,,,,,,,,,,,2024085546,0,0,1,1,0,1,0,0,0,0,1,0,0,0,0,1,0,0,0,1,0,0,0,0,0,0,0,0,0,0,0,0,0,0,0,0,0,0,0,0,0,0,0,0,0,0,0,0,0,0,0,0,0,0,0,0,0,0,0,0,0,0,0,0,0,0,0,0,1,0,1,0,0,0,0,0,0,0,0,0,0,0,,0,0,0,0,0,0,2024085546,3,,3,02,,W,4,ABW4,25,,,ACADEMY AV,0,
6321,2024085547,11,02,02213,02213,2024,09,3,,,,4,1,1,1,00,0,2,00,0,0,3,5,3,2,0,0,1,0,0,0,0,0,2,0,,2,0,1,0,0,0,0,0,0,0,0,0,0,0,0,0,3,0,0,0,0,0,0,0,0,40 31:55.380,80 11:28.853,40.53205,-80.191348,,,3,N,,,0,N,0,,,,,,,,,,,,2024085547,0,1,0,0,0,0,0,0,0,0,1,0,0,0,0,0,0,1,0,1,0,0,0,0,0,0,0,0,0,0,0,0,1,0,0,0,0,0,0,0,0,0,0,0,0,0,0,0,0,0,0,0,0,0,0,0,0,0,0,0,0,0,0,1,0,0,0,0,1,0,0,0,1,1,0,1,0,1,0,1,0,1,,0,0,0,0,0,0,2024085547,3,,3,02,,S,2,0051,45,,1560,STOOPS FERRY RD,2,
6322,2024085580,11,02,02304,02304,2024,10,3,2357,23,,4,1,7,1,00,0,2,08,0,0,1,1,1,0,0,0,0,0,1,0,0,0,0,0,,0,0,0,0,0,0,0,0,0,0,0,0,0,0,0,0,0,0,0,0,0,0,0,0,0,40 21:10.978,79 50:30.332,40.353049,-79.841759,,,3,N,,,0,N,0,,,,,,,,,,,,2024085580,0,1,0,0,0,0,0,0,0,0,0,0,1,1,0,1,0,0,0,1,0,0,0,0,0,0,0,0,0,0,0,0,1,0,0,0,0,0,0,0,0,1,1,0,0,0,0,0,0,0,0,0,0,0,0,0,0,0,0,0,0,0,1,1,0,0,0,0,1,0,0,0,0,0,0,1,0,0,0,0,1,0,,0,0,0,0,0,0,2024085580,3,,1,02,,N,2,8086,20,,468,RAMP G RD/TO BOWMAN AV,0,
6323,2024085581,11,02,02473,02473,2024,09,2,,,,7,9,7,4,02,0,2,00,0,0,1,1,1,1,0,0,0,0,0,0,0,0,0,0,,0,0,0,0,0,0,0,0,0,0,0,0,0,0,0,0,0,0,0,0,0,0,0,0,0,40 23:29.563,79 53:12.167,40.391545,-79.886713,,,,N,,,,,0,,,,,,,,,,,,2024085581,0,0,1,1,0,1,0,0,0,0,0,0,1,1,0,1,0,0,0,0,1,0,0,1,0,0,0,0,0,0,0,0,0,0,0,0,0,0,0,0,0,0,0,0,0,0,0,0,0,0,0,0,0,1,1,0,0,0,0,0,0,0,0,0,0,0,0,0,1,0,0,0,0,0,0,0,0,0,0,0,1,0,,0,0,0,0,0,0,2024085581,3,,3,02,,E,4,AN3R,25,,,DUQUESNE AV,0,
6324,2024085582,11,02,02301,02301,2024,10,3,2147,21,,7,9,4,6,00,0,2,00,0,0,2,1,2,1,0,0,0,0,0,1,0,0,0,0,,0,0,0,0,0,0,0,0,0,0,0,0,0,0,0,0,0,0,0,0,0,0,1,0,0,40 26:17.160,79 58:20.220,40.4381,-79.972283,,,3,N,,,0,N,0,,,,,,,,,,,,2024085582,0,0,1,1,0,1,0,0,0,0,0,0,0,0,0,1,0,0,0,1,0,0,0,0,0,0,0,0,0,0,0,0,0,0,0,0,0,0,1,0,0,0,0,0,0,0,0,0,0,0,0,0,0,0,0,0,0,0,0,0,0,0,0,0,0,0,0,1,1,0,1,0,0,0,0,0,0,0,0,0,1,0,,0,0,0,0,0,0,2024085582,3,,3,02,2,E,4,AGD6,,,,BEELEN ST,0,
6325,2024085585,11,02,02473,02473,2024,09,1,,,,4,9,4,5,00,0,2,07,0,0,2,2,2,0,0,0,0,0,2,0,0,0,0,0,,0,0,2,0,0,0,0,0,0,0,0,0,0,0,0,0,9,0,0,0,0,0,0,0,0,40 23:07.000,79 52:49.100,40.385278,-79.880306,,,5,N,,,,N,0,,,,,,,,,,,,2024085585,0,0,1,1,0,1,0,0,0,0,0,0,0,1,0,0,0,0,0,1,0,0,0,0,0,0,0,0,0,0,0,0,0,0,1,0,0,0,0,0,0,0,0,0,0,0,0,0,0,0,0,0,0,0,1,0,0,0,0,0,0,0,0,0,0,0,0,0,1,0,1,0,0,0,0,0,0,0,0,0,1,0,,0,0,0,0,0,0,2024085585,3,,3,02,,S,4,AN2B,25,,,ROBERTA DR,0,
6326,2024085589,11,02,02113,02113,2024,10,4,,,,3,9,1,1,00,0,2,00,0,0,3,1,3,1,0,0,1,0,1,0,0,0,0,0,,0,0,1,0,0,0,0,0,0,0,0,0,0,0,0,0,9,0,0,0,0,0,0,0,0,40 28:23.400,79 49:03.900,40.473167,-79.81775,,,,N,,,,,0,,,,,,,,,,,,2024085589,0,0,1,1,0,1,0,0,0,0,1,0,0,0,0,0,0,0,0,1,0,0,0,0,0,0,0,0,0,0,0,0,0,0,0,0,0,0,0,0,0,0,0,0,0,0,0,0,0,0,0,0,0,1,1,0,0,0,0,0,0,0,0,0,0,0,0,0,1,0,1,0,0,0,0,0,0,0,0,0,1,0,,0,0,0,0,0,0,2024085589,3,,3,02,,E,4,ACS0,25,,,SHENANDOAH DR,0,
6327,2024085602,11,02,02473,02473,2024,09,2,,,,3,9,4,1,01,3,2,00,0,0,2,2,2,0,0,0,1,0,1,0,0,0,0,0,,0,0,0,0,0,0,0,0,0,0,0,0,0,0,0,0,0,0,0,0,0,0,1,0,0,40 23:40.352,79 52:46.330,40.394542,-79.879536,,,5,N,,,,N,0,,,,,,,,,,,,2024085602,0,1,1,0,0,1,0,0,0,0,0,0,0,0,0,1,0,0,0,0,1,0,1,1,0,0,0,0,0,0,0,0,0,0,0,0,0,0,0,0,0,0,0,0,0,0,1,0,0,0,0,0,0,0,1,0,0,0,0,0,0,0,0,0,0,0,0,1,1,0,0,0,0,0,0,0,0,0,0,0,1,0,,0,0,0,0,0,0,2024085602,4,,,02,,W,4,,25,,,DIVISION ST,0,
6328,2024085613,11,02,02301,02301,2024,02,6,,,,3,1,5,4,00,0,2,00,0,0,2,2,2,0,0,0,0,0,1,1,0,0,1,0,,1,0,0,0,0,0,0,0,0,0,0,0,0,0,0,0,3,0,0,0,0,0,0,0,0,40 25:50.740,79 55:39.080,40.430761,-79.927522,,,5,N,,,0,N,0,,,,,,,,,,,,2024085613,0,0,1,1,0,0,0,0,0,0,0,0,0,1,0,0,0,1,0,1,0,0,0,0,0,0,0,0,0,0,0,0,0,0,0,0,0,0,0,0,0,0,0,0,0,0,0,0,0,0,0,0,0,0,0,0,0,0,0,0,0,0,0,0,0,0,0,0,1,0,1,0,0,1,0,0,0,0,0,0,0,1,,0,0,0,0,0,0,2024085613,3,,,02,,S,4,,25,,,WIGHTMAN ST,1,
6329,2024085614,11,02,02301,02301,2024,02,4,,,,3,1,1,1,00,0,2,03,0,0,2,2,2,0,0,0,0,0,2,0,0,0,0,0,,0,0,0,0,0,0,0,0,0,0,0,0,0,0,0,0,0,0,0,0,0,0,0,0,0,40 28:14.560,79 57:54.480,40.470711,-79.965133,,,2,N,,,0,N,0,,,,,,,,,,,,2024085614,0,1,0,0,0,0,0,0,0,0,1,0,0,0,0,1,0,0,0,1,0,0,0,0,0,0,0,0,0,0,0,0,0,0,0,0,0,0,0,0,0,0,0,0,0,0,0,0,0,0,0,0,0,0,0,0,0,0,0,0,0,0,0,0,0,0,0,0,1,0,0,0,0,0,0,0,0,0,0,0,0,0,,0,0,0,0,0,0,2024085614,3,,3,02,,B,2,2124,45,,432,WASHINGTON CR. BR/40TH ST,0,
6330,2024085615,11,02,02451,02451,2024,10,3,0858,08,,4,1,1,4,00,8,2,00,0,0,3,1,3,1,0,0,0,0,2,0,0,0,0,0,,0,0,0,0,0,0,0,0,0,0,0,0,0,0,0,0,0,0,0,0,0,0,0,0,0,40 31:20.400,79 50:19.700,40.522333,-79.838806,,,,N,,,3,,0,,,,,,,,,,,,2024085615,0,0,1,1,0,0,0,0,0,0,1,0,0,1,0,1,0,0,0,1,0,0,0,0,0,0,0,0,0,0,0,0,0,0,0,0,0,0,0,0,0,0,0,0,0,0,0,0,0,0,0,0,0,0,0,0,0,0,0,0,0,0,1,0,0,0,0,0,1,0,1,0,0,0,0,0,0,0,0,0,0,0,,0,0,0,0,0,0,2024085615,3,,,02,,N,4,,25,,,5TH ST,0,
6331,2024085616,11,02,02301,02301,2024,02,4,,,,3,1,4,1,01,2,2,00,0,0,2,4,2,2,0,0,0,0,0,0,0,0,0,0,,0,0,0,0,0,0,0,0,0,0,0,0,0,0,0,0,0,0,0,0,0,0,0,0,0,40 27:55.500,79 57:24.000,40.465417,-79.956667,,,,N,,,3,,0,,,,,,,,,,,,2024085616,0,0,1,1,0,0,0,0,0,0,0,0,0,0,0,1,0,0,0,0,1,1,0,0,0,0,0,0,0,0,0,0,0,0,0,0,0,0,0,0,0,0,0,0,0,0,1,0,0,0,0,0,0,0,1,0,0,0,0,0,0,0,0,0,0,0,0,0,1,0,0,0,0,0,0,0,0,0,0,0,1,0,,0,0,0,0,0,0,2024085616,3,,,02,,N,4,,25,,,FISK ST,0,
6332,2024085618,11,02,02301,02301,2024,02,4,,,,3,1,4,1,02,0,2,00,0,0,2,2,2,1,0,0,0,0,1,0,0,0,0,0,,0,0,0,0,0,0,0,0,0,0,0,0,0,0,0,0,0,1,0,0,0,0,0,0,0,40 24:51.868,79 59:18.880,40.414408,-79.988578,,,5,N,,,0,N,0,,,,,,,,,,,,2024085618,0,0,1,1,0,0,0,0,0,0,0,0,0,0,0,1,0,0,0,0,1,0,0,1,0,0,0,0,0,0,0,0,0,0,0,0,0,0,0,0,0,0,0,0,0,0,0,0,0,0,0,0,0,0,1,0,1,0,0,0,0,0,0,0,0,0,0,0,1,0,0,0,0,0,0,0,0,0,0,0,0,0,,0,0,0,0,0,0,2024085618,3,,,02,,N,4,,25,,,BAUSMAN ST,0,
6333,2024085620,11,02,02301,02301,2024,02,1,,,,3,1,1,1,00,2,2,03,0,0,4,4,4,1,0,0,0,0,3,0,0,0,1,0,,0,0,1,0,0,0,0,0,0,0,0,0,0,0,0,0,4,0,0,0,0,0,0,0,0,40 27:53.908,79 58:47.209,40.464974,-79.97978,,,7,N,,,,N,0,,,,,,,,,,,,2024085620,0,1,0,0,0,0,0,0,0,0,1,0,0,0,0,0,0,1,0,1,0,0,0,0,0,0,0,0,0,0,0,0,0,0,0,0,0,0,0,0,0,0,0,0,0,0,0,0,0,0,0,0,0,0,0,0,0,0,0,0,0,0,0,0,0,0,0,0,1,0,0,0,0,1,0,0,0,0,0,0,1,0,,0,0,0,0,0,0,2024085620,3,,1,02,,S,2,8125,25,,656,EAST OHIO ST AND 31ST ST,1,
6334,2024085622,11,02,02301,02301,2024,02,6,,,,10,2,7,5,02,0,2,00,0,0,1,1,1,0,0,0,0,0,1,0,0,0,0,0,,0,0,0,0,0,0,0,0,0,0,0,0,0,0,0,0,0,0,0,0,0,0,0,0,0,40 27:33.805,79 57:41.652,40.45939,-79.96157,,,7,N,,,0,N,0,,,,,,,,,,,,2024085622,0,0,1,1,0,0,0,1,0,0,0,0,1,1,0,1,0,0,0,0,1,0,0,1,0,0,0,0,0,1,0,0,0,0,0,0,0,0,0,0,0,0,0,0,0,0,0,0,0,0,0,0,0,0,0,0,0,0,0,0,0,0,0,1,0,0,0,0,1,0,0,0,0,0,0,0,0,0,0,0,1,0,,0,0,0,0,0,0,2024085622,3,,3,02,,E,4,AGYO,25,,,FINLAND ST,0,
6335,2024085623,11,02,02301,02301,2024,02,1,,,,3,1,4,1,01,2,2,00,0,0,2,2,2,1,0,0,0,0,1,0,0,0,0,0,,0,0,0,0,0,0,0,0,0,0,0,0,0,0,0,0,0,0,0,0,0,0,1,0,0,40 27:41.044,79 55:29.350,40.461401,-79.924819,,,1,N,,,3,N,0,,,,,,,,,,,,2024085623,0,0,1,1,0,0,0,0,0,0,0,0,0,0,0,1,0,0,0,0,1,1,0,0,0,0,0,0,0,0,0,0,0,0,0,0,0,0,0,0,0,0,0,0,0,0,0,0,0,0,0,0,0,0,0,0,0,0,0,0,0,0,1,0,0,0,0,1,1,0,0,0,0,0,0,0,0,0,0,0,0,0,,0,0,0,0,0,0,2024085623,3,,,02,,S,4,,25,,,HIGHLAND AV,0,
6336,2024085624,11,02,02301,02301,2024,02,1,,,,3,1,7,4,02,2,2,00,0,0,1,1,1,1,0,0,0,0,0,0,0,0,0,0,,0,0,0,0,0,0,0,0,0,0,0,0,0,0,0,0,0,0,0,0,0,0,0,0,0,40 23:41.514,80 01:17.508,40.394865,-80.02153,,,,N,,,,,0,,,,,,,,,,,,2024085624,0,0,1,1,0,0,0,0,0,0,0,0,1,1,0,1,0,0,0,0,1,1,0,0,0,0,0,0,0,0,0,0,0,0,0,0,0,0,0,0,0,0,0,0,0,0,0,0,0,0,0,0,0,0,1,0,0,0,0,0,0,0,0,0,0,0,0,0,1,0,0,0,0,0,0,0,0,0,0,0,0,0,,0,0,0,0,0,0,2024085624,3,,3,02,,W,4,AGJK,35,,,BROOKLINE BL,0,
6337,2024085625,11,02,02301,02301,2024,02,2,,,,3,1,1,1,00,0,2,00,0,0,3,3,3,1,0,0,0,0,2,0,0,0,0,0,,0,0,0,0,0,0,0,0,0,0,0,0,0,0,0,0,0,0,0,0,0,0,0,0,0,40 28:43.149,80 02:34.083,40.478653,-80.042801,,,7,N,,,,N,0,,,,,,,,,,,,2024085625,0,1,0,0,0,0,0,0,0,0,1,0,0,0,0,1,0,0,0,1,0,0,0,0,0,0,0,0,0,0,0,0,0,0,0,0,0,0,0,0,0,0,0,0,0,0,0,0,0,0,0,0,0,0,0,0,0,0,0,0,0,0,1,0,0,0,0,0,1,0,0,0,0,0,0,0,0,0,0,0,1,0,,0,0,0,0,0,0,2024085625,3,,2,02,,N,2,0065,55,,1124,OHIO RIVER BL,0,
6338,2024085627,11,02,02301,02301,2024,02,5,,,,3,1,5,6,00,0,2,00,0,0,2,3,2,1,0,0,0,0,1,0,0,0,0,0,,0,0,0,0,0,0,0,0,0,0,0,0,0,0,0,0,0,0,0,0,0,0,0,0,0,40 26:39.400,79 58:25.200,40.444278,-79.973667,,,,N,,,0,,0,,,,,,,,,,,,2024085627,0,0,1,1,0,0,0,0,0,0,0,0,0,0,0,1,0,0,0,1,0,0,0,0,0,0,0,0,0,0,0,0,0,0,0,0,0,0,0,0,0,0,0,0,0,0,0,0,0,0,0,0,0,0,0,0,0,0,0,0,0,0,1,0,0,0,0,0,1,0,1,0,0,0,0,0,0,0,0,0,0,0,,0,0,0,0,0,0,2024085627,3,,3,02,,W,4,AHZP,,,,REED ST,0,
6339,2024085629,11,02,02301,02301,2024,02,7,,,,3,1,1,1,00,0,2,00,0,0,2,2,2,1,0,0,0,0,1,0,0,0,0,0,,0,0,0,0,0,0,0,0,0,0,0,0,0,0,0,0,0,0,1,0,0,0,0,0,0,40 26:26.307,79 59:34.961,40.440641,-79.993045,,,,N,,,,,0,,,,,,,,,,,,2024085629,1,1,0,0,0,0,0,0,0,0,1,0,0,0,0,1,0,0,0,1,0,0,0,0,0,0,0,0,0,0,0,0,0,0,0,0,0,0,0,0,0,0,0,0,0,0,0,0,0,0,0,0,0,0,0,0,0,1,0,0,0,0,1,0,0,0,0,0,1,0,0,0,0,0,0,0,0,0,0,0,0,0,,0,0,0,0,0,0,2024085629,3,,1,02,,S,1,0579,55,,821,CROSSTOWN BL,0,