_id,CRASH_CRN,DISTRICT,CRASH_COUNTY,MUNICIPALITY,POLICE_AGCY,CRASH_YEAR,CRASH_MONTH,DAY_OF_WEEK,TIME_OF_DAY,HOUR_OF_DAY,ILLUMINATION,WEATHER,ROAD_CONDITION,COLLISION_TYPE,RELATION_TO_ROAD,INTERSECT_TYPE,TCD_TYPE,URBAN_RURAL,LOCATION_TYPE,SCH_BUS_IND,SCH_ZONE_IND,TOTAL_UNITS,PERSON_COUNT,VEHICLE_COUNT,AUTOMOBILE_COUNT,MOTORCYCLE_COUNT,BUS_COUNT,SMALL_TRUCK_COUNT,HEAVY_TRUCK_COUNT,SUV_COUNT,VAN_COUNT,BICYCLE_COUNT,FATAL_COUNT,INJURY_COUNT,MAJ_INJ_COUNT,MOD_INJ_COUNT,MIN_INJ_COUNT,UNK_INJ_DEG_COUNT,UNK_INJ_PER_COUNT,UNBELTED_OCC_COUNT,UNB_DEATH_COUNT,UNB_MAJ_INJ_COUNT,BELTED_DEATH_COUNT,BELTED_MAJ_INJ_COUNT,MCYCLE_DEATH_COUNT,MCYCLE_MAJ_INJ_COUNT,BICYCLE_DEATH_COUNT,BICYCLE_MAJ_INJ_COUNT,PED_COUNT,PED_DEATH_COUNT,PED_MAJ_INJ_COUNT,COMM_VEH_COUNT,MAX_SEVERITY_LEVEL,DRIVER_COUNT_16YR,DRIVER_COUNT_17YR,DRIVER_COUNT_18YR,DRIVER_COUNT_19YR,DRIVER_COUNT_20YR,DRIVER_COUNT_50_64YR,DRIVER_COUNT_65_74YR,DRIVER_COUNT_75PLUS,LATITUDE,LONGITUDE,DEC_LAT,DEC_LONG,EST_HRS_CLOSED,LANE_CLOSED,LN_CLOSE_DIR,NTFY_HIWY_MAINT,RDWY_SURF_TYPE_CD,SPEC_JURIS_CD,TCD_FUNC_CD,TFC_DETOUR_IND,WORK_ZONE_IND,WORK_ZONE_TYPE,WORK_ZONE_LOC,CONS_ZONE_SPD_LIM,WORKERS_PRES,WZ_CLOSE_DETOUR,WZ_FLAGGER,WZ_LAW_OFFCR_IND,WZ_LN_CLOSURE,WZ_MOVING,WZ_OTHER,WZ_SHLDER_MDN,FLAG_CRN,INTERSTATE,STATE_ROAD,LOCAL_ROAD,LOCAL_ROAD_ONLY,TURNPIKE,WET_ROAD,SNOW_SLUSH_ROAD,ICY_ROAD,SUDDEN_DEER,SHLDR_RELATED,REAR_END,HO_OPPDIR_SDSWP,HIT_FIXED_OBJECT,SV_RUN_OFF_RD,WORK_ZONE,PROPERTY_DAMAGE_ONLY,FATAL_OR_MAJ_INJ,INJURY,FATAL,NON_INTERSECTION,INTERSECTION,SIGNALIZED_INT,STOP_CONTROLLED_INT,UNSIGNALIZED_INT,SCHOOL_BUS,SCHOOL_ZONE,HIT_DEER,HIT_TREE_SHRUB,HIT_EMBANKMENT,HIT_POLE,HIT_GDRAIL,HIT_GDRAIL_END,HIT_BARRIER,HIT_BRIDGE,OVERTURNED,MOTORCYCLE,BICYCLE,HVY_TRUCK_RELATED,VEHICLE_FAILURE,TRAIN_TROLLEY,PHANTOM_VEHICLE,ALCOHOL_RELATED,DRINKING_DRIVER,UNDERAGE_DRNK_DRV,UNLICENSED,CELL_PHONE,NO_CLEARANCE,RUNNING_RED_LT,TAILGATING,CROSS_MEDIAN,CURVE_DVR_ERROR,LIMIT_65MPH,SPEEDING,SPEEDING_RELATED,AGGRESSIVE_DRIVING,FATIGUE_ASLEEP,DRIVER_16YR,DRIVER_17YR,DRIVER_65_74YR,DRIVER_75PLUS,UNBELTED,PEDESTRIAN,DISTRACTED,CURVED_ROAD,DRIVER_18YR,DRIVER_19YR,DRIVER_20YR,DRIVER_50_64YR,VEHICLE_TOWED,FIRE_IN_VEHICLE,HIT_PARKED_VEHICLE,MC_DRINKING_DRIVER,DRUGGED_DRIVER,INJURY_OR_FATAL,COMM_VEHICLE,IMPAIRED_DRIVER,DEER_RELATED,DRUG_RELATED,HAZARDOUS_TRUCK,ILLEGAL_DRUG_RELATED,ILLUMINATION_DARK,MINOR_INJURY,MODERATE_INJURY,MAJOR_INJURY,NHTSA_AGG_DRIVING,PSP_REPORTED,RUNNING_STOP_SIGN,TRAIN,TROLLEY,ROADWAY_CRN,RDWY_SEQ_NUM,ADJ_RDWY_SEQ,ACCESS_CTRL,ROADWAY_COUNTY,LANE_COUNT,RDWY_ORIENT,ROAD_OWNER,ROUTE,SPEED_LIMIT,SEGMENT,OFFSET,STREET_NAME,TOT_INJ_COUNT,SCHOOL_BUS_UNIT
6665,2024087044,11,02,02446,02446,2024,10,6,,,,3,1,4,1,00,0,2,07,0,0,3,5,3,1,0,0,0,0,2,0,0,0,1,0,,0,1,0,0,0,0,0,0,0,0,0,0,0,0,0,0,8,0,0,0,0,0,1,1,1,40 25:51.400,79 47:13.300,40.430944,-79.787028,,,2,N,,,,N,0,,,,,,,,,,,,2024087044,0,0,1,1,0,0,0,0,0,0,0,0,0,0,0,0,0,1,0,1,0,0,0,0,0,0,0,0,0,0,0,0,0,0,0,0,0,0,0,0,0,0,0,0,0,0,0,0,0,0,0,0,0,0,1,0,0,0,1,1,0,0,0,0,0,0,0,1,1,0,0,0,0,1,0,0,0,0,0,0,0,0,,0,0,0,0,0,0,2024087044,3,,,02,,S,4,,35,,,OXFORD DR,1,
6666,2024087045,11,02,02116,02116,2024,09,5,,,,3,1,1,1,00,0,2,00,0,0,3,3,3,1,0,0,0,0,2,0,0,0,0,0,,0,0,0,0,0,0,0,0,0,0,0,0,0,0,0,0,0,0,0,0,0,0,0,0,0,40 31:25.797,80 00:19.771,40.523833,-80.005492,,,,N,,,,,0,,,,,,,,,,,,2024087045,0,1,0,0,0,0,0,0,0,0,1,0,0,0,0,1,0,0,0,1,0,0,0,0,0,0,0,0,0,0,0,0,0,0,0,0,0,0,0,0,0,0,0,0,0,0,0,0,1,0,0,0,0,0,1,0,0,0,0,0,0,0,0,0,0,0,0,0,1,0,0,0,0,0,0,0,0,0,0,0,0,0,,0,0,0,0,0,0,2024087045,3,,3,02,3,S,2,4003,40,,689,MCKNIGHT RD,0,
6667,2024087047,11,02,02207,02207,2024,10,6,,,,3,1,1,1,02,0,2,00,0,0,3,3,3,1,0,0,0,0,2,0,0,0,0,0,,0,0,0,0,0,0,0,0,0,0,0,0,0,0,0,0,0,0,0,0,0,0,0,1,1,40 34:43.946,79 57:11.335,40.578874,-79.953149,,,1,N,,,,Y,0,,,,,,,,,,,,2024087047,0,1,1,0,0,0,0,0,0,0,1,0,0,0,0,1,0,0,0,0,1,0,0,1,0,0,0,0,0,0,0,0,0,0,0,0,0,0,0,0,0,0,0,0,0,0,0,0,0,0,0,0,0,0,1,0,0,0,1,1,0,0,0,0,0,0,0,0,1,0,0,0,0,0,0,0,0,0,0,0,0,0,,0,0,0,0,0,0,2024087047,5,,,02,2,W,4,,25,,,CRAIGHEAD RD,0,
6668,2024087079,11,02,02123,02123,2024,10,6,,,,3,1,4,1,02,3,2,00,0,0,2,2,2,0,0,0,1,0,1,0,0,0,2,0,,2,0,0,0,0,0,0,0,0,0,0,0,0,0,0,0,3,0,0,0,0,0,1,1,0,40 18:24.487,80 05:38.149,40.306802,-80.09393,,,1,N,,,,N,0,,,,,,,,,,,,2024087079,0,1,1,0,0,0,0,0,0,0,0,0,0,0,0,0,0,1,0,0,1,0,1,1,0,0,0,0,0,0,0,0,0,0,0,0,0,0,0,0,0,0,0,0,0,0,0,0,0,0,0,0,0,0,1,0,0,0,1,0,0,0,0,0,0,0,0,1,1,0,0,0,0,1,0,0,0,0,0,0,1,1,,0,0,0,0,0,0,2024087079,5,,,02,2,E,4,,25,,,CIRCLE DR,2,
6669,2024087099,11,02,02477,02477,2024,10,7,,,,3,1,4,1,00,0,2,07,0,0,2,3,2,1,0,0,0,0,1,0,0,0,0,0,,0,0,0,0,0,0,0,0,0,0,0,0,0,0,0,0,0,0,1,0,0,0,1,0,0,40 20:57.181,79 49:06.449,40.349217,-79.818458,,,,N,,,,,0,,,,,,,,,,,,2024087099,0,1,0,0,0,0,0,0,0,0,0,0,0,0,0,1,0,0,0,1,0,0,0,0,0,0,0,0,0,0,0,0,0,0,0,0,0,0,0,0,0,0,0,0,0,0,0,0,0,0,0,0,0,0,0,0,0,1,0,0,0,0,0,0,0,0,0,1,1,0,0,0,0,0,0,0,0,0,0,0,0,0,,0,0,0,0,0,0,2024087099,3,,3,02,,U,2,2031,40,,870,LINCOLN WY,0,
6670,2024087108,11,02,02207,02207,2024,10,6,,,,3,1,4,1,02,3,1,00,0,0,2,2,2,0,0,0,1,0,1,0,0,0,0,0,,0,0,0,0,0,0,0,0,0,0,0,0,0,0,0,0,0,0,0,0,0,0,0,0,1,40 34:53.776,79 55:18.309,40.581604,-79.921753,,,4,N,,,,Y,0,,,,,,,,,,,,2024087108,0,1,1,0,0,0,0,0,0,0,0,0,0,0,0,1,0,0,0,0,1,0,1,1,0,0,0,0,0,0,0,0,0,0,0,0,0,0,0,0,0,0,0,0,0,0,1,0,0,0,0,0,0,0,1,0,0,0,0,1,0,0,0,0,0,0,0,0,1,0,0,0,0,0,0,0,0,0,0,0,0,0,,0,0,0,0,0,0,2024087108,4,,,02,2,S,3,,35,,,MIDDLE RD,0,
6671,2024087112,11,02,02431,02431,2024,10,6,,,,3,1,7,4,00,0,2,00,0,0,1,1,1,0,0,0,0,0,1,0,0,0,0,0,,0,0,0,0,0,0,0,0,0,0,0,0,0,0,0,0,0,0,1,0,0,0,0,0,0,40 26:07.518,79 51:01.347,40.435422,-79.850374,,,3,N,,,,N,0,,,,,,,,,,,,2024087112,0,0,1,1,0,0,0,0,0,0,0,0,1,1,0,1,0,0,0,1,0,0,0,0,0,0,0,0,0,0,0,0,0,0,0,0,0,0,0,0,0,0,0,0,0,0,0,0,0,0,0,0,0,0,0,0,0,1,0,0,0,0,0,0,0,0,0,0,1,0,0,0,0,0,0,0,0,0,0,0,0,0,,0,0,0,0,0,0,2024087112,3,,,02,,E,4,,35,,,GREENSBURG PK,0,
6672,2024087114,11,02,02431,02431,2024,09,2,,,,7,9,7,3,00,2,2,00,0,0,1,2,1,0,0,0,0,1,0,0,0,0,1,0,,0,0,0,0,0,0,0,0,0,0,0,0,0,0,0,1,4,0,0,0,0,0,0,0,0,40 25:04.080,79 50:55.718,40.4178,-79.848811,,,,N,,,3,,0,,,,,,,,,,,,2024087114,0,1,0,0,0,1,0,0,0,0,0,0,1,1,0,0,0,1,0,1,0,0,0,0,0,0,0,0,0,0,0,0,0,0,0,0,0,1,0,0,0,0,0,0,0,0,0,0,0,0,0,0,0,0,1,0,0,0,0,0,0,0,0,0,0,0,0,0,1,0,0,0,0,1,1,0,0,0,0,0,0,0,,0,0,0,0,0,0,2024087114,3,,3,02,2,E,2,0030,40,,2855,LINCOLN HW,1,
6673,2024087116,11,02,02108,02108,2024,10,7,,,,3,1,2,1,01,0,2,00,0,0,2,5,2,0,0,0,0,0,0,2,0,0,2,0,,2,0,0,0,0,0,0,0,0,0,0,0,0,0,0,0,3,0,0,0,0,0,0,0,0,40 33:49.917,79 59:24.461,40.563866,-79.990128,,,6,N,,,0,Y,0,,,,,,,,,,,,2024087116,0,1,1,0,0,0,0,0,0,0,0,1,0,0,0,0,0,1,0,0,1,0,0,1,0,0,0,0,0,0,0,0,0,0,0,0,0,0,1,0,0,0,0,0,0,0,1,0,0,0,0,0,0,0,1,0,0,0,0,0,0,0,0,0,0,0,0,0,1,0,0,0,0,1,0,0,0,0,0,0,0,1,,0,0,0,0,0,0,2024087116,4,,,02,,N,4,,25,,,POST RD,2,
6674,2024087122,11,02,02216,02505,2024,10,7,,,,3,1,4,1,02,3,2,00,0,0,2,2,2,2,0,0,0,0,0,0,0,0,0,0,,0,0,0,0,0,0,0,0,0,0,0,0,0,0,0,0,0,0,0,0,0,0,1,0,0,40 38:45.056,80 03:01.609,40.645849,-80.050447,,,3,N,,,,Y,0,,,,,,,,,,,,2024087122,0,0,1,1,0,0,0,0,0,0,0,0,0,0,0,1,0,0,0,0,1,0,1,1,0,0,0,0,0,0,0,0,0,0,0,0,0,0,0,0,0,0,0,0,0,0,0,0,0,0,0,0,0,0,1,0,0,0,0,0,0,0,0,0,0,0,0,1,1,0,0,0,0,0,0,0,0,0,0,0,0,0,,0,0,0,0,0,0,2024087122,3,,3,02,,E,4,AFRE,25,,,DAVISON DR,0,
6675,2024087151,11,02,02102,02102,2024,09,2,,,,3,1,4,1,02,2,2,02,0,0,3,5,3,1,0,0,0,0,2,0,0,0,1,0,,0,0,0,0,0,0,0,0,0,0,0,0,0,0,0,0,4,0,0,0,0,0,0,1,0,40 22:22.744,80 05:57.554,40.372984,-80.099321,,,4,N,,,,N,0,,,,,,,,,,,,2024087151,0,1,0,0,0,0,0,0,0,0,0,0,0,0,0,0,0,1,0,0,1,1,0,0,0,0,0,0,0,0,0,0,0,0,0,0,0,0,0,0,0,0,0,0,0,0,0,0,0,0,0,0,0,0,1,0,0,0,1,0,0,0,0,1,0,0,0,0,1,0,0,0,0,1,0,0,0,0,0,0,1,0,,0,0,0,0,0,0,2024087151,3,,3,02,,E,2,0050,40,,1700,WASHINGTON PK,1,
6676,2024087156,11,02,02207,02207,2024,10,6,1652,16,,3,1,4,1,03,3,2,00,0,0,2,5,2,1,0,0,0,0,1,0,0,0,1,0,,0,0,0,0,0,0,0,0,0,0,0,0,0,0,0,0,4,1,0,0,0,0,1,0,0,40 36:47.323,79 57:22.427,40.613145,-79.95623,,,,N,,,3,,0,,,,,,,,,,,,2024087156,0,1,1,0,0,0,0,0,0,0,0,0,0,0,0,0,0,1,0,0,1,0,1,1,0,0,0,0,0,0,0,0,0,0,0,0,0,0,0,0,0,0,0,0,0,0,1,0,0,0,0,0,0,0,1,0,1,0,0,0,0,0,0,0,0,0,0,1,1,0,0,0,0,1,0,0,0,0,0,0,0,0,,0,0,0,0,0,0,2024087156,4,,,02,2,S,4,,25,,,PIONEER RD,1,
6677,2024087166,11,02,02414,02414,2024,10,5,,,,3,1,5,1,01,2,2,00,0,0,4,4,4,1,0,0,0,0,3,0,0,0,0,0,,0,0,0,0,0,0,0,0,0,0,0,0,0,0,0,0,0,0,0,1,0,0,2,0,0,40 21:19.669,80 06:50.868,40.355464,-80.11413,,,6,N,,,,Y,0,,,,,,,,,,,,2024087166,0,1,1,0,0,0,0,0,0,0,0,0,0,0,0,1,0,0,0,0,1,1,0,0,0,0,0,0,0,0,0,0,0,0,0,0,0,0,0,0,0,0,0,0,0,0,0,0,0,0,0,0,0,0,1,0,0,0,0,0,0,0,0,0,1,0,0,1,1,0,0,0,0,0,0,0,0,0,0,0,0,0,,0,0,0,0,0,0,2024087166,5,,,02,,W,4,,25,,,CHURCH ST,0,
6678,2024087171,11,02,02466,02466,2024,10,7,,,,3,1,7,2,00,0,2,00,0,0,1,1,1,0,0,0,1,0,0,0,0,0,0,0,,0,0,0,0,0,0,0,0,0,0,0,0,0,0,0,0,0,0,0,0,0,0,0,0,0,40 28:41.836,79 45:27.413,40.478288,-79.757615,,,6,Y,,,,N,0,,,,,,,,,,,,2024087171,0,1,0,0,0,0,0,0,0,0,0,0,1,1,0,1,0,0,0,1,0,0,0,0,0,0,0,0,0,0,1,0,0,0,0,0,0,0,0,0,0,0,0,0,0,0,0,0,0,0,0,0,0,0,0,0,0,0,0,0,0,0,0,1,0,0,0,0,1,0,0,0,0,0,0,0,0,0,0,0,1,0,,0,0,0,0,0,0,2024087171,3,,3,02,,E,2,0400,40,,2743,SALTSBURG RD,0,
6679,2024087174,11,02,02113,02113,2024,10,7,2213,22,,3,1,4,1,00,0,2,07,,0,2,4,2,1,0,0,0,0,1,0,0,0,0,0,,0,0,0,0,0,0,0,0,0,0,0,0,0,0,0,0,0,0,0,0,0,1,0,0,0,40 27:41.589,79 49:26.586,40.461553,-79.824052,,,,N,,,0,,0,,,,,,,,,,,,2024087174,0,1,0,0,0,0,0,0,0,0,0,0,0,0,0,1,0,0,0,1,0,0,0,0,0,0,0,0,0,0,0,0,0,0,0,0,0,0,0,0,0,0,0,0,0,0,0,0,0,0,0,0,0,0,1,0,0,0,0,0,0,0,0,0,0,0,1,0,1,0,0,0,0,0,0,0,0,0,0,0,1,0,,0,0,0,0,0,0,2024087174,3,,3,02,,N,2,0791,35,,998,RODI RD,0,
6680,2024087197,11,02,02481,02481,2024,10,7,,,,3,1,98,1,00,0,2,00,0,0,1,2,1,0,0,0,0,0,1,0,0,0,0,0,,0,0,0,0,0,0,0,0,0,0,0,0,0,0,0,0,0,0,0,0,0,0,0,0,0,40 35:56.377,80 05:56.528,40.598994,-80.099036,,,,N,,,,,0,,,,,,,,,,,,2024087197,0,1,0,0,0,0,0,0,1,0,0,0,0,0,0,1,0,0,0,1,0,0,0,0,0,0,1,0,0,0,0,0,0,0,0,0,0,0,0,0,0,0,0,0,0,0,0,0,0,0,0,0,0,0,0,0,0,0,0,0,0,0,0,0,0,0,0,0,1,0,0,0,0,0,0,0,1,0,0,0,1,0,,0,0,0,0,0,0,2024087197,3,,3,02,,S,2,4049,45,,349,NICHOLSON RD,0,
6681,2024087204,11,02,02113,02113,2024,10,7,,,,3,1,2,6,00,0,2,00,0,0,2,1,2,1,0,0,0,0,1,0,0,0,0,0,,0,0,0,0,0,0,0,0,0,0,0,0,0,0,0,0,0,0,0,0,0,0,0,0,0,40 28:25.200,79 51:44.000,40.473667,-79.862222,,,,N,,,,,0,,,,,,,,,,,,2024087204,0,0,1,1,0,0,0,0,0,0,0,1,0,0,0,1,0,0,0,1,0,0,0,0,0,0,0,0,0,0,0,0,0,0,0,0,0,0,0,0,0,1,1,0,0,0,0,0,0,0,0,0,0,1,1,0,0,0,0,0,0,0,0,1,0,0,0,0,1,0,1,0,0,0,0,1,0,0,0,0,1,0,,0,0,0,0,0,0,2024087204,3,,3,02,,E,4,ACH6,25,,,CHASKE ST,0,
6682,2024087207,11,02,02108,02108,2024,10,1,,,,3,1,7,5,00,0,2,00,0,0,1,1,1,1,0,0,0,0,0,0,0,0,0,0,,0,0,0,0,0,0,0,0,0,0,0,0,0,0,0,0,0,0,0,0,0,0,0,0,0,40 32:34.587,80 02:09.362,40.542941,-80.035934,,,2,N,,,0,N,0,,,,,,,,,,,,2024087207,0,1,0,0,0,0,0,0,0,0,0,0,1,1,0,1,0,0,0,1,0,0,0,0,0,0,0,0,0,0,0,0,0,0,0,0,0,0,0,0,0,0,0,0,0,1,0,0,0,0,0,0,0,0,0,0,0,0,0,0,0,0,1,0,0,0,0,0,1,0,0,0,0,0,0,0,0,0,0,0,1,0,,0,0,0,0,0,0,2024087207,3,,3,02,,S,2,0019,35,,444,PERRY HW,0,
6683,2024087210,11,02,02301,02301,2024,10,7,,,,3,1,7,4,00,0,2,00,0,0,1,1,1,1,0,0,0,0,0,0,0,0,0,0,,0,0,0,0,0,0,0,0,0,0,0,0,0,0,0,0,0,0,0,0,0,0,1,0,0,40 26:54.926,80 01:24.838,40.448591,-80.023566,,,,N,,,0,,0,,,,,,,,,,,,2024087210,0,1,0,0,0,0,0,0,0,0,0,0,1,1,0,1,0,0,0,1,0,0,0,0,0,0,0,0,0,0,0,0,0,0,0,0,0,0,0,0,0,0,0,0,0,0,0,0,0,0,0,0,0,0,0,0,0,0,0,0,0,0,0,0,0,0,0,1,1,0,0,0,0,0,0,0,0,0,0,0,1,0,,0,0,0,0,0,0,2024087210,3,,1,02,,S,2,8055,20,,305,SR 65 SB TO REEDSDALE ST,0,
6684,2024087234,11,02,02430,68D02,2024,10,5,,,,5,1,1,1,00,0,2,00,0,0,3,3,3,0,0,0,1,0,2,0,0,0,0,0,,0,0,0,0,0,0,0,0,0,0,0,0,0,0,0,0,0,0,0,0,0,0,0,0,0,40 29:42.748,79 56:27.739,40.495208,-79.941039,,,2,N,,,,N,0,,,,,,,,,,,,2024087234,0,1,0,0,0,0,0,0,0,0,1,0,0,0,0,1,0,0,0,1,0,0,0,0,0,0,0,0,0,0,0,0,0,0,0,0,0,0,0,0,0,0,0,0,0,0,0,0,0,0,0,0,0,1,0,0,0,0,0,0,0,0,0,0,0,0,0,0,1,0,0,0,0,0,0,0,0,0,0,0,0,0,,0,0,1,0,0,0,2024087234,3,,1,02,,S,2,0028,45,,226,ETNA BP,0,
6685,2024087246,11,02,02446,02446,2024,10,6,,,,3,1,2,6,00,0,2,00,0,0,2,1,2,0,0,0,0,0,2,0,0,0,0,0,,0,0,0,0,0,0,0,0,0,0,0,0,0,0,0,0,0,0,0,0,0,0,0,0,0,40 26:54.100,79 44:06.600,40.448361,-79.735167,,,1,N,,,,N,0,,,,,,,,,,,,2024087246,0,0,1,1,0,0,0,0,0,0,0,1,0,0,0,1,0,0,0,1,0,0,0,0,0,0,0,0,0,0,0,0,0,0,0,0,0,0,0,0,0,0,0,0,0,1,0,0,0,0,0,0,0,0,0,0,0,0,0,0,0,0,1,0,0,0,0,0,1,0,1,0,0,0,0,0,0,0,0,0,1,0,,0,0,0,0,0,0,2024087246,3,,3,02,,N,4,ALKW,25,,,NOEL DR,0,
6686,2024087266,11,02,02446,02446,2024,09,4,,,,3,1,6,1,01,2,2,00,0,0,2,3,2,0,0,0,0,0,2,0,0,0,1,0,,0,1,0,0,0,0,0,0,0,0,0,0,0,0,0,0,8,0,0,1,0,0,0,1,0,40 23:51.606,79 46:09.579,40.397668,-79.769328,,,5,N,,,3,N,0,,,,,,,,,,,,2024087266,0,1,0,0,0,0,0,0,0,0,0,1,0,0,0,0,0,1,0,0,1,1,0,0,0,0,0,0,0,0,0,0,0,0,0,0,0,0,0,0,0,0,0,0,0,0,0,0,0,0,0,0,0,0,1,0,0,0,1,0,0,0,0,0,1,0,0,0,1,0,0,0,0,1,0,0,0,0,0,0,1,0,,0,0,0,0,0,0,2024087266,3,,3,02,,S,2,0048,45,,0,MOSSIDE BL,1,
6687,2024087289,11,02,02440,02440,2024,10,1,,,,3,1,1,1,00,0,2,00,0,0,3,5,2,0,0,0,1,0,1,0,0,0,2,0,,0,2,0,0,0,0,0,0,0,0,0,0,0,0,0,0,8,0,0,0,0,0,1,0,1,40 18:17.017,79 56:01.264,40.304727,-79.933684,,,,N,,,,,0,,,,,,,,,,,,2024087289,0,1,0,0,0,0,0,0,0,0,1,0,0,0,0,0,0,1,0,1,0,0,0,0,0,0,0,0,0,0,0,0,0,0,0,0,0,0,0,0,1,0,0,0,0,0,0,0,0,0,0,0,0,0,1,0,0,0,0,1,0,0,0,0,0,0,0,1,0,0,0,0,0,1,0,0,0,0,0,0,0,0,,0,0,0,0,0,0,2024087289,3,,3,02,2,S,2,0051,40,,411,CLAIRTON BL,2,
6688,2024087293,11,02,02415,02415,2024,10,4,1623,16,,3,1,4,1,01,3,2,03,0,0,3,4,3,1,0,0,1,0,0,1,0,0,0,0,,0,0,0,0,0,0,0,0,0,0,0,0,0,0,0,0,0,0,0,0,0,0,1,1,0,40 24:36.143,80 04:50.785,40.41004,-80.080774,,,4,N,,,3,N,0,,,,,,,,,,,,2024087293,0,1,1,0,0,0,0,0,0,0,0,0,0,0,0,1,0,0,0,0,1,0,1,1,0,0,0,0,0,0,0,0,0,0,0,0,0,0,0,0,0,0,0,0,0,0,1,0,0,0,0,0,0,0,1,0,0,0,1,0,0,0,0,0,0,0,0,1,1,0,0,0,0,0,0,0,0,0,0,0,0,0,,0,0,0,0,0,0,2024087293,4,,,02,,S,4,,25,,,ANTHONY ST,0,
6689,2024087313,11,02,02207,02207,2024,10,1,,,,3,1,7,2,00,0,2,00,0,0,1,1,1,1,0,0,0,0,0,0,0,0,1,0,,1,0,0,0,0,0,0,0,0,0,0,0,0,0,0,0,3,0,0,0,0,0,0,0,0,40 36:49.943,79 56:54.808,40.613873,-79.948558,,,4,N,,,,N,0,,,,,,,,,,,,2024087313,0,1,0,0,0,0,0,0,0,0,0,0,1,1,0,0,0,1,0,1,0,0,0,0,0,0,0,0,0,1,0,0,0,0,0,0,0,0,0,0,0,1,1,0,0,0,0,0,0,0,0,0,0,0,0,0,0,0,0,0,0,0,0,0,0,0,0,0,1,0,0,0,1,1,0,1,0,1,0,1,0,1,,0,0,0,0,0,0,2024087313,3,,3,02,2,N,2,4067,35,,2420,WEST HARDIES RD,1,
6690,2024087314,11,02,02405,02215,2024,10,3,,,,7,9,1,1,01,2,2,00,0,0,2,2,2,1,0,0,0,0,1,0,0,0,0,0,,0,0,0,0,0,0,0,0,0,0,0,0,0,0,0,0,0,0,0,0,0,0,0,0,1,40 30:05.467,80 04:31.292,40.501519,-80.075359,,,2,N,,,,N,0,,,,,,,,,,,,2024087314,0,1,1,0,0,1,0,0,0,0,1,0,0,0,0,1,0,0,0,0,1,1,0,0,0,0,0,0,0,0,0,0,0,0,0,0,0,0,0,0,0,0,0,0,0,0,0,0,0,0,0,0,0,0,1,0,0,0,0,1,0,0,0,0,0,0,0,0,1,0,0,0,0,0,0,0,0,0,0,0,1,0,,0,0,0,0,0,0,2024087314,5,,,02,,E,4,,25,,,MONITOR AV,0,
6691,2024087317,11,02,02445,02445,2024,10,1,,,,3,1,4,1,06,2,2,08,0,0,2,2,2,2,0,0,0,0,0,0,0,0,0,0,,0,0,0,0,0,0,0,0,0,0,0,0,0,0,0,0,0,0,0,0,0,0,0,0,0,40 28:28.169,79 58:17.039,40.474491,-79.9714,,,7,N,,,,Y,0,,,,,,,,,,,,2024087317,0,1,0,0,0,0,0,0,0,0,0,0,0,0,0,1,0,0,0,0,1,1,0,0,0,0,0,0,0,0,0,0,0,0,0,0,0,0,0,0,0,0,0,0,0,0,0,0,0,0,0,0,0,0,1,0,0,0,0,0,0,0,0,0,0,0,0,0,1,0,0,0,0,0,0,0,0,0,0,0,0,0,,0,0,0,0,0,0,2024087317,3,,3,02,,W,2,2124,45,,2725,WASHINGTON CR. BR/40TH ST,0,
6692,2024087331,11,02,02301,68B03,2024,09,4,,,,3,1,1,1,06,0,2,02,0,0,2,2,2,1,0,0,0,0,1,0,0,0,1,0,,1,0,0,0,0,0,0,0,0,0,0,0,0,0,0,0,3,0,0,0,0,0,1,0,0,40 26:28.157,80 00:33.240,40.441155,-80.009233,,,2,N,,,0,Y,0,,,,,,,,,,,,2024087331,1,1,0,0,0,0,0,0,0,0,1,0,0,0,0,0,0,1,0,0,1,0,0,1,0,0,0,0,0,0,0,0,0,0,0,0,0,0,0,0,0,0,0,0,0,0,0,0,0,0,0,0,0,1,1,0,0,0,0,0,0,0,0,1,0,0,0,1,1,0,0,0,0,1,0,0,0,0,0,0,1,1,,0,0,1,0,0,0,2024087331,3,,1,02,,S,1,0279,50,,639,PENN LINCOLN PY,1,
6693,2024087334,11,02,02481,68B03,2024,09,4,,,,3,1,1,1,00,0,2,00,0,0,2,2,2,0,0,0,1,0,1,0,0,0,0,0,,0,0,0,0,0,0,0,0,0,0,0,0,0,0,0,0,0,0,1,0,0,0,0,0,0,40 34:59.850,80 05:54.847,40.583292,-80.098569,,,1,N,,,0,N,0,,,,,,,,,,,,2024087334,1,1,0,0,0,0,0,0,0,0,1,0,0,0,0,1,0,0,0,1,0,0,0,0,0,0,0,0,0,0,0,0,0,0,0,0,0,0,0,0,0,0,0,0,0,0,0,0,0,0,0,0,0,1,1,0,0,1,0,0,0,0,0,0,0,0,0,0,1,0,0,0,0,0,0,0,0,0,0,0,0,0,,0,0,1,0,0,0,2024087334,3,,1,02,2,N,1,0279,55,,2038,NORTH HILLS EX,0,