_id,CRASH_CRN,DISTRICT,CRASH_COUNTY,MUNICIPALITY,POLICE_AGCY,CRASH_YEAR,CRASH_MONTH,DAY_OF_WEEK,TIME_OF_DAY,HOUR_OF_DAY,ILLUMINATION,WEATHER,ROAD_CONDITION,COLLISION_TYPE,RELATION_TO_ROAD,INTERSECT_TYPE,TCD_TYPE,URBAN_RURAL,LOCATION_TYPE,SCH_BUS_IND,SCH_ZONE_IND,TOTAL_UNITS,PERSON_COUNT,VEHICLE_COUNT,AUTOMOBILE_COUNT,MOTORCYCLE_COUNT,BUS_COUNT,SMALL_TRUCK_COUNT,HEAVY_TRUCK_COUNT,SUV_COUNT,VAN_COUNT,BICYCLE_COUNT,FATAL_COUNT,INJURY_COUNT,MAJ_INJ_COUNT,MOD_INJ_COUNT,MIN_INJ_COUNT,UNK_INJ_DEG_COUNT,UNK_INJ_PER_COUNT,UNBELTED_OCC_COUNT,UNB_DEATH_COUNT,UNB_MAJ_INJ_COUNT,BELTED_DEATH_COUNT,BELTED_MAJ_INJ_COUNT,MCYCLE_DEATH_COUNT,MCYCLE_MAJ_INJ_COUNT,BICYCLE_DEATH_COUNT,BICYCLE_MAJ_INJ_COUNT,PED_COUNT,PED_DEATH_COUNT,PED_MAJ_INJ_COUNT,COMM_VEH_COUNT,MAX_SEVERITY_LEVEL,DRIVER_COUNT_16YR,DRIVER_COUNT_17YR,DRIVER_COUNT_18YR,DRIVER_COUNT_19YR,DRIVER_COUNT_20YR,DRIVER_COUNT_50_64YR,DRIVER_COUNT_65_74YR,DRIVER_COUNT_75PLUS,LATITUDE,LONGITUDE,DEC_LAT,DEC_LONG,EST_HRS_CLOSED,LANE_CLOSED,LN_CLOSE_DIR,NTFY_HIWY_MAINT,RDWY_SURF_TYPE_CD,SPEC_JURIS_CD,TCD_FUNC_CD,TFC_DETOUR_IND,WORK_ZONE_IND,WORK_ZONE_TYPE,WORK_ZONE_LOC,CONS_ZONE_SPD_LIM,WORKERS_PRES,WZ_CLOSE_DETOUR,WZ_FLAGGER,WZ_LAW_OFFCR_IND,WZ_LN_CLOSURE,WZ_MOVING,WZ_OTHER,WZ_SHLDER_MDN,FLAG_CRN,INTERSTATE,STATE_ROAD,LOCAL_ROAD,LOCAL_ROAD_ONLY,TURNPIKE,WET_ROAD,SNOW_SLUSH_ROAD,ICY_ROAD,SUDDEN_DEER,SHLDR_RELATED,REAR_END,HO_OPPDIR_SDSWP,HIT_FIXED_OBJECT,SV_RUN_OFF_RD,WORK_ZONE,PROPERTY_DAMAGE_ONLY,FATAL_OR_MAJ_INJ,INJURY,FATAL,NON_INTERSECTION,INTERSECTION,SIGNALIZED_INT,STOP_CONTROLLED_INT,UNSIGNALIZED_INT,SCHOOL_BUS,SCHOOL_ZONE,HIT_DEER,HIT_TREE_SHRUB,HIT_EMBANKMENT,HIT_POLE,HIT_GDRAIL,HIT_GDRAIL_END,HIT_BARRIER,HIT_BRIDGE,OVERTURNED,MOTORCYCLE,BICYCLE,HVY_TRUCK_RELATED,VEHICLE_FAILURE,TRAIN_TROLLEY,PHANTOM_VEHICLE,ALCOHOL_RELATED,DRINKING_DRIVER,UNDERAGE_DRNK_DRV,UNLICENSED,CELL_PHONE,NO_CLEARANCE,RUNNING_RED_LT,TAILGATING,CROSS_MEDIAN,CURVE_DVR_ERROR,LIMIT_65MPH,SPEEDING,SPEEDING_RELATED,AGGRESSIVE_DRIVING,FATIGUE_ASLEEP,DRIVER_16YR,DRIVER_17YR,DRIVER_65_74YR,DRIVER_75PLUS,UNBELTED,PEDESTRIAN,DISTRACTED,CURVED_ROAD,DRIVER_18YR,DRIVER_19YR,DRIVER_20YR,DRIVER_50_64YR,VEHICLE_TOWED,FIRE_IN_VEHICLE,HIT_PARKED_VEHICLE,MC_DRINKING_DRIVER,DRUGGED_DRIVER,INJURY_OR_FATAL,COMM_VEHICLE,IMPAIRED_DRIVER,DEER_RELATED,DRUG_RELATED,HAZARDOUS_TRUCK,ILLEGAL_DRUG_RELATED,ILLUMINATION_DARK,MINOR_INJURY,MODERATE_INJURY,MAJOR_INJURY,NHTSA_AGG_DRIVING,PSP_REPORTED,RUNNING_STOP_SIGN,TRAIN,TROLLEY,ROADWAY_CRN,RDWY_SEQ_NUM,ADJ_RDWY_SEQ,ACCESS_CTRL,ROADWAY_COUNTY,LANE_COUNT,RDWY_ORIENT,ROAD_OWNER,ROUTE,SPEED_LIMIT,SEGMENT,OFFSET,STREET_NAME,TOT_INJ_COUNT,SCHOOL_BUS_UNIT
6902,2024087773,11,02,02301,02301,2024,04,6,,,,7,9,7,1,00,0,2,00,0,0,1,1,1,1,0,0,0,0,0,0,0,0,0,0,,0,0,0,0,0,0,0,0,0,0,0,0,0,0,0,0,0,0,0,0,0,0,0,0,0,40 24:22.800,79 58:05.100,40.406333,-79.968083,,,,N,,,,,0,,,,,,,,,,,,2024087773,0,0,1,1,0,1,0,0,0,0,0,0,1,1,0,1,0,0,0,1,0,0,0,0,0,0,0,1,0,0,0,0,0,0,0,0,0,0,0,0,0,0,0,0,0,0,0,0,0,0,0,0,0,0,0,0,0,0,0,0,0,0,1,0,0,0,0,0,1,0,0,0,0,0,0,0,0,0,0,0,1,0,,0,0,0,0,0,0,2024087773,3,,,02,,S,4,,,,,BECKS RUN RD,0,
6903,2024087774,11,02,02301,02301,2024,04,6,,,,7,9,4,1,00,0,2,00,0,0,2,2,2,0,0,0,0,0,1,1,0,0,0,0,,0,0,0,0,0,0,0,0,0,0,0,0,0,0,0,0,0,0,0,0,0,0,1,0,0,40 26:23.928,80 01:02.762,40.43998,-80.017434,,,4,N,,,,N,0,,,,,,,,,,,,2024087774,0,1,0,0,0,1,0,0,0,0,0,0,0,0,0,1,0,0,0,1,0,0,0,0,0,0,0,0,0,0,0,0,0,0,0,0,0,0,0,0,0,0,0,0,0,0,0,0,0,0,0,0,0,0,1,0,0,0,0,0,0,0,0,0,0,0,0,1,1,0,0,0,0,0,0,0,0,0,0,0,0,0,,0,0,0,0,0,0,2024087774,3,,3,02,,N,2,0837,35,,642,WEST CARSON ST,0,
6904,2024087778,11,02,02214,02214,2024,10,2,,,,4,1,5,2,00,0,2,00,0,0,2,1,2,2,0,0,0,0,0,0,0,0,1,1,,0,0,0,1,0,1,0,0,0,0,0,0,0,0,0,0,2,0,0,0,0,0,0,0,0,40 26:29.993,80 12:13.064,40.441665,-80.203629,,,3,N,,,0,N,0,,,,,,,,,,,,2024087778,0,1,0,0,0,0,0,0,0,0,0,0,0,1,0,0,1,1,0,1,0,0,0,0,0,0,0,0,0,1,0,0,0,0,0,0,0,0,0,0,0,0,0,0,0,0,0,0,0,0,0,0,0,0,0,0,0,0,0,0,1,0,0,0,0,0,0,0,1,0,1,0,1,1,0,1,0,1,0,1,0,0,,1,0,0,0,0,0,2024087778,3,,3,02,,E,2,3066,35,,1999,STEUBENVILLE PK,1,
6905,2024087780,11,02,02301,02301,2024,04,7,,,,3,1,7,1,00,0,2,00,0,0,2,1,2,0,0,0,1,0,1,0,0,0,1,0,,1,0,0,0,0,0,0,0,0,0,0,0,0,0,0,0,3,0,0,0,0,0,0,0,0,40 26:29.000,79 59:59.000,40.441389,-79.999722,,,,N,,,,,0,,,,,,,,,,,,2024087780,0,0,1,1,0,0,0,0,0,0,0,0,1,1,0,0,0,1,0,1,0,0,0,0,0,0,0,0,0,0,0,0,0,0,0,0,0,0,0,0,0,1,1,0,0,0,0,0,0,0,0,0,0,0,0,0,0,0,0,0,0,0,0,0,0,0,0,0,1,0,1,0,0,1,0,1,0,0,0,0,1,1,,0,0,0,0,0,0,2024087780,3,,,02,,W,4,,25,,,OLIVER AV,1,
6906,2024087781,11,02,02301,02301,2024,04,7,,,,3,1,5,6,00,2,2,00,0,0,2,2,2,1,0,0,0,0,1,0,0,0,1,0,,0,1,1,0,0,0,0,0,0,0,0,0,0,0,0,0,8,0,0,0,0,0,0,0,0,40 27:29.400,79 54:18.500,40.458167,-79.905139,,,,N,,,,,0,,,,,,,,,,,,2024087781,0,0,1,1,0,0,0,0,0,0,0,0,0,0,0,0,0,1,0,1,0,0,0,0,0,0,0,0,0,0,0,0,0,0,0,0,0,0,0,0,0,0,0,0,0,0,0,0,0,0,0,0,0,0,0,0,0,0,0,0,0,0,0,0,0,0,0,0,1,0,1,0,0,1,0,0,0,0,0,0,0,0,,0,0,0,0,0,0,2024087781,3,,,02,,N,4,,25,,,FRANKSTOWN AV,1,
6907,2024087789,11,02,02446,02446,2024,09,5,,,,3,1,4,1,01,3,2,00,0,0,2,2,2,1,0,0,0,0,1,0,0,0,0,0,,0,0,0,0,0,0,0,0,0,0,0,0,0,0,0,0,0,0,0,0,0,1,0,1,0,40 26:54.286,79 45:40.088,40.448413,-79.761136,,,,N,,,,,0,,,,,,,,,,,,2024087789,0,1,1,0,0,0,0,0,0,0,0,0,0,0,0,1,0,0,0,0,1,0,1,1,0,0,0,0,0,0,0,0,0,0,0,0,0,0,0,0,0,0,0,0,0,0,1,0,0,0,0,0,0,0,1,0,0,0,1,0,0,0,0,1,0,0,1,0,1,0,0,0,0,0,0,0,0,0,0,0,0,0,,0,0,0,0,0,0,2024087789,4,,,02,,W,4,,35,,,BEATTY RD,0,
6908,2024087799,11,02,02116,02116,2024,10,2,,,,3,1,4,1,00,0,2,07,0,0,2,2,2,2,0,0,0,0,0,0,0,0,0,0,,0,0,0,0,0,0,0,0,0,0,0,0,0,0,0,0,0,0,0,0,0,0,0,1,1,40 31:51.058,80 02:36.815,40.530849,-80.04356,,,,N,,,,,0,,,,,,,,,,,,2024087799,0,1,0,0,0,0,0,0,0,0,0,0,0,0,0,1,0,0,0,1,0,0,0,0,0,0,0,0,0,0,0,0,0,0,0,0,0,0,0,0,0,0,0,0,0,0,0,0,0,0,0,0,0,0,1,0,0,0,1,1,0,0,0,0,0,0,0,0,1,0,0,0,0,0,0,0,0,0,0,0,0,0,,0,0,0,0,0,0,2024087799,3,,3,02,,W,2,4011,35,,999,ROCHESTER RD,0,
6909,2024087807,11,02,02301,02301,2024,10,7,,,,3,1,4,1,01,3,2,00,0,0,3,4,3,2,0,0,0,0,1,0,0,0,0,0,,0,0,0,0,0,0,0,0,0,0,0,0,0,0,0,0,0,0,0,0,0,0,0,0,0,40 27:43.660,79 55:36.600,40.462128,-79.926833,,,4,N,,,,N,0,,,,,,,,,,,,2024087807,0,0,1,1,0,0,0,0,0,0,0,0,0,0,0,1,0,0,0,0,1,0,1,1,0,0,0,0,0,0,0,0,0,0,0,0,0,0,0,0,0,0,0,0,0,0,1,0,0,0,0,0,0,0,1,0,0,0,0,0,0,0,0,0,0,0,0,0,1,0,0,0,0,0,0,0,0,0,0,0,0,0,,0,0,0,0,0,0,2024087807,3,,3,02,,W,4,AGCR,25,,,PENN AV,0,
6910,2024087810,11,02,02202,02202,2024,10,2,,,,3,1,4,1,01,3,1,00,0,0,2,2,2,2,0,0,0,0,0,0,0,0,1,0,,1,0,0,0,0,0,0,0,0,0,0,0,0,0,0,0,3,0,0,0,0,0,0,1,0,40 39:00.094,79 47:56.512,40.650026,-79.799031,,,3,N,,,,N,0,,,,,,,,,,,,2024087810,0,1,1,0,0,0,0,0,0,0,0,0,0,0,0,0,0,1,0,0,1,0,1,1,0,0,0,0,0,0,0,0,0,0,0,0,0,0,0,0,0,0,0,0,0,0,1,0,0,0,0,0,0,0,1,0,0,0,1,0,0,0,0,0,0,0,0,0,1,0,0,0,0,1,0,0,0,0,0,0,0,1,,0,0,0,0,0,0,2024087810,5,,,02,,S,4,,35,,,THOMPSON RD,1,
6911,2024087825,11,02,02304,02304,2024,10,7,,,,3,1,2,6,00,0,2,00,0,0,2,1,2,1,0,0,1,0,0,0,0,0,0,0,,0,0,0,1,0,0,0,0,0,0,0,0,0,0,0,0,0,0,0,0,1,0,0,0,0,40 20:38.300,79 50:57.800,40.343972,-79.849389,,,,N,,,,,0,,,,,,,,,,,,2024087825,0,0,1,1,0,0,0,0,0,0,0,1,0,0,0,1,0,0,0,1,0,0,0,0,0,0,0,0,0,0,0,0,0,0,0,0,0,0,1,0,0,0,0,0,0,0,0,0,0,0,0,0,0,0,0,0,0,0,0,0,1,0,0,0,0,1,0,0,1,0,1,0,0,0,0,0,0,0,0,0,0,0,,0,0,0,0,0,0,2024087825,3,,3,02,,S,4,AIW1,25,,,EVANS AV,0,
6912,2024087965,11,02,02301,02301,2024,10,1,,,,7,9,4,1,05,2,2,00,0,0,2,2,2,1,0,0,0,0,1,0,0,0,0,0,,0,0,0,0,0,0,0,0,0,0,0,0,0,0,0,0,0,0,0,0,1,0,0,1,0,40 27:20.823,79 57:57.083,40.455784,-79.965856,,,,N,,,,,0,,,,,,,,,,,,2024087965,0,1,1,0,0,1,0,0,0,0,0,0,0,0,0,1,0,0,0,0,1,1,0,0,0,0,0,0,0,0,0,0,0,0,0,0,0,0,0,0,0,0,0,0,0,0,0,1,0,0,0,0,0,0,1,0,0,0,1,0,0,0,0,0,0,1,0,0,1,0,0,0,0,0,0,0,0,0,0,0,1,0,,0,1,0,0,0,0,2024087965,5,,,02,,S,4,,,,,HERRON AV,0,
6913,2024087966,11,02,02109,02109,2024,09,7,,,,4,9,4,1,02,0,2,00,0,0,2,2,2,2,0,0,0,0,0,0,0,0,0,0,,0,0,0,0,0,0,0,0,0,0,0,0,0,0,0,0,0,0,0,0,0,0,1,0,0,40 22:53.510,80 02:58.265,40.381531,-80.049518,,,,N,,,,,0,,,,,,,,,,,,2024087966,0,0,1,1,0,1,0,0,0,0,0,0,0,0,0,1,0,0,0,0,1,0,0,1,0,0,0,0,0,0,0,0,0,0,0,0,0,0,0,0,0,0,0,0,0,0,0,0,0,0,0,0,0,0,1,0,0,0,0,0,0,0,0,1,0,0,0,1,1,0,0,0,0,0,0,0,0,0,0,0,0,0,,0,0,0,0,0,0,2024087966,3,,,02,,W,4,,25,,,CEDAR BL,0,
6914,2024087967,11,02,02213,02213,2024,09,6,,,,3,1,4,1,01,1,2,00,0,0,2,3,2,1,0,0,0,0,1,0,0,0,0,0,,0,0,0,0,0,0,0,0,0,0,0,0,0,0,0,0,0,0,0,0,0,0,1,0,0,40 31:23.103,80 10:39.211,40.523084,-80.177559,,,,N,,,9,,0,,,,,,,,,,,,2024087967,0,1,0,0,0,0,0,0,0,0,0,0,0,0,0,1,0,0,0,0,1,1,0,0,0,0,0,0,0,0,0,0,0,0,0,0,0,0,0,0,0,0,0,0,0,0,1,0,0,0,0,0,0,0,1,0,0,0,0,0,0,0,0,0,0,0,0,1,1,0,0,0,0,0,0,0,0,0,0,0,0,0,,0,0,0,0,0,0,2024087967,3,,3,02,,S,2,0051,45,,790,UNIVERSITY BL,0,
6915,2024087976,11,02,02111,02111,2024,09,5,,,,3,1,4,1,01,2,2,00,0,0,2,3,2,0,0,0,0,0,1,1,0,0,1,0,,0,1,0,0,0,0,0,0,0,0,0,0,0,0,0,0,8,0,0,0,0,0,1,0,0,40 21:44.541,79 49:34.085,40.362373,-79.826135,,,2,N,,,,N,0,,,,,,,,,,,,2024087976,0,1,1,0,0,0,0,0,0,0,0,0,0,0,0,0,0,1,0,0,1,1,0,0,0,0,0,0,0,0,0,0,0,0,0,0,0,0,0,0,0,0,0,0,0,0,0,1,0,0,0,0,0,0,1,0,0,0,0,0,0,0,0,0,0,0,0,1,1,0,0,0,0,1,0,0,0,0,0,0,0,0,,0,0,0,0,0,0,2024087976,6,,,02,,U,4,,,,,ARCANNIA ST,1,
6916,2024088016,11,02,02301,02301,2024,10,1,,,,7,9,8,1,01,3,2,00,0,0,2,2,1,0,0,0,0,0,0,0,0,0,1,0,,0,1,0,0,0,0,0,0,0,0,0,0,1,0,0,0,8,0,0,0,0,0,0,0,0,40 26:46.728,79 58:49.187,40.446313,-79.98033,,,7,N,,,,N,0,,,,,,,,,,,,2024088016,0,0,1,1,0,1,0,0,0,0,0,0,0,0,0,0,0,1,0,0,1,0,1,1,0,0,0,0,0,0,0,0,0,0,0,0,0,0,0,0,0,0,0,0,0,0,0,0,0,0,0,0,0,0,0,0,0,0,0,0,0,1,0,0,0,0,0,0,0,0,0,0,0,1,0,0,0,0,0,0,1,0,,0,0,0,0,0,0,2024088016,3,,3,02,,U,4,AIJ5,,,,ERIN ST,1,
6917,2024088048,11,02,02301,02447,2024,10,1,,,,3,1,1,6,00,0,2,00,0,0,3,1,3,2,0,0,1,0,0,0,0,0,0,0,,0,0,1,0,0,0,0,0,0,0,0,0,0,0,0,0,9,0,0,0,0,0,1,0,0,40 24:34.900,79 59:26.300,40.409694,-79.990639,,,2,N,,,,N,0,,,,,,,,,,,,2024088048,0,0,1,1,0,0,0,0,0,0,1,0,0,0,0,0,0,0,0,1,0,0,0,0,0,0,0,0,0,0,0,0,0,0,0,0,0,0,0,0,0,0,0,0,0,0,0,0,0,0,0,0,0,0,0,0,0,0,0,0,0,0,0,0,0,0,0,1,1,0,1,0,0,0,0,0,0,0,0,0,1,0,,0,0,0,0,0,0,2024088048,3,,,02,,S,4,,25,,,BROWNSVILLE RD,0,
6918,2024088064,11,02,02207,02207,2024,10,6,,,,3,1,7,5,00,0,2,07,0,0,1,2,1,0,0,0,1,0,0,0,0,0,1,0,,0,0,0,0,0,0,0,0,0,0,0,0,0,0,0,0,4,0,0,0,0,0,0,0,0,40 33:22.000,79 56:39.100,40.556111,-79.944194,,,4,N,,,,N,0,,,,,,,,,,,,2024088064,0,0,1,1,0,0,0,0,0,0,0,0,1,1,0,0,0,1,0,1,0,0,0,0,0,0,0,1,0,0,0,0,0,0,0,0,0,0,0,0,0,0,0,0,0,0,0,0,0,0,0,0,0,0,0,0,0,0,0,0,0,0,0,0,0,0,0,0,1,0,0,0,0,1,0,0,0,0,0,0,1,0,,0,0,0,0,0,0,2024088064,3,,3,02,,W,4,AET1,25,,,ELFINWILD RD,1,
6919,2024088065,11,02,02301,02301,2024,04,7,,,,3,1,1,1,00,0,2,08,0,0,2,3,2,0,0,0,1,0,1,0,0,0,0,0,,0,0,0,0,0,0,0,0,0,0,0,0,0,0,0,0,0,0,1,0,0,0,0,0,0,40 26:14.298,79 59:40.115,40.437305,-79.994476,,,,N,,,,,0,,,,,,,,,,,,2024088065,0,1,0,0,0,0,0,0,0,0,1,0,0,0,0,1,0,0,0,1,0,0,0,0,0,0,0,0,0,0,0,0,0,0,0,0,0,0,0,0,0,0,0,0,0,0,0,0,0,0,0,0,0,0,1,0,0,1,0,0,0,0,0,0,0,0,0,0,1,0,0,0,0,0,0,0,0,0,0,0,0,0,,0,0,0,0,0,0,2024088065,3,,1,02,,N,2,8002,35,,683,RAMP K RD,0,
6920,2024088066,11,02,02301,02301,2024,04,6,,,,7,9,1,1,00,0,2,03,0,0,2,2,2,1,0,0,0,0,1,0,0,0,0,0,,0,0,0,0,0,0,0,0,0,0,0,0,0,0,0,0,0,0,0,0,0,0,0,0,0,40 25:51.400,79 59:19.480,40.430944,-79.988744,,,2,N,,,,N,0,,,,,,,,,,,,2024088066,0,0,1,1,0,1,0,0,0,0,1,0,0,0,0,1,0,0,0,1,0,0,0,0,0,0,0,0,0,0,0,0,0,0,0,0,0,0,0,0,0,0,0,0,0,0,0,0,0,0,0,0,0,0,0,0,0,0,0,0,0,0,0,0,0,0,0,0,1,0,0,0,0,0,0,0,0,0,0,0,0,0,,0,0,0,0,0,0,2024088066,3,,,02,,S,4,,35,,,10TH BR,0,
6921,2024088067,11,02,02301,02301,2024,04,7,,,,3,1,7,5,01,0,2,00,0,0,2,1,1,1,0,0,0,0,0,0,0,0,0,0,,0,0,0,0,0,0,0,0,0,0,0,0,0,0,0,0,0,0,0,0,0,0,0,0,0,40 24:58.800,80 01:30.200,40.416333,-80.025056,,,,N,,,,,0,,,,,,,,,,,,2024088067,0,0,1,1,0,0,0,0,0,0,0,0,1,1,0,1,0,0,0,0,1,0,0,1,0,0,0,0,0,1,0,0,0,0,0,0,0,0,0,0,1,0,0,0,0,0,0,0,0,0,0,0,0,0,0,0,0,0,0,0,0,0,0,0,0,0,0,0,1,0,0,0,0,0,0,0,0,0,0,0,0,0,,0,0,0,0,0,0,2024088067,3,,3,02,,N,4,AIJL,25,,,BEECHVIEW AV,0,
6922,2024088068,11,02,02214,02214,2024,10,7,,,,3,1,7,4,02,0,1,00,0,0,1,1,1,1,0,0,0,0,0,0,0,0,0,0,,0,0,0,0,0,0,0,0,0,0,0,0,0,0,0,0,0,0,0,0,0,0,0,0,0,40 25:35.864,80 17:08.649,40.426629,-80.285736,,,4,N,,,,N,0,,,,,,,,,,,,2024088068,0,1,1,0,0,0,0,0,0,0,0,0,1,1,0,1,0,0,0,0,1,0,0,1,0,0,0,0,0,0,0,0,0,0,0,0,0,0,0,0,0,0,0,0,0,0,0,0,0,0,0,0,0,0,1,0,0,0,0,0,0,0,0,0,0,0,0,0,1,0,0,0,0,0,0,0,0,0,0,0,0,0,,0,0,0,0,0,0,2024088068,4,,,02,,N,4,,35,,,STEUBENVILLE PK,0,
6923,2024088070,11,02,02301,02301,2024,04,7,,,,3,1,0,5,00,0,2,02,0,0,1,1,1,0,0,0,0,0,1,0,0,0,0,0,,0,0,0,0,0,0,0,0,0,0,0,0,0,0,0,0,0,0,0,0,0,0,0,0,0,40 25:48.137,80 01:32.305,40.430038,-80.02564,,,3,N,,,,N,0,,,,,,,,,,,,2024088070,0,1,0,0,0,0,0,0,0,0,0,0,0,1,0,1,0,0,0,1,0,0,0,0,0,0,0,0,0,0,0,0,0,0,1,0,0,0,0,0,0,1,1,0,0,0,0,0,0,0,0,0,1,1,1,0,0,0,0,0,0,0,0,1,0,0,0,0,1,0,0,0,0,0,0,1,0,0,0,0,1,0,,0,0,0,0,0,0,2024088070,3,,1,02,,S,2,8037,20,,295,SAWMILL RUN INT/RAMP D RD,0,
6924,2024088071,11,02,02301,02301,2024,04,1,,,,3,1,2,6,00,0,2,00,0,0,3,1,3,0,0,0,1,0,2,0,0,0,1,0,,1,0,0,0,0,0,0,0,0,0,0,0,0,0,0,0,3,0,0,0,0,0,0,0,0,40 28:17.400,79 57:25.000,40.4715,-79.956944,,,5,N,,,,N,0,,,,,,,,,,,,2024088071,0,0,1,1,0,0,0,0,0,0,0,1,0,0,0,0,0,1,0,1,0,0,0,0,0,0,0,0,0,0,0,0,0,0,0,0,0,0,0,0,0,1,1,0,0,0,0,0,0,0,0,0,0,0,0,0,0,0,0,0,0,0,0,0,0,0,0,0,1,0,1,0,0,1,0,1,0,0,0,0,1,1,,0,0,0,0,0,0,2024088071,3,,,02,2,S,4,,25,,,46TH ST,1,
6925,2024088073,11,02,02301,02301,2024,04,1,,,,3,1,4,6,02,0,2,00,0,0,3,3,3,3,0,0,0,0,0,0,0,0,0,0,,0,0,2,1,0,0,0,0,0,0,0,0,0,0,0,0,9,0,0,0,0,0,1,0,0,40 24:53.367,79 58:03.472,40.414824,-79.967631,,,,N,,,,,0,,,,,,,,,,,,2024088073,0,0,1,1,0,0,0,0,0,0,0,0,0,0,0,0,0,0,0,0,1,0,0,1,0,0,0,0,0,0,0,0,0,0,0,0,0,0,0,0,0,0,0,0,1,0,0,0,0,0,0,0,0,0,0,0,0,0,0,0,1,0,0,0,0,0,0,1,1,0,1,0,0,0,0,0,0,0,0,0,1,0,,0,0,0,0,0,0,2024088073,3,,3,02,,S,4,AGR5,25,,,DENGLER ST,0,
6926,2024088074,11,02,02301,02301,2024,04,1,,,,3,1,4,1,01,3,2,00,0,0,2,3,2,1,0,0,0,0,0,1,0,0,0,0,,0,0,0,0,0,0,0,0,0,0,0,0,0,0,0,0,0,0,0,0,0,0,0,0,0,40 26:26.300,79 55:00.000,40.440639,-79.916667,,,,N,,,,,0,,,,,,,,,,,,2024088074,0,0,1,1,0,0,0,0,0,0,0,0,0,0,0,1,0,0,0,0,1,0,1,1,0,0,0,0,0,0,0,0,0,0,0,0,0,0,0,0,0,0,0,0,0,0,0,0,0,0,0,0,0,0,1,0,0,0,0,0,0,0,0,0,0,0,0,0,1,0,0,0,0,0,0,0,0,0,0,0,0,0,,0,0,0,1,0,0,2024088074,3,,3,02,,S,4,AGBH,25,,,BEECHWOOD BL,0,
6927,2024088076,11,02,02301,02301,2024,04,1,,,,3,1,4,1,00,0,2,07,0,0,3,5,3,0,0,0,0,0,3,0,0,0,1,0,,0,1,0,1,0,0,0,0,0,0,0,0,0,0,0,0,8,0,0,0,0,0,0,0,0,40 27:07.800,79 59:53.700,40.452167,-79.99825,,,3,N,,,,N,0,,,,,,,,,,,,2024088076,0,0,1,1,0,0,0,0,0,0,0,0,0,0,0,0,0,1,0,1,0,0,0,0,0,0,0,0,0,0,0,0,0,0,0,0,0,0,0,0,0,0,0,0,0,0,0,0,0,0,0,0,0,0,1,0,0,0,0,0,1,0,0,0,0,0,0,0,1,0,1,0,0,1,0,0,0,0,0,0,0,0,,0,0,0,0,0,0,2024088076,3,,3,02,1,E,4,AHY6,25,,,PRESSLEY ST,1,
6928,2024088077,11,02,02301,02301,2024,04,1,,,,3,1,4,1,01,2,2,00,0,0,2,5,2,0,0,0,0,0,2,0,0,0,4,0,,1,0,0,0,0,0,0,0,0,0,0,0,0,0,0,0,3,0,0,0,1,0,1,0,0,40 27:46.407,79 55:16.608,40.462891,-79.92128,,,,N,,,,,0,,,,,,,,,,,,2024088077,0,0,1,1,0,0,0,0,0,0,0,0,0,0,0,0,0,1,0,0,1,1,0,0,0,0,0,0,0,0,0,0,0,0,0,0,0,0,0,0,0,0,0,0,0,0,0,0,0,0,0,0,0,0,0,0,0,0,0,0,0,0,0,0,0,1,0,1,1,0,0,0,0,1,0,0,0,0,0,0,0,1,,0,0,0,0,0,0,2024088077,3,,3,02,,N,4,AIA5,25,,,CENTRE AV,4,
6929,2024088078,11,02,02301,02301,2024,04,2,,,,3,1,4,1,00,0,2,07,0,0,2,2,2,0,0,0,0,1,1,0,0,0,0,0,,0,0,0,0,0,0,0,0,0,0,0,0,0,0,0,1,0,0,0,0,0,0,1,1,0,40 26:59.200,79 59:15.700,40.449778,-79.987694,,,3,N,,,0,N,0,,,,,,,,,,,,2024088078,0,0,1,1,0,0,0,0,0,0,0,0,0,0,0,1,0,0,0,1,0,0,0,0,0,0,0,0,0,0,0,0,0,0,0,0,0,1,0,0,0,0,0,0,0,0,0,0,0,0,0,0,0,0,0,0,0,0,1,0,0,0,0,0,0,0,0,1,1,0,0,0,0,0,1,0,0,0,0,0,0,0,,0,0,0,0,0,0,2024088078,3,,,02,,E,4,,25,,,SMALLMAN ST,0,
6930,2024088080,11,02,02301,02301,2024,04,2,,,,4,1,7,5,01,2,2,00,0,0,1,1,1,0,0,0,1,0,0,0,0,0,0,0,,0,0,1,1,0,0,0,0,0,0,0,0,0,0,0,0,9,0,0,0,0,0,0,0,0,40 27:26.600,79 53:46.700,40.457389,-79.896306,,,,N,,,,,0,,,,,,,,,,,,2024088080,0,0,1,1,0,0,0,0,0,0,0,0,1,1,0,0,0,0,0,0,1,1,0,0,0,0,0,0,0,0,0,0,0,0,0,0,0,0,0,0,0,0,0,0,0,0,0,0,0,0,0,0,0,0,0,0,0,0,0,0,1,0,0,0,0,0,0,0,1,0,0,0,0,0,0,0,0,0,0,0,1,0,,0,0,0,0,0,0,2024088080,3,,,02,,E,4,,25,,,FRANKSTOWN AV,0,
6931,2024088081,11,02,02301,02301,2024,04,2,,,,3,1,4,1,00,0,2,07,0,0,2,2,2,0,0,0,0,0,1,0,0,0,0,0,,0,0,1,0,0,0,0,0,0,0,0,0,0,0,0,0,9,0,0,0,0,0,0,1,0,40 29:16.900,80 00:53.500,40.488028,-80.014861,,,6,N,,,,N,0,,,,,,,,,,,,2024088081,0,0,1,1,0,0,0,0,0,0,0,0,0,0,0,0,0,0,0,1,0,0,0,0,0,0,0,0,0,0,0,0,0,0,0,0,0,0,0,0,0,0,0,0,0,0,0,0,0,0,0,0,1,1,1,0,0,0,1,0,0,0,0,1,0,0,0,0,1,0,0,0,0,0,0,0,0,0,0,0,1,0,,0,0,0,0,0,0,2024088081,3,,,02,,W,4,,35,,,EAST ST,0,