_id,CRASH_CRN,DISTRICT,CRASH_COUNTY,MUNICIPALITY,POLICE_AGCY,CRASH_YEAR,CRASH_MONTH,DAY_OF_WEEK,TIME_OF_DAY,HOUR_OF_DAY,ILLUMINATION,WEATHER,ROAD_CONDITION,COLLISION_TYPE,RELATION_TO_ROAD,INTERSECT_TYPE,TCD_TYPE,URBAN_RURAL,LOCATION_TYPE,SCH_BUS_IND,SCH_ZONE_IND,TOTAL_UNITS,PERSON_COUNT,VEHICLE_COUNT,AUTOMOBILE_COUNT,MOTORCYCLE_COUNT,BUS_COUNT,SMALL_TRUCK_COUNT,HEAVY_TRUCK_COUNT,SUV_COUNT,VAN_COUNT,BICYCLE_COUNT,FATAL_COUNT,INJURY_COUNT,MAJ_INJ_COUNT,MOD_INJ_COUNT,MIN_INJ_COUNT,UNK_INJ_DEG_COUNT,UNK_INJ_PER_COUNT,UNBELTED_OCC_COUNT,UNB_DEATH_COUNT,UNB_MAJ_INJ_COUNT,BELTED_DEATH_COUNT,BELTED_MAJ_INJ_COUNT,MCYCLE_DEATH_COUNT,MCYCLE_MAJ_INJ_COUNT,BICYCLE_DEATH_COUNT,BICYCLE_MAJ_INJ_COUNT,PED_COUNT,PED_DEATH_COUNT,PED_MAJ_INJ_COUNT,COMM_VEH_COUNT,MAX_SEVERITY_LEVEL,DRIVER_COUNT_16YR,DRIVER_COUNT_17YR,DRIVER_COUNT_18YR,DRIVER_COUNT_19YR,DRIVER_COUNT_20YR,DRIVER_COUNT_50_64YR,DRIVER_COUNT_65_74YR,DRIVER_COUNT_75PLUS,LATITUDE,LONGITUDE,DEC_LAT,DEC_LONG,EST_HRS_CLOSED,LANE_CLOSED,LN_CLOSE_DIR,NTFY_HIWY_MAINT,RDWY_SURF_TYPE_CD,SPEC_JURIS_CD,TCD_FUNC_CD,TFC_DETOUR_IND,WORK_ZONE_IND,WORK_ZONE_TYPE,WORK_ZONE_LOC,CONS_ZONE_SPD_LIM,WORKERS_PRES,WZ_CLOSE_DETOUR,WZ_FLAGGER,WZ_LAW_OFFCR_IND,WZ_LN_CLOSURE,WZ_MOVING,WZ_OTHER,WZ_SHLDER_MDN,FLAG_CRN,INTERSTATE,STATE_ROAD,LOCAL_ROAD,LOCAL_ROAD_ONLY,TURNPIKE,WET_ROAD,SNOW_SLUSH_ROAD,ICY_ROAD,SUDDEN_DEER,SHLDR_RELATED,REAR_END,HO_OPPDIR_SDSWP,HIT_FIXED_OBJECT,SV_RUN_OFF_RD,WORK_ZONE,PROPERTY_DAMAGE_ONLY,FATAL_OR_MAJ_INJ,INJURY,FATAL,NON_INTERSECTION,INTERSECTION,SIGNALIZED_INT,STOP_CONTROLLED_INT,UNSIGNALIZED_INT,SCHOOL_BUS,SCHOOL_ZONE,HIT_DEER,HIT_TREE_SHRUB,HIT_EMBANKMENT,HIT_POLE,HIT_GDRAIL,HIT_GDRAIL_END,HIT_BARRIER,HIT_BRIDGE,OVERTURNED,MOTORCYCLE,BICYCLE,HVY_TRUCK_RELATED,VEHICLE_FAILURE,TRAIN_TROLLEY,PHANTOM_VEHICLE,ALCOHOL_RELATED,DRINKING_DRIVER,UNDERAGE_DRNK_DRV,UNLICENSED,CELL_PHONE,NO_CLEARANCE,RUNNING_RED_LT,TAILGATING,CROSS_MEDIAN,CURVE_DVR_ERROR,LIMIT_65MPH,SPEEDING,SPEEDING_RELATED,AGGRESSIVE_DRIVING,FATIGUE_ASLEEP,DRIVER_16YR,DRIVER_17YR,DRIVER_65_74YR,DRIVER_75PLUS,UNBELTED,PEDESTRIAN,DISTRACTED,CURVED_ROAD,DRIVER_18YR,DRIVER_19YR,DRIVER_20YR,DRIVER_50_64YR,VEHICLE_TOWED,FIRE_IN_VEHICLE,HIT_PARKED_VEHICLE,MC_DRINKING_DRIVER,DRUGGED_DRIVER,INJURY_OR_FATAL,COMM_VEHICLE,IMPAIRED_DRIVER,DEER_RELATED,DRUG_RELATED,HAZARDOUS_TRUCK,ILLEGAL_DRUG_RELATED,ILLUMINATION_DARK,MINOR_INJURY,MODERATE_INJURY,MAJOR_INJURY,NHTSA_AGG_DRIVING,PSP_REPORTED,RUNNING_STOP_SIGN,TRAIN,TROLLEY,ROADWAY_CRN,RDWY_SEQ_NUM,ADJ_RDWY_SEQ,ACCESS_CTRL,ROADWAY_COUNTY,LANE_COUNT,RDWY_ORIENT,ROAD_OWNER,ROUTE,SPEED_LIMIT,SEGMENT,OFFSET,STREET_NAME,TOT_INJ_COUNT,SCHOOL_BUS_UNIT
8961,2024112273,11,02,02481,02481,2024,12,4,,,,4,1,98,1,00,0,2,00,0,0,1,1,1,0,0,0,0,0,1,0,0,0,0,0,,0,0,0,0,0,0,0,0,0,0,0,0,0,0,0,0,0,0,0,0,0,1,0,0,0,40 35:41.289,80 06:00.581,40.594803,-80.100161,,,,N,,,,,0,,,,,,,,,,,,2024112273,0,0,1,1,0,0,0,0,1,0,0,0,0,0,0,1,0,0,0,1,0,0,0,0,0,0,1,0,0,0,0,0,0,0,0,0,0,0,0,0,0,0,0,0,0,0,0,0,0,0,0,0,0,0,0,0,0,0,0,0,0,0,0,0,0,0,1,0,1,0,0,0,0,0,0,0,1,0,0,0,1,0,,0,0,0,0,0,0,2024112273,3,,,02,,S,4,,45,,,NICHOLSON RD,0,
8962,2024112282,11,02,02458,02458,2024,12,5,,,,7,9,2,1,01,0,2,00,0,0,2,2,2,0,0,0,0,0,2,0,0,0,2,0,,1,1,0,0,0,0,0,0,0,0,0,0,0,0,0,0,3,0,0,0,0,0,2,0,0,40 31:55.927,80 10:31.570,40.532202,-80.175436,,,1,N,,,,N,0,,,,,,,,,,,,2024112282,0,1,1,0,0,1,0,0,0,0,0,1,0,0,0,0,0,1,0,0,1,0,0,1,0,0,0,0,0,0,0,0,0,0,0,0,0,0,0,0,0,0,0,0,0,0,0,0,0,0,0,0,0,0,0,0,0,0,0,0,0,0,0,0,0,0,0,1,1,0,0,0,0,1,0,0,0,0,0,0,0,1,,0,0,0,0,0,0,2024112282,5,,,02,,E,4,,25,,,MCKOWN LN,2,
8963,2024112288,11,02,02426,68B03,2024,10,2,1847,18,,3,1,1,1,00,0,2,00,0,0,3,7,3,2,0,0,0,0,1,0,0,0,1,0,,1,0,0,0,0,0,0,0,0,0,0,0,0,0,0,0,3,0,0,0,1,1,0,0,0,40 25:47.802,79 53:03.065,40.429945,-79.884185,,,4,N,,,0,N,0,,,,,,,,,,,,2024112288,1,1,0,0,0,0,0,0,0,0,1,0,0,0,0,0,0,1,0,1,0,0,0,0,0,0,0,0,0,0,0,0,0,0,0,0,0,0,0,0,0,0,0,0,0,0,0,0,1,0,0,0,0,0,1,0,0,0,0,0,0,0,0,0,0,1,1,0,1,0,0,0,0,1,0,0,0,0,0,0,1,1,,0,1,1,0,0,0,2024112288,3,,1,02,,W,1,0376,55,,2747,PENN LINCOLN PY,1,
8964,2024112330,11,02,02473,02473,2024,12,4,,,,3,1,1,1,01,0,2,00,0,0,3,4,3,1,0,0,0,0,2,0,0,0,0,0,,0,0,0,0,0,0,0,0,0,0,0,0,0,0,0,0,0,0,0,0,0,1,0,1,0,40 21:01.297,79 55:37.704,40.35036,-79.92714,,,,N,,,,,0,,,,,,,,,,,,2024112330,0,1,1,0,0,0,0,0,0,0,1,0,0,0,0,1,0,0,0,0,1,0,0,1,0,0,0,0,0,0,0,0,0,0,0,0,0,0,0,0,0,0,0,0,0,0,0,0,0,0,0,0,1,1,1,0,0,0,1,0,0,0,0,0,0,0,1,0,1,0,0,0,0,0,0,0,0,0,0,0,0,0,,0,0,0,0,0,0,2024112330,7,,,02,,W,4,,40,,,COUNTY AIRPORT ENT RD,0,
8965,2024112358,11,02,02116,02116,2024,12,4,1550,15,,10,9,4,1,01,2,2,00,0,0,2,2,2,2,0,0,0,0,0,0,0,0,0,0,,0,0,0,0,0,0,0,0,0,0,0,0,0,0,0,0,0,0,0,0,0,0,1,0,0,40 31:32.692,80 02:08.233,40.525748,-80.03562,,,,N,,,3,,0,,,,,,,,,,,,2024112358,0,1,0,0,0,1,0,0,0,0,0,0,0,0,0,1,0,0,0,0,1,1,0,0,0,0,0,0,0,0,0,0,0,0,0,0,0,0,0,0,0,0,0,0,0,0,0,0,0,0,0,0,0,0,1,0,0,0,0,0,0,0,0,0,0,0,0,1,1,0,0,0,0,0,0,0,0,0,0,0,0,0,,0,0,0,0,0,0,2024112358,3,,3,02,,N,2,0019,35,,1305,PERRY HW,0,
8966,2024112360,11,02,02446,02446,2024,12,4,2221,22,,3,1,6,1,02,0,2,00,0,0,2,4,2,1,0,0,0,0,1,0,0,0,0,0,,0,0,0,0,0,0,0,0,0,0,0,0,0,0,0,0,0,0,0,0,0,0,1,0,0,40 26:05.253,79 45:17.044,40.434793,-79.754734,,,2,N,,,0,N,0,,,,,,,,,,,,2024112360,0,1,1,0,0,0,0,0,0,0,0,1,0,0,0,1,0,0,0,0,1,0,0,1,0,0,0,0,0,0,0,0,0,0,0,0,0,0,0,0,0,0,0,0,0,0,0,0,0,0,0,0,0,0,0,0,0,0,0,0,0,0,1,0,0,0,0,1,1,0,0,0,0,0,0,0,0,0,0,0,1,0,,0,0,0,0,0,0,2024112360,5,,,02,,U,4,,,,,DAUGHERTY DR,0,
8967,2024112362,11,02,02403,02403,2024,12,5,,,,3,1,4,1,02,3,2,00,0,0,2,3,2,2,0,0,0,0,0,0,0,0,0,0,,0,0,0,0,0,0,0,0,0,0,0,0,0,0,0,0,0,0,1,0,0,0,0,1,0,40 20:37.186,79 59:06.583,40.343663,-79.985162,,,1,N,,,,N,0,,,,,,,,,,,,2024112362,0,0,1,1,0,0,0,0,0,0,0,0,0,0,0,1,0,0,0,0,1,0,1,1,0,0,0,0,0,0,0,0,0,0,0,0,0,0,0,0,0,0,0,0,0,0,0,0,0,0,0,0,0,0,1,0,0,1,1,0,0,0,0,0,0,0,0,0,1,0,0,0,0,0,0,0,0,0,0,0,0,0,,0,0,0,0,0,0,2024112362,3,,3,02,,N,4,AJ7M,35,,,BROWNSVILLE RD,0,
8968,2024112378,11,02,02415,02415,2024,12,5,,,,4,3,4,1,02,3,2,00,0,0,2,2,2,1,0,0,0,0,1,0,0,0,0,0,,0,0,0,0,0,0,0,0,0,0,0,0,0,0,0,0,0,0,0,0,0,0,1,0,0,40 24:37.384,80 05:02.765,40.410384,-80.084101,,,4,N,,,,Y,0,,,,,,,,,,,,2024112378,0,1,1,0,0,0,0,0,0,0,0,0,0,0,0,1,0,0,0,0,1,0,1,1,0,0,0,0,0,0,0,0,0,0,0,0,0,0,0,0,0,0,0,0,0,0,1,0,0,0,0,0,0,0,1,0,0,0,0,0,0,0,0,0,0,0,0,1,1,0,0,0,0,0,0,0,0,0,0,0,0,0,,0,0,0,0,0,0,2024112378,5,,,02,1,N,4,,15,,,SANSBURY WY,0,
8969,2024112381,11,02,02440,02440,2024,12,4,,,,3,1,1,1,01,2,2,00,0,0,2,4,2,0,0,0,0,0,2,0,0,0,1,0,,0,1,0,0,0,0,0,0,0,0,0,0,0,0,0,0,8,0,0,0,0,0,0,0,0,40 18:47.403,79 56:19.388,40.313168,-79.938719,,,,N,,,,,0,,,,,,,,,,,,2024112381,0,1,1,0,0,0,0,0,0,0,1,0,0,0,0,0,0,1,0,0,1,1,0,0,0,0,0,0,0,0,0,0,0,0,0,0,0,0,0,0,0,0,0,0,0,0,0,0,1,0,0,0,0,0,1,0,0,0,0,0,0,0,0,0,0,0,0,0,0,0,0,0,0,1,0,0,0,0,0,0,0,0,,0,0,0,0,0,0,2024112381,5,,,02,,W,3,,35,,,COAL VALLEY RD,1,
8970,2024112386,11,02,02301,02503,2024,12,5,0903,09,,10,9,6,1,00,3,2,00,0,0,2,2,2,1,0,1,0,0,0,0,0,0,0,0,,0,0,0,0,0,0,0,0,0,0,0,0,0,0,0,1,0,0,0,0,0,0,1,0,0,40 28:42.400,80 00:02.700,40.478444,-80.00075,,,1,N,,,3,N,0,,,,,,,,,,,,2024112386,0,0,1,1,0,1,0,0,0,0,0,1,0,0,0,1,0,0,0,1,0,0,0,0,0,0,0,0,0,0,0,0,0,0,0,0,0,0,0,0,0,0,0,0,0,0,0,0,0,0,0,0,0,0,0,0,0,0,0,0,0,0,0,0,0,0,0,1,1,0,1,0,0,0,1,0,0,0,0,0,0,0,,0,0,0,0,0,0,2024112386,3,,3,02,,S,4,AHPH,25,,,MOUNT PLEASANT RD,0,
8971,2024112395,11,02,02301,02301,2024,12,5,,,,3,9,4,1,02,3,2,00,0,0,2,2,2,1,0,0,0,0,1,0,0,0,0,0,,0,0,0,0,0,0,0,0,0,0,0,0,0,0,0,0,0,0,0,0,0,0,0,0,0,40 27:43.016,79 55:53.836,40.461949,-79.931621,,,2,N,,,,N,0,,,,,,,,,,,,2024112395,0,0,1,1,0,1,0,0,0,0,0,0,0,0,0,1,0,0,0,0,1,0,1,1,0,0,0,0,0,0,0,0,0,0,0,0,0,0,0,0,0,0,0,0,0,0,0,0,0,0,0,0,0,0,1,0,0,0,0,0,0,0,0,0,0,0,0,0,1,0,0,0,0,0,0,0,0,0,0,0,0,0,,0,0,0,0,0,0,2024112395,3,,3,02,,N,4,AGNW,25,,,NEGLEY AV,0,
8972,2024112409,11,02,02301,02301,2024,12,5,,,,3,9,7,4,00,0,2,00,0,0,1,2,1,0,0,0,0,0,1,0,0,0,0,0,,0,0,0,0,0,0,0,0,0,0,0,0,0,0,0,0,0,0,0,0,0,0,0,0,0,40 24:45.200,80 00:33.700,40.412556,-80.009361,,,3,Y,,,,N,0,,,,,,,,,,,,2024112409,0,0,1,1,0,1,0,0,0,0,0,0,1,1,0,1,0,0,0,1,0,0,0,0,0,0,0,0,0,0,1,0,1,0,0,0,0,0,1,0,0,0,0,0,0,0,0,0,0,0,0,0,0,0,0,0,0,0,0,0,0,0,0,1,0,0,0,0,1,0,0,0,0,0,0,0,0,0,0,0,0,0,,0,0,0,0,0,0,2024112409,3,,,02,,W,4,,35,,,PIONEER AV,0,
8973,2024112429,11,02,02301,02301,2024,12,5,,,,3,1,4,1,02,3,2,00,0,0,2,2,2,1,0,0,0,0,1,0,0,0,0,0,,0,0,0,0,0,0,0,0,0,0,0,0,0,0,0,0,0,0,0,0,0,0,1,0,0,40 27:29.844,79 54:42.141,40.45829,-79.911706,,,,N,,,,,0,,,,,,,,,,,,2024112429,0,0,1,1,0,0,0,0,0,0,0,0,0,0,0,1,0,0,0,0,1,0,1,1,0,0,0,0,0,0,0,0,0,0,0,0,0,0,0,0,0,0,0,0,0,0,1,0,0,0,0,0,0,0,1,0,0,0,0,0,0,0,0,0,0,0,0,1,1,0,0,0,0,0,0,0,0,0,0,0,0,0,,0,0,0,0,0,0,2024112429,3,,,02,,S,4,,,,,JULIUS ST,0,
8974,2024112489,11,02,02448,02448,2024,12,5,,,,3,1,4,1,01,2,2,00,0,0,2,3,2,1,0,0,0,0,1,0,0,0,0,0,,0,0,0,0,0,0,0,0,0,0,0,0,0,0,0,0,0,0,0,0,0,0,0,1,0,40 23:09.092,79 54:10.814,40.385859,-79.903004,,,7,N,,,,Y,0,,,,,,,,,,,,2024112489,0,0,1,1,0,0,0,0,0,0,0,0,0,0,0,1,0,0,0,0,1,1,0,0,0,0,0,0,0,0,0,0,0,0,0,0,0,0,1,0,0,0,0,0,0,0,0,0,0,0,0,0,0,0,0,0,0,0,1,0,0,0,0,0,0,0,0,0,1,0,0,0,0,0,0,0,0,0,0,0,0,0,,0,0,0,0,0,0,2024112489,3,,,02,2,W,4,,25,,,VIRGINIA ST,0,
8975,2024112492,11,02,02301,02301,2024,12,7,,,,3,1,3,1,00,0,2,00,0,0,2,2,2,1,0,0,0,0,1,0,0,0,0,0,,0,0,0,0,0,0,0,0,0,0,0,0,0,0,0,0,0,0,0,0,0,0,0,1,0,40 25:37.958,79 58:02.871,40.427211,-79.967464,,,,N,,,,,0,,,,,,,,,,,,2024112492,0,1,0,0,0,0,0,0,0,0,0,0,0,0,0,1,0,0,0,1,0,0,0,0,0,0,0,0,0,0,0,0,0,0,0,0,0,0,0,0,0,0,0,0,0,0,0,0,0,0,0,0,0,0,1,0,0,0,1,0,0,0,0,0,0,0,0,0,1,0,0,0,0,0,0,0,0,0,0,0,0,0,,0,0,0,0,0,0,2024112492,3,,3,02,,E,2,0837,25,,120,EAST CARSON ST,0,
8976,2024112494,11,02,02212,02505,2024,12,5,,,,3,1,1,1,00,2,2,00,0,0,3,3,3,2,0,0,0,0,1,0,0,0,0,0,,0,0,0,0,0,0,0,0,0,0,0,0,0,0,0,0,0,0,0,0,0,0,0,0,0,40 39:14.016,80 05:04.975,40.653893,-80.084715,,,1,N,,,,N,0,,,,,,,,,,,,2024112494,0,1,0,0,0,0,0,0,0,0,1,0,0,0,0,1,0,0,0,1,0,0,0,0,0,0,0,0,0,0,0,0,0,0,0,0,0,0,0,0,0,0,0,0,0,0,0,0,1,0,0,0,0,0,1,0,0,0,0,0,0,0,0,0,0,0,0,0,1,0,0,0,0,0,0,0,0,0,0,0,0,0,,0,0,0,0,0,0,2024112494,3,,3,02,,N,2,0019,40,,464,PERRY HW,0,
8977,2024112497,11,02,02126,02126,2024,12,5,,,,3,1,4,1,00,0,2,07,0,0,2,2,2,2,0,0,0,0,0,0,0,0,0,0,,0,0,0,0,0,0,0,0,0,0,0,0,0,0,0,0,0,0,0,0,0,0,0,0,0,40 28:44.100,80 06:19.500,40.478917,-80.105417,,,,N,,,,,0,,,,,,,,,,,,2024112497,0,0,1,1,0,0,0,0,0,0,0,0,0,0,0,1,0,0,0,1,0,0,0,0,0,0,0,0,0,0,0,0,0,0,0,0,0,0,0,0,0,0,0,0,0,0,0,0,0,0,0,0,0,0,1,0,0,0,0,0,0,0,0,0,0,0,0,0,1,0,0,0,0,0,0,0,0,0,0,0,0,0,,0,0,0,0,0,0,2024112497,3,,3,02,,W,4,AEHU,25,,,DIEBOLD RD,0,
8978,2024112507,11,02,02466,02466,2024,12,5,1543,15,,3,1,1,1,01,0,2,00,0,0,2,2,2,1,0,0,1,0,0,0,0,0,1,0,,1,0,0,0,0,0,0,0,0,0,0,0,0,0,0,0,3,0,0,0,0,0,0,0,0,40 27:02.952,79 42:48.828,40.45082,-79.713563,,,,N,,,0,,0,,,,,,,,,,,,2024112507,0,1,0,0,0,0,0,0,0,0,1,0,0,0,0,0,0,1,0,0,1,0,0,1,0,0,0,0,0,0,0,0,0,0,0,0,0,0,0,0,0,0,0,0,0,0,0,0,0,0,0,0,0,0,0,0,0,0,0,0,0,0,1,0,0,0,0,0,0,0,0,0,0,1,0,0,0,0,0,0,0,1,,0,0,0,0,0,0,2024112507,3,,3,02,,N,2,0286,45,,0,GOLDEN MILE HW,1,
8979,2024112509,11,02,02415,02415,2024,12,5,,,,4,1,3,1,00,0,2,00,0,0,2,3,2,0,0,0,0,1,0,1,0,0,0,0,,0,0,0,0,0,0,0,0,0,0,0,0,0,0,0,1,0,0,0,0,0,0,0,0,0,40 23:57.109,80 04:26.559,40.399197,-80.074044,,,4,N,,,,N,0,,,,,,,,,,,,2024112509,0,0,1,1,0,0,0,0,0,0,0,0,0,0,0,1,0,0,0,1,0,0,0,0,0,0,0,0,0,0,0,0,0,0,0,0,0,1,0,0,0,0,0,0,0,0,0,0,0,0,0,0,0,0,0,0,0,0,0,0,0,0,0,0,0,0,0,0,1,0,0,0,0,0,1,0,0,0,0,0,1,0,,0,0,0,0,0,0,2024112509,3,,,02,,E,4,,25,,,SWALLOW HILL RD,0,
8980,2024112516,11,02,02481,68B03,2024,09,4,2259,22,,3,1,1,1,00,0,2,00,0,0,2,2,2,1,0,0,0,0,1,0,0,0,1,0,,1,0,0,0,0,0,0,0,0,0,0,0,0,0,0,0,3,0,0,0,0,0,0,0,0,40 36:26.677,80 05:40.646,40.60741,-80.094624,,,,N,,,0,,0,,,,,,,,,,,,2024112516,1,1,0,0,0,0,0,0,0,0,1,0,0,0,0,0,0,1,0,1,0,0,0,0,0,0,0,0,0,0,1,0,0,0,0,0,0,0,0,0,0,1,1,0,0,0,0,0,0,0,0,0,0,1,1,0,0,0,0,0,0,0,0,0,0,0,0,0,1,0,0,0,0,1,0,1,0,0,0,0,1,1,,0,0,1,0,0,0,2024112516,3,,1,02,,S,1,0079,55,,1346,RAYMOND P SHAFER HW,1,
8981,2024112544,11,02,02301,68B03,2024,11,3,2210,22,,3,9,4,1,00,0,2,00,0,0,4,4,4,1,0,0,0,0,3,0,0,0,0,0,,0,0,0,0,0,0,0,0,0,0,0,0,0,0,0,0,0,0,0,0,0,0,2,0,1,40 25:39.038,79 57:11.920,40.427511,-79.953311,,,4,N,,,0,N,0,,,,,,,,,,,,2024112544,1,1,0,0,0,1,0,0,0,0,0,0,0,0,0,1,0,0,0,1,0,0,0,0,0,0,0,0,0,0,0,0,1,0,0,0,0,0,0,0,0,0,0,0,0,0,0,0,0,0,0,0,0,1,1,0,0,0,0,1,0,0,0,1,0,0,0,1,1,0,0,0,0,0,0,0,0,0,0,0,1,0,,0,0,1,0,0,0,2024112544,3,,1,02,,W,1,0376,55,,1204,PENN LINCOLN PY,0,
8982,2024112545,11,02,02301,02301,2024,10,5,1640,16,,3,1,2,1,00,0,2,00,0,0,2,2,2,1,0,0,0,0,1,0,0,0,0,0,,0,0,0,1,0,0,0,0,0,0,0,0,0,0,0,0,0,0,0,0,0,1,0,0,0,40 25:23.500,79 59:04.600,40.423194,-79.984611,,,6,N,,,0,N,0,,,,,,,,,,,,2024112545,0,0,1,1,0,0,0,0,0,0,0,1,0,0,0,1,0,0,0,1,0,0,0,0,0,0,0,0,0,0,0,0,0,0,0,0,0,0,0,0,0,0,0,0,0,0,0,0,0,1,1,0,0,0,0,0,0,0,0,0,1,0,0,1,0,0,1,0,1,0,0,0,0,0,0,0,0,0,0,0,0,0,,0,0,0,0,0,0,2024112545,3,,3,02,,N,4,AHOE,25,,,MONASTERY ST,0,
8983,2024112573,11,02,02301,68B03,2024,12,3,1800,18,,3,1,1,1,00,0,2,00,0,0,2,2,2,1,0,0,1,0,0,0,0,0,0,0,,0,0,0,0,0,0,0,0,0,0,0,0,0,0,0,0,0,0,0,0,0,0,0,0,0,40 27:17.198,79 59:49.930,40.454777,-79.997203,,,1,N,,,0,N,0,,,,,,,,,,,,2024112573,1,1,0,0,0,0,0,0,0,0,1,0,0,0,0,1,0,0,0,1,0,0,0,0,0,0,0,0,0,0,0,0,0,0,0,0,0,0,0,0,0,0,0,0,0,0,0,0,0,0,0,0,0,0,0,0,0,0,0,0,0,0,0,0,0,0,0,0,1,0,0,0,0,0,0,0,0,0,0,0,1,0,,0,0,1,0,0,0,2024112573,3,,1,02,,N,1,0579,55,,1739,CROSSTOWN BL,0,
8984,2024112589,11,02,02426,68B03,2024,12,6,,,,3,1,1,1,00,0,2,00,0,0,2,2,2,0,0,0,0,0,1,1,0,0,0,0,,0,0,0,0,0,0,0,0,0,0,0,0,0,0,0,0,0,0,0,0,0,0,1,0,0,40 25:47.395,79 52:28.928,40.429832,-79.874702,,,3,N,,,,N,0,,,,,,,,,,,,2024112589,1,1,0,0,0,0,0,0,0,0,1,0,0,0,0,1,0,0,0,1,0,0,0,0,0,0,0,0,0,0,0,0,0,0,0,0,0,0,0,0,0,0,0,0,0,0,0,0,0,0,0,0,0,0,0,0,0,0,0,0,0,0,0,0,0,0,0,1,1,0,0,0,0,0,0,0,0,0,0,0,1,0,,0,0,1,0,0,0,2024112589,3,,1,02,,E,1,0376,55,,197,PENN LINCOLN PY,0,
8985,2024112628,11,02,02203,02501,2024,12,5,,,,3,2,7,4,00,3,1,07,0,0,1,2,1,0,0,0,0,0,1,0,0,0,0,0,,0,0,0,0,0,0,0,0,0,0,0,0,0,0,0,0,0,0,0,0,0,1,0,0,0,40 29:57.000,80 17:30.600,40.499167,-80.291833,,,3,N,,,,N,0,,,,,,,,,,,,2024112628,0,0,1,1,0,0,0,1,0,0,0,0,1,1,0,1,0,0,0,1,0,0,0,0,0,0,0,0,0,1,0,0,0,0,0,0,0,0,0,0,0,0,0,0,0,0,0,0,0,0,0,0,0,0,1,0,0,0,0,0,0,0,0,0,0,0,1,0,1,0,0,0,0,0,0,0,0,0,0,0,0,0,,0,0,0,0,0,0,2024112628,3,,3,02,3,W,4,AENY,25,,,SWEENEY DR,0,
8986,2024112649,11,02,02301,02301,2024,12,1,,,,3,1,4,1,01,2,2,02,0,0,2,3,2,1,0,0,0,0,1,0,0,0,0,0,,0,0,0,0,0,0,0,0,0,0,0,0,0,0,0,0,0,0,0,0,0,0,0,0,0,40 29:07.098,80 00:34.205,40.485305,-80.009501,,,3,N,,,,N,0,,,,,,,,,,,,2024112649,0,1,1,0,0,0,0,0,0,0,0,0,0,0,0,1,0,0,0,0,1,1,0,0,0,0,0,0,0,0,0,0,0,0,0,0,0,0,0,0,0,0,0,0,1,0,0,0,0,0,0,0,0,0,1,0,0,0,0,0,0,0,0,0,0,0,0,0,1,0,0,0,0,0,0,0,0,0,0,0,1,0,,0,0,0,0,0,0,2024112649,6,,,02,,S,4,,35,,,EAST ST,0,
8987,2024112703,11,02,02301,68B03,2024,11,5,,,,7,9,5,1,00,0,2,00,0,0,2,2,2,0,0,0,0,0,2,0,0,0,0,0,,0,0,0,0,0,0,0,0,0,0,0,0,0,0,0,0,0,0,0,0,0,0,2,0,0,40 26:08.622,79 58:37.860,40.435728,-79.977183,,,4,N,,,,N,0,,,,,,,,,,,,2024112703,1,1,0,0,0,1,0,0,0,0,0,0,0,0,0,1,0,0,0,1,0,0,0,0,0,0,0,0,0,0,0,0,1,0,0,0,0,0,0,0,0,0,0,0,0,0,0,0,0,0,0,0,0,0,1,0,0,0,0,0,0,0,0,0,0,0,0,1,1,0,0,0,0,0,0,0,0,0,0,0,1,0,,0,0,1,0,0,0,2024112703,3,,1,02,,E,1,0376,55,,1060,PENN LINCOLN PY,0,
8988,2024112708,11,02,02301,68B03,2024,11,3,2154,21,,3,1,7,4,00,0,2,00,0,0,1,1,1,1,0,0,0,0,0,0,0,0,0,0,,0,0,0,0,0,0,0,0,0,0,0,0,0,0,0,0,0,0,0,0,0,0,0,0,0,40 28:41.362,80 00:26.632,40.478156,-80.007398,,,,N,,,0,,0,,,,,,,,,,,,2024112708,1,1,0,0,0,0,0,0,0,0,0,0,1,1,0,1,0,0,0,1,0,0,0,0,0,0,0,0,0,0,0,0,1,0,0,0,0,0,0,0,0,0,0,0,0,0,0,0,0,0,0,0,0,1,1,0,0,0,0,0,0,0,0,1,0,0,0,0,1,1,0,0,0,0,0,0,0,0,0,0,1,0,,0,0,1,0,0,0,2024112708,3,,1,02,,N,1,0279,50,,1539,NORTH HILLS EX,0,
8989,2024112714,11,02,02202,68D02,2024,11,7,1345,13,,3,1,7,4,00,0,1,00,0,0,1,1,1,1,0,0,0,0,0,0,0,0,0,0,,0,0,0,0,0,0,0,0,0,0,0,0,0,0,0,0,0,0,0,0,0,0,0,0,1,40 39:04.270,79 45:02.170,40.651186,-79.750603,,,,N,,,0,,0,,,,,,,,,,,,2024112714,0,0,1,1,0,0,0,0,1,0,0,0,1,1,0,1,0,0,0,1,0,0,0,0,0,0,0,1,0,0,0,0,0,0,0,0,0,0,0,0,0,0,0,0,0,0,0,0,0,0,0,0,0,1,1,0,0,0,0,1,0,0,0,0,0,0,0,0,1,0,0,0,0,0,0,0,1,0,0,0,0,0,,0,0,1,0,0,0,2024112714,3,,,02,2,N,4,,15,,,SUGAR LOAF LN,0,
8990,2024112756,11,02,02301,02301,2024,12,5,,,,3,1,4,1,01,2,2,00,0,0,2,2,2,0,0,0,0,0,2,0,0,0,1,0,,1,0,0,0,0,0,0,0,0,0,0,0,0,0,0,0,3,0,0,0,0,0,0,0,1,40 23:46.443,79 59:53.548,40.396234,-79.998208,,,,N,,,,,0,,,,,,,,,,,,2024112756,0,1,1,0,0,0,0,0,0,0,0,0,0,0,0,0,0,1,0,0,1,1,0,0,0,0,0,0,0,0,0,0,0,0,0,0,0,0,0,0,0,0,0,0,0,0,0,0,0,0,0,0,0,0,1,0,0,0,0,1,0,0,0,0,0,0,0,0,1,0,0,0,0,1,0,0,0,0,0,0,0,1,,0,0,0,0,0,0,2024112756,5,,,02,,E,4,,25,,,COLERAIN ST,1,