_id,CRASH_CRN,DISTRICT,CRASH_COUNTY,MUNICIPALITY,POLICE_AGCY,CRASH_YEAR,CRASH_MONTH,DAY_OF_WEEK,TIME_OF_DAY,HOUR_OF_DAY,ILLUMINATION,WEATHER,ROAD_CONDITION,COLLISION_TYPE,RELATION_TO_ROAD,INTERSECT_TYPE,TCD_TYPE,URBAN_RURAL,LOCATION_TYPE,SCH_BUS_IND,SCH_ZONE_IND,TOTAL_UNITS,PERSON_COUNT,VEHICLE_COUNT,AUTOMOBILE_COUNT,MOTORCYCLE_COUNT,BUS_COUNT,SMALL_TRUCK_COUNT,HEAVY_TRUCK_COUNT,SUV_COUNT,VAN_COUNT,BICYCLE_COUNT,FATAL_COUNT,INJURY_COUNT,MAJ_INJ_COUNT,MOD_INJ_COUNT,MIN_INJ_COUNT,UNK_INJ_DEG_COUNT,UNK_INJ_PER_COUNT,UNBELTED_OCC_COUNT,UNB_DEATH_COUNT,UNB_MAJ_INJ_COUNT,BELTED_DEATH_COUNT,BELTED_MAJ_INJ_COUNT,MCYCLE_DEATH_COUNT,MCYCLE_MAJ_INJ_COUNT,BICYCLE_DEATH_COUNT,BICYCLE_MAJ_INJ_COUNT,PED_COUNT,PED_DEATH_COUNT,PED_MAJ_INJ_COUNT,COMM_VEH_COUNT,MAX_SEVERITY_LEVEL,DRIVER_COUNT_16YR,DRIVER_COUNT_17YR,DRIVER_COUNT_18YR,DRIVER_COUNT_19YR,DRIVER_COUNT_20YR,DRIVER_COUNT_50_64YR,DRIVER_COUNT_65_74YR,DRIVER_COUNT_75PLUS,LATITUDE,LONGITUDE,DEC_LAT,DEC_LONG,EST_HRS_CLOSED,LANE_CLOSED,LN_CLOSE_DIR,NTFY_HIWY_MAINT,RDWY_SURF_TYPE_CD,SPEC_JURIS_CD,TCD_FUNC_CD,TFC_DETOUR_IND,WORK_ZONE_IND,WORK_ZONE_TYPE,WORK_ZONE_LOC,CONS_ZONE_SPD_LIM,WORKERS_PRES,WZ_CLOSE_DETOUR,WZ_FLAGGER,WZ_LAW_OFFCR_IND,WZ_LN_CLOSURE,WZ_MOVING,WZ_OTHER,WZ_SHLDER_MDN,FLAG_CRN,INTERSTATE,STATE_ROAD,LOCAL_ROAD,LOCAL_ROAD_ONLY,TURNPIKE,WET_ROAD,SNOW_SLUSH_ROAD,ICY_ROAD,SUDDEN_DEER,SHLDR_RELATED,REAR_END,HO_OPPDIR_SDSWP,HIT_FIXED_OBJECT,SV_RUN_OFF_RD,WORK_ZONE,PROPERTY_DAMAGE_ONLY,FATAL_OR_MAJ_INJ,INJURY,FATAL,NON_INTERSECTION,INTERSECTION,SIGNALIZED_INT,STOP_CONTROLLED_INT,UNSIGNALIZED_INT,SCHOOL_BUS,SCHOOL_ZONE,HIT_DEER,HIT_TREE_SHRUB,HIT_EMBANKMENT,HIT_POLE,HIT_GDRAIL,HIT_GDRAIL_END,HIT_BARRIER,HIT_BRIDGE,OVERTURNED,MOTORCYCLE,BICYCLE,HVY_TRUCK_RELATED,VEHICLE_FAILURE,TRAIN_TROLLEY,PHANTOM_VEHICLE,ALCOHOL_RELATED,DRINKING_DRIVER,UNDERAGE_DRNK_DRV,UNLICENSED,CELL_PHONE,NO_CLEARANCE,RUNNING_RED_LT,TAILGATING,CROSS_MEDIAN,CURVE_DVR_ERROR,LIMIT_65MPH,SPEEDING,SPEEDING_RELATED,AGGRESSIVE_DRIVING,FATIGUE_ASLEEP,DRIVER_16YR,DRIVER_17YR,DRIVER_65_74YR,DRIVER_75PLUS,UNBELTED,PEDESTRIAN,DISTRACTED,CURVED_ROAD,DRIVER_18YR,DRIVER_19YR,DRIVER_20YR,DRIVER_50_64YR,VEHICLE_TOWED,FIRE_IN_VEHICLE,HIT_PARKED_VEHICLE,MC_DRINKING_DRIVER,DRUGGED_DRIVER,INJURY_OR_FATAL,COMM_VEHICLE,IMPAIRED_DRIVER,DEER_RELATED,DRUG_RELATED,HAZARDOUS_TRUCK,ILLEGAL_DRUG_RELATED,ILLUMINATION_DARK,MINOR_INJURY,MODERATE_INJURY,MAJOR_INJURY,NHTSA_AGG_DRIVING,PSP_REPORTED,RUNNING_STOP_SIGN,TRAIN,TROLLEY,ROADWAY_CRN,RDWY_SEQ_NUM,ADJ_RDWY_SEQ,ACCESS_CTRL,ROADWAY_COUNTY,LANE_COUNT,RDWY_ORIENT,ROAD_OWNER,ROUTE,SPEED_LIMIT,SEGMENT,OFFSET,STREET_NAME,TOT_INJ_COUNT,SCHOOL_BUS_UNIT
9167,2024115352,11,02,02301,02301,2024,12,1,,,,3,1,1,1,02,2,2,00,0,0,2,2,2,1,0,0,0,0,1,0,0,0,1,0,,0,1,1,0,0,0,0,0,0,0,0,0,0,0,0,0,8,0,0,0,0,0,0,0,0,40 27:04.060,79 58:56.798,40.451128,-79.982444,,,,N,,,,,0,,,,,,,,,,,,2024115352,0,0,1,1,0,0,0,0,0,0,1,0,0,0,0,0,0,1,0,0,1,1,0,0,0,0,0,0,0,0,0,0,0,0,0,0,0,0,0,0,0,1,1,0,0,0,0,0,0,0,0,0,0,0,0,0,0,0,0,0,0,0,0,0,0,0,0,0,1,0,0,0,0,1,0,1,0,0,0,0,1,0,,0,0,0,0,0,0,2024115352,3,,,02,,S,4,,25,,,21ST ST,1,
9168,2024115354,11,02,02108,02108,2024,12,5,,,,3,1,7,4,00,0,2,00,0,0,1,1,1,0,0,0,0,0,1,0,0,0,0,0,,0,0,0,0,0,0,0,0,0,0,0,0,0,0,0,0,0,0,1,0,0,0,0,0,0,40 33:48.000,80 02:17.500,40.563333,-80.038194,,,1,N,,,,N,0,,,,,,,,,,,,2024115354,0,0,1,1,0,0,0,0,1,0,0,0,1,1,0,1,0,0,0,1,0,0,0,0,0,0,0,0,0,1,0,0,0,0,0,0,0,0,0,0,0,0,0,0,0,0,0,0,0,0,0,0,0,0,0,0,0,1,0,0,0,0,1,0,0,0,0,0,1,0,0,0,0,0,0,0,1,0,0,0,1,0,,0,0,0,0,0,0,2024115354,3,,3,02,,N,4,ABMQ,25,,,CASA GRANDE DR,0,
9169,2024115357,11,02,02304,02304,2024,12,5,,,,3,1,7,4,00,0,2,00,0,0,1,2,1,1,0,0,0,0,0,0,0,0,0,0,,0,0,0,0,0,0,0,0,0,0,0,0,0,0,0,0,0,0,0,0,1,0,0,0,0,40 20:54.400,79 52:21.100,40.348444,-79.872528,,,7,N,,,,Y,0,,,,,,,,,,,,2024115357,0,0,1,1,0,0,0,0,0,0,0,0,1,1,0,1,0,0,0,1,0,0,0,0,0,0,0,0,0,0,0,0,1,0,1,0,0,0,1,0,0,0,0,0,0,0,0,0,0,0,0,0,0,0,0,0,0,0,0,0,0,0,0,0,0,1,0,0,1,0,0,0,0,0,0,0,0,0,0,0,1,0,,0,0,0,0,0,0,2024115357,3,,,02,,S,4,,25,,,ROMINE AV,0,
9170,2024115361,11,02,02213,02213,2024,12,5,,,,3,1,4,1,03,2,2,00,0,0,2,2,2,0,0,0,0,1,1,0,0,0,0,0,,0,0,0,0,0,0,0,0,0,0,0,0,0,0,0,1,0,0,0,0,0,0,1,0,0,40 32:16.429,80 12:00.037,40.537897,-80.20001,,,,N,,,,,0,,,,,,,,,,,,2024115361,0,1,0,0,0,0,0,0,0,0,0,0,0,0,0,1,0,0,0,0,1,1,0,0,0,0,0,0,0,0,0,0,0,0,0,0,0,1,0,0,0,0,0,0,0,0,0,0,0,0,1,0,0,0,0,0,0,0,0,0,0,0,0,0,0,0,0,1,1,0,0,0,0,0,1,0,0,0,0,0,0,0,,0,0,0,0,0,0,2024115361,3,,3,02,,N,2,0051,45,,0,STOOPS FERRY RD,0,
9171,2024115362,11,02,02426,02426,2024,12,6,,,,3,1,1,1,03,2,2,00,0,0,2,2,2,0,0,0,0,1,1,0,0,0,0,0,,0,0,0,0,0,0,0,0,0,0,0,0,0,0,0,1,0,0,0,0,0,0,0,0,1,40 25:59.001,79 53:05.143,40.433056,-79.884762,,,2,N,,,,N,0,,,,,,,,,,,,2024115362,0,0,1,1,0,0,0,0,0,0,1,0,0,0,0,1,0,0,0,0,1,1,0,0,0,0,0,0,0,0,0,0,0,0,0,0,0,1,0,0,0,0,0,0,0,0,0,0,0,0,0,0,0,0,1,0,0,0,0,1,0,0,0,1,0,0,0,0,1,0,0,0,0,0,1,0,0,0,0,0,0,0,,0,0,0,0,0,0,2024115362,3,,3,02,,E,4,AKJC,25,,,MAPLE AV,0,
9172,2024115376,11,02,02207,02207,2024,12,5,,,,3,1,1,1,00,0,2,00,0,0,2,2,2,0,0,0,0,0,2,0,0,0,0,0,,0,0,0,0,0,0,0,0,0,0,0,0,0,0,0,0,0,0,0,0,0,0,1,0,0,40 35:52.678,79 56:51.022,40.597966,-79.947506,,,1,N,,,,N,0,,,,,,,,,,,,2024115376,0,1,0,0,0,0,0,0,0,0,1,0,0,0,0,1,0,0,0,1,0,0,0,0,0,0,0,0,0,0,0,0,0,0,0,0,0,0,0,0,0,0,0,0,0,0,0,0,0,0,0,0,0,1,1,0,0,0,0,0,0,0,0,0,0,0,0,1,1,0,0,0,0,0,0,0,0,0,0,0,1,0,,0,0,0,0,0,0,2024115376,3,,3,02,,N,2,0008,40,,1265,WILLIAM FLINN HW,0,
9173,2024115424,11,02,02403,02403,2024,12,6,,,,3,1,7,5,00,0,2,00,0,0,1,1,1,1,0,0,0,0,0,0,0,0,1,0,,0,1,0,0,0,0,0,0,0,0,0,0,0,0,0,0,8,0,0,0,0,0,0,0,0,40 20:00.100,79 59:07.000,40.333361,-79.985278,,,2,N,,,,N,0,,,,,,,,,,,,2024115424,0,0,1,1,0,0,0,0,0,0,0,0,1,1,0,0,0,1,0,1,0,0,0,0,0,0,0,0,0,0,0,0,0,0,1,0,0,0,0,0,0,0,0,0,0,0,0,0,0,0,1,0,1,1,1,0,0,0,0,0,0,0,0,1,0,0,0,0,1,0,0,0,0,1,0,0,0,0,0,0,1,0,,0,1,0,0,0,0,2024115424,3,,,02,,S,4,,35,,,BROWNSVILLE RD,1,
9174,2024115428,11,02,02113,02113,2024,12,4,,,,3,1,1,1,00,0,2,00,0,0,2,2,2,1,0,0,1,0,0,0,0,0,2,0,,0,2,0,0,0,0,0,0,0,0,0,0,0,0,0,0,8,0,0,0,0,0,1,0,0,40 29:10.395,79 48:48.119,40.486221,-79.813366,,,,N,,,,,0,,,,,,,,,,,,2024115428,0,1,0,0,0,0,0,0,0,0,1,0,0,0,0,0,0,1,0,1,0,0,0,0,0,0,0,0,0,0,0,0,0,0,0,0,0,0,0,0,0,0,0,0,0,0,0,0,0,0,0,0,0,0,0,0,0,0,0,0,0,0,0,0,0,0,0,1,1,0,0,0,0,1,0,0,0,0,0,0,0,0,,0,0,0,0,0,0,2024115428,3,,3,02,,W,2,2058,35,,1397,LEECHBURG RD,2,
9175,2024115438,11,02,02473,02473,2024,12,7,,,,3,1,4,1,00,0,2,07,0,0,2,3,2,0,0,0,0,0,2,0,0,0,0,0,,0,0,0,0,0,0,0,0,0,0,0,0,0,0,0,0,0,0,0,0,0,0,0,1,1,40 20:46.700,79 56:59.300,40.346306,-79.949806,,,1,N,,,,N,0,,,,,,,,,,,,2024115438,0,0,1,1,0,0,0,0,0,0,0,0,0,0,0,1,0,0,0,1,0,0,0,0,0,0,0,0,0,0,0,0,0,0,0,0,0,0,0,0,0,0,0,0,0,0,1,0,0,0,0,0,0,0,1,0,0,0,1,1,0,0,1,0,0,0,0,0,1,0,0,0,0,0,0,0,0,0,0,0,0,0,,0,0,0,0,0,0,2024115438,3,,,02,,N,7,,25,,,CENTURY DR,0,
9176,2024115461,11,02,02435,68B03,2024,11,7,1545,15,,98,1,1,1,00,0,2,00,0,0,3,7,3,1,0,0,0,0,2,0,0,0,1,0,,0,1,0,0,0,0,0,0,0,0,0,0,0,0,0,0,8,0,0,0,0,0,0,0,0,40 24:59.155,80 03:29.809,40.416432,-80.05828,,,,N,,,0,,0,,,,,,,,,,,,2024115461,1,1,0,0,0,0,0,0,0,0,1,0,0,0,0,0,0,1,0,1,0,0,0,0,0,0,0,0,0,0,0,0,0,0,0,0,0,0,0,0,0,0,0,0,0,0,0,0,0,0,0,0,0,1,1,0,0,0,0,0,0,0,0,0,0,0,0,0,1,0,0,0,0,1,0,0,0,0,0,0,0,0,,0,0,1,0,0,0,2024115461,3,,1,02,,E,1,0376,55,,304,PENN LINCOLN PY,1,
9177,2024115516,11,02,02473,02473,2024,12,6,,,,2,9,1,1,02,0,2,00,0,0,2,2,2,0,0,0,0,0,2,0,0,0,0,0,,0,0,0,0,0,0,0,0,0,0,0,0,0,0,0,0,0,0,0,0,0,0,0,1,0,40 21:16.747,79 54:49.057,40.354652,-79.913627,,,,N,,,,,0,,,,,,,,,,,,2024115516,0,1,1,0,0,1,0,0,0,0,1,0,0,0,0,1,0,0,0,0,1,0,0,1,0,0,0,0,0,0,0,0,0,0,0,0,0,0,0,0,0,0,0,0,0,0,0,0,0,0,0,0,0,0,0,0,0,0,1,0,0,0,0,0,0,0,0,0,1,0,0,0,0,0,0,0,0,0,0,0,0,0,,0,0,0,0,0,0,2024115516,4,,,02,,S,4,,25,,,FLANDING LN,0,
9178,2024115527,11,02,02415,02415,2024,12,5,,,,4,3,4,1,01,3,2,00,0,0,2,2,2,1,0,0,0,0,1,0,0,0,0,0,,0,0,0,0,0,0,0,0,0,0,0,0,0,0,0,0,0,0,0,0,0,0,1,1,0,40 24:40.165,80 04:58.127,40.411157,-80.082813,,,4,N,,,,N,0,,,,,,,,,,,,2024115527,0,1,1,0,0,0,0,0,0,0,0,0,0,0,0,1,0,0,0,0,1,0,1,1,0,0,0,0,0,0,0,0,0,0,0,0,0,0,0,0,0,0,0,0,0,0,1,0,0,0,0,0,0,0,1,0,0,0,1,0,0,0,0,0,0,0,0,1,1,0,0,0,0,0,0,0,0,0,0,0,0,0,,0,0,0,0,0,0,2024115527,4,,,02,,S,4,,25,,,HAYS AL,0,
9179,2024115530,11,02,02473,02473,2024,12,6,0925,09,,2,9,1,1,02,0,2,00,1,0,2,4,2,1,0,0,0,0,0,1,0,0,1,0,,0,0,0,0,0,0,0,0,0,0,0,0,0,0,0,0,4,0,0,0,0,0,0,0,0,40 21:14.326,79 54:53.319,40.353979,-79.914811,,,,N,,,0,,0,,,,,,,,,,,,2024115530,0,1,1,0,0,1,0,0,0,0,1,0,0,0,0,0,0,1,0,0,1,0,0,1,0,0,0,0,0,0,0,0,0,0,0,0,0,0,0,0,0,0,0,0,0,0,0,0,0,0,0,0,0,0,0,0,0,0,0,0,0,0,1,0,0,0,0,0,0,0,0,0,0,1,0,0,0,0,0,0,0,0,,0,0,0,0,0,0,2024115530,5,,,02,,W,4,,25,,,RODEO DR,1,
9180,2024115532,11,02,02301,02301,2024,12,5,,,,98,2,1,1,01,2,2,00,0,0,2,2,2,1,0,0,0,0,1,0,0,0,0,0,,0,0,0,0,0,0,0,0,0,0,0,0,0,0,0,0,0,0,0,0,0,0,0,1,0,40 27:40.056,79 56:52.940,40.461127,-79.948039,,,,N,,,,,0,,,,,,,,,,,,2024115532,0,0,1,1,0,0,0,1,0,0,1,0,0,0,0,1,0,0,0,0,1,1,0,0,0,0,0,0,0,0,0,0,0,0,0,0,0,0,0,0,0,0,0,0,0,0,0,0,0,0,0,0,0,0,0,0,0,0,1,0,0,0,0,0,0,0,0,0,1,0,0,0,0,0,0,0,0,0,0,0,0,0,,0,0,0,0,0,0,2024115532,3,,3,02,,E,4,AGTP,25,,,LIBERTY AV,0,
9181,2024115534,11,02,02301,02301,2024,12,5,,,,3,1,1,1,00,0,2,00,0,0,2,5,2,2,0,0,0,0,0,0,0,0,2,0,,0,0,0,2,0,0,0,0,0,0,0,0,0,0,0,0,4,0,0,0,0,0,0,0,0,40 27:22.050,79 52:25.900,40.456125,-79.873861,,,,N,,,,,0,,,,,,,,,,,,2024115534,0,0,1,1,0,0,0,0,0,0,1,0,0,0,0,0,0,1,0,1,0,0,0,0,0,0,0,0,0,0,0,0,0,0,0,0,0,0,0,0,0,0,0,0,0,0,0,0,0,0,0,0,0,0,0,0,0,0,0,0,1,0,1,0,0,0,0,0,1,0,0,0,0,1,0,0,0,0,0,0,0,0,,0,0,0,0,0,0,2024115534,3,,3,02,,E,4,AHV9,25,,,PARK HILL DR,2,
9182,2024115537,11,02,02477,02477,2024,12,6,,,,10,9,4,1,01,2,2,00,0,0,2,3,2,1,0,0,0,0,1,0,0,0,2,0,,2,0,0,0,0,0,0,0,0,0,0,0,0,0,0,0,3,0,0,0,0,0,1,1,0,40 20:34.374,79 48:48.071,40.342882,-79.813353,,,7,N,,,,Y,0,,,,,,,,,,,,2024115537,0,1,1,0,0,1,0,0,0,0,0,0,0,0,0,0,0,1,0,0,1,1,0,0,0,0,0,0,0,0,0,0,0,0,0,0,0,0,0,0,0,0,0,0,0,0,0,1,0,0,0,0,0,0,1,0,0,0,1,0,0,0,0,0,0,0,0,1,1,0,0,0,0,1,0,0,0,0,0,0,0,1,,0,0,0,0,0,0,2024115537,4,,,02,,W,4,,25,,,GUICE ST,2,
9183,2024115545,11,02,02214,02214,2024,12,6,,,,10,7,7,2,00,0,2,00,0,0,1,1,1,0,0,0,0,0,1,0,0,0,1,0,,1,0,0,0,0,0,0,0,0,0,0,0,0,0,0,0,3,0,0,0,0,0,0,0,0,40 27:16.700,80 13:28.800,40.454639,-80.224667,,,3,N,,,,N,0,,,,,,,,,,,,2024115545,0,0,1,1,0,0,1,0,0,0,0,0,1,1,0,0,0,1,0,1,0,0,0,0,0,0,0,0,0,1,0,0,0,0,0,0,0,0,0,0,0,0,0,0,0,0,0,0,0,0,1,0,0,1,1,0,0,0,0,0,0,0,0,1,0,0,0,0,1,0,0,0,0,1,0,0,0,0,0,0,0,1,,0,0,0,0,0,0,2024115545,3,,,02,,E,4,,35,,,CLIFF MINE RD,1,
9184,2024115548,11,02,02109,02109,2024,12,2,,,,7,9,4,1,01,2,2,00,0,0,2,2,2,1,0,0,0,0,1,0,0,0,0,0,,0,0,0,0,0,0,0,0,0,0,0,0,0,0,0,0,0,1,0,0,0,0,1,0,0,40 22:34.763,80 04:03.566,40.376323,-80.067657,,,,N,,,,,0,,,,,,,,,,,,2024115548,0,0,1,1,0,1,0,0,0,0,0,0,0,0,0,1,0,0,0,0,1,1,0,0,0,0,0,0,0,0,0,0,0,0,0,0,0,0,0,0,0,0,0,0,0,0,0,0,0,0,0,0,0,0,1,0,1,0,0,0,0,0,0,0,0,0,0,1,1,0,0,0,0,0,0,0,0,0,0,0,1,0,,0,0,0,0,0,0,2024115548,3,,3,02,,W,4,ABYD,25,,,BOWER HILL RD,0,
9185,2024115549,11,02,02119,02119,2024,12,7,,,,3,1,1,1,00,0,2,00,0,0,2,2,2,0,0,0,1,0,1,0,0,0,0,0,,0,0,0,0,0,0,0,0,0,0,0,0,0,0,0,0,0,0,0,1,0,0,0,0,0,40 21:21.272,80 07:03.773,40.355909,-80.117715,,,4,N,,,,N,0,,,,,,,,,,,,2024115549,0,1,0,0,0,0,0,0,0,0,1,0,0,0,0,1,0,0,0,1,0,0,0,0,0,0,0,0,0,0,0,0,0,0,0,0,0,0,0,0,0,0,0,0,0,0,0,0,0,0,0,0,1,1,1,0,0,0,0,0,0,0,0,0,1,0,0,0,1,0,0,0,0,0,0,0,0,0,0,0,1,0,,0,0,0,0,0,0,2024115549,3,,2,02,,W,2,0050,40,,301,MILLERS RUN RD,0,
9186,2024115550,11,02,02407,02407,2024,12,3,,,,3,1,4,1,02,0,2,00,0,0,2,3,2,0,0,0,0,0,2,0,0,0,0,0,,0,0,0,0,0,0,0,0,0,0,0,0,0,0,0,0,0,0,0,0,0,0,0,0,1,40 21:18.558,80 01:56.566,40.355155,-80.032379,,,,N,,,,,0,,,,,,,,,,,,2024115550,0,0,1,1,0,0,0,0,0,0,0,0,0,0,0,1,0,0,0,0,1,0,0,1,0,0,0,0,0,0,0,0,0,0,0,0,0,0,0,0,0,0,0,0,0,0,0,0,0,0,0,0,0,0,1,0,0,0,0,1,0,0,0,0,0,0,0,0,1,0,0,0,0,0,0,0,0,0,0,0,0,0,,0,0,0,0,0,0,2024115550,3,,3,02,,N,4,AJME,25,,,OVERHILL DR,0,
9187,2024115557,11,02,02116,02116,2024,12,3,,,,3,1,1,1,00,2,2,00,0,0,2,3,2,1,0,0,0,0,1,0,0,0,0,0,,0,0,0,0,0,0,0,0,0,0,0,0,0,0,0,0,0,0,0,0,0,0,0,0,0,40 32:18.798,80 00:41.976,40.538555,-80.01166,,,2,N,,,,N,0,,,,,,,,,,,,2024115557,0,1,0,0,0,0,0,0,0,0,1,0,0,0,0,1,0,0,0,1,0,0,0,0,0,0,0,0,0,0,0,0,0,0,0,0,0,0,0,0,0,0,0,0,0,0,0,0,0,0,0,0,0,0,1,0,0,0,0,0,0,0,0,0,0,0,0,0,1,0,0,0,0,0,0,0,0,0,0,0,1,0,,0,0,0,0,0,0,2024115557,3,,3,02,,S,2,4003,40,,1644,MCKNIGHT RD,0,
9188,2024115572,11,02,02480,02480,2024,12,6,,,,10,7,7,5,00,0,1,00,0,0,1,1,1,0,0,0,0,0,1,0,0,0,1,0,,1,0,0,0,0,0,0,0,0,0,0,0,0,0,0,0,3,0,0,0,0,0,0,0,0,40 35:33.400,80 10:00.700,40.592611,-80.166861,,,3,N,,,,N,0,,,,,,,,,,,,2024115572,0,0,1,1,0,0,1,0,0,0,0,0,1,1,0,0,0,1,0,1,0,0,0,0,0,0,0,1,0,0,0,0,0,0,0,0,0,0,0,0,0,0,0,0,0,0,0,0,0,0,0,0,0,0,0,0,0,0,0,0,0,0,0,1,0,0,0,0,1,0,0,0,0,1,0,0,0,0,0,0,0,1,,0,0,0,0,0,0,2024115572,3,,,02,,E,4,,35,,,CAMP MEETING RD,1,
9189,2024115579,11,02,02115,02501,2024,12,6,,,,2,7,7,2,00,0,1,00,0,0,1,1,1,1,0,0,0,0,0,0,0,0,0,0,,0,0,0,0,0,0,0,0,0,0,0,0,0,0,0,0,0,0,0,0,0,0,0,0,0,40 26:00.600,80 09:20.000,40.4335,-80.155556,,,,N,,,,,0,,,,,,,,,,,,2024115579,0,0,1,1,0,0,1,0,0,0,0,0,1,1,0,1,0,0,0,1,0,0,0,0,0,0,0,1,0,0,0,0,0,0,0,0,0,0,0,0,0,0,0,0,0,0,0,0,0,0,0,0,0,0,0,0,0,0,0,0,0,0,0,1,0,0,0,0,1,0,0,0,0,0,0,0,0,0,0,0,0,0,,0,0,0,0,0,0,2024115579,3,,,02,2,W,4,,25,,,RIDGE RD,0,
9190,2024115595,11,02,02108,02108,2024,12,6,,,,2,9,4,1,00,0,2,07,0,0,2,4,2,0,0,0,0,0,2,0,0,0,0,0,,0,0,0,0,0,0,0,0,0,0,0,0,0,0,0,0,0,0,0,0,0,0,0,0,0,40 36:14.520,80 03:01.718,40.604033,-80.050477,,,,N,,,,,0,,,,,,,,,,,,2024115595,0,1,0,0,0,1,0,0,0,0,0,0,0,0,0,1,0,0,0,1,0,0,0,0,0,0,0,0,0,0,0,0,0,0,0,0,0,0,0,0,0,0,0,0,0,0,1,0,0,0,0,0,0,0,1,0,0,0,0,0,0,0,0,0,0,0,0,0,1,0,0,0,0,0,0,0,0,0,0,0,0,0,,0,1,0,0,0,0,2024115595,3,,3,02,,S,2,0019,40,,2093,PERRY HW,0,
9191,2024115609,11,02,02102,02102,2024,12,6,,,,10,1,4,1,00,2,2,00,0,0,3,4,3,0,0,0,1,0,2,0,0,0,0,0,,0,0,0,0,0,0,0,0,0,0,0,0,0,0,0,0,0,0,0,0,0,0,2,1,0,40 22:32.880,80 05:52.866,40.3758,-80.098018,,,,N,,,,,0,,,,,,,,,,,,2024115609,0,1,0,0,0,0,0,0,0,0,0,0,0,0,0,1,0,0,0,1,0,0,0,0,0,0,0,0,0,0,0,0,0,0,0,0,0,0,0,0,0,0,0,0,0,0,0,0,0,0,0,0,0,0,1,0,0,0,1,0,0,0,0,0,0,0,0,1,1,0,0,0,0,0,0,0,0,0,0,0,0,0,,0,0,0,0,0,0,2024115609,3,,3,02,,E,2,0050,40,,2807,WASHINGTON PK,0,
9192,2024115610,11,02,02423,02304,2024,12,6,1449,14,,4,1,6,1,00,0,2,00,0,0,2,2,2,0,0,0,0,1,1,0,0,0,1,0,,1,0,0,0,0,0,0,0,0,0,0,0,0,0,0,1,3,0,0,0,0,0,0,0,0,40 21:14.496,79 52:52.703,40.354027,-79.881306,,,5,N,,,0,N,0,,,,,,,,,,,,2024115610,0,1,0,0,0,0,0,0,0,0,0,1,0,0,0,0,0,1,0,1,0,0,0,0,0,0,0,0,0,0,0,0,0,0,0,0,0,1,0,0,0,0,0,0,0,0,0,0,0,1,0,0,0,0,0,0,0,0,0,0,0,0,1,0,0,0,0,0,1,0,0,0,0,1,1,0,0,0,0,0,0,1,,0,0,0,0,0,0,2024115610,3,,3,02,,N,2,0837,40,,1422,WASHINGTON ST,1,
9193,2024115627,11,02,02474,02474,2024,12,6,0412,04,,3,1,7,2,01,0,2,00,0,0,1,1,1,1,0,0,0,0,0,0,0,0,0,0,,0,0,0,0,0,0,0,0,0,0,0,0,0,0,0,0,0,0,0,0,0,0,1,0,0,40 31:20.174,80 02:09.062,40.522271,-80.035851,,,6,N,,,0,Y,0,,,,,,,,,,,,2024115627,0,1,1,0,0,0,0,0,0,0,0,0,1,1,0,1,0,0,0,0,1,0,0,1,0,0,0,0,0,1,0,0,0,0,0,0,0,0,0,0,0,1,1,0,0,0,0,0,0,1,0,0,0,0,0,0,0,0,0,0,0,0,0,0,0,0,0,1,1,0,0,0,0,0,0,1,0,0,0,0,1,0,,0,0,0,0,0,0,2024115627,4,,,02,,N,4,,25,,,MONTCLAIR AV,0,
9194,2024115632,11,02,02113,02113,2024,12,6,,,,4,9,4,1,01,2,2,00,0,0,2,3,2,1,0,0,1,0,0,0,0,0,0,0,,0,0,0,0,0,0,0,0,0,0,0,0,0,0,0,0,0,0,0,0,0,0,0,1,0,40 28:39.595,79 47:07.754,40.477665,-79.785487,,,,N,,,,,0,,,,,,,,,,,,2024115632,0,1,1,0,0,1,0,0,0,0,0,0,0,0,0,1,0,0,0,0,1,1,0,0,0,0,0,0,0,0,0,0,0,0,0,0,0,0,0,0,0,0,0,0,0,0,0,0,0,0,0,0,0,0,1,0,0,0,1,0,0,0,0,0,0,0,0,0,1,0,0,0,0,0,0,0,0,0,0,0,1,0,,0,0,0,0,0,0,2024115632,4,,,02,,E,4,,35,,,UNIVERSAL RD,0,
9195,2024115693,11,02,02108,02108,2024,12,6,,,,3,9,7,1,01,0,2,00,0,0,1,1,1,0,0,0,0,0,1,0,0,0,0,0,,0,0,0,0,0,0,0,0,0,0,0,0,0,0,0,0,0,0,0,0,0,0,1,0,0,40 36:27.881,79 59:40.797,40.607745,-79.994666,,,1,N,,,,N,0,,,,,,,,,,,,2024115693,0,1,1,0,0,1,0,0,0,0,0,0,1,1,0,1,0,0,0,0,1,0,0,1,0,0,0,0,0,0,0,0,0,0,0,0,0,0,0,0,0,0,0,0,0,0,0,0,0,0,0,0,0,0,0,0,0,0,0,0,0,0,0,0,0,0,0,1,1,0,0,0,0,0,0,0,0,0,0,0,1,0,,0,0,0,0,0,0,2024115693,4,,,02,,E,4,,25,,,OLDE VILLA DR,0,
9196,2024115699,11,02,02419,02419,2024,12,6,,,,98,9,7,2,03,0,2,00,0,0,1,1,1,1,0,0,0,0,0,0,0,0,1,0,,0,1,0,0,0,0,0,0,0,0,0,0,0,0,0,0,8,0,0,0,0,0,0,0,0,40 26:05.648,79 49:24.144,40.434902,-79.823373,,,,N,,,,,0,,,,,,,,,,,,2024115699,0,1,0,0,0,1,0,0,0,0,0,0,1,1,0,0,0,1,0,0,1,0,0,1,0,0,0,0,0,0,1,0,0,0,0,0,0,0,0,0,0,1,1,0,0,0,0,0,0,0,0,0,0,0,0,0,0,0,0,0,0,0,1,1,0,0,0,0,1,0,0,0,0,1,0,1,0,0,0,0,0,0,,0,0,0,0,0,0,2024115699,3,,3,02,2,W,2,2048,40,,2306,WILLIAM PENN HW,1,