_id,CRASH_CRN,DISTRICT,CRASH_COUNTY,MUNICIPALITY,POLICE_AGCY,CRASH_YEAR,CRASH_MONTH,DAY_OF_WEEK,TIME_OF_DAY,HOUR_OF_DAY,ILLUMINATION,WEATHER,ROAD_CONDITION,COLLISION_TYPE,RELATION_TO_ROAD,INTERSECT_TYPE,TCD_TYPE,URBAN_RURAL,LOCATION_TYPE,SCH_BUS_IND,SCH_ZONE_IND,TOTAL_UNITS,PERSON_COUNT,VEHICLE_COUNT,AUTOMOBILE_COUNT,MOTORCYCLE_COUNT,BUS_COUNT,SMALL_TRUCK_COUNT,HEAVY_TRUCK_COUNT,SUV_COUNT,VAN_COUNT,BICYCLE_COUNT,FATAL_COUNT,INJURY_COUNT,MAJ_INJ_COUNT,MOD_INJ_COUNT,MIN_INJ_COUNT,UNK_INJ_DEG_COUNT,UNK_INJ_PER_COUNT,UNBELTED_OCC_COUNT,UNB_DEATH_COUNT,UNB_MAJ_INJ_COUNT,BELTED_DEATH_COUNT,BELTED_MAJ_INJ_COUNT,MCYCLE_DEATH_COUNT,MCYCLE_MAJ_INJ_COUNT,BICYCLE_DEATH_COUNT,BICYCLE_MAJ_INJ_COUNT,PED_COUNT,PED_DEATH_COUNT,PED_MAJ_INJ_COUNT,COMM_VEH_COUNT,MAX_SEVERITY_LEVEL,DRIVER_COUNT_16YR,DRIVER_COUNT_17YR,DRIVER_COUNT_18YR,DRIVER_COUNT_19YR,DRIVER_COUNT_20YR,DRIVER_COUNT_50_64YR,DRIVER_COUNT_65_74YR,DRIVER_COUNT_75PLUS,LATITUDE,LONGITUDE,DEC_LAT,DEC_LONG,EST_HRS_CLOSED,LANE_CLOSED,LN_CLOSE_DIR,NTFY_HIWY_MAINT,RDWY_SURF_TYPE_CD,SPEC_JURIS_CD,TCD_FUNC_CD,TFC_DETOUR_IND,WORK_ZONE_IND,WORK_ZONE_TYPE,WORK_ZONE_LOC,CONS_ZONE_SPD_LIM,WORKERS_PRES,WZ_CLOSE_DETOUR,WZ_FLAGGER,WZ_LAW_OFFCR_IND,WZ_LN_CLOSURE,WZ_MOVING,WZ_OTHER,WZ_SHLDER_MDN,FLAG_CRN,INTERSTATE,STATE_ROAD,LOCAL_ROAD,LOCAL_ROAD_ONLY,TURNPIKE,WET_ROAD,SNOW_SLUSH_ROAD,ICY_ROAD,SUDDEN_DEER,SHLDR_RELATED,REAR_END,HO_OPPDIR_SDSWP,HIT_FIXED_OBJECT,SV_RUN_OFF_RD,WORK_ZONE,PROPERTY_DAMAGE_ONLY,FATAL_OR_MAJ_INJ,INJURY,FATAL,NON_INTERSECTION,INTERSECTION,SIGNALIZED_INT,STOP_CONTROLLED_INT,UNSIGNALIZED_INT,SCHOOL_BUS,SCHOOL_ZONE,HIT_DEER,HIT_TREE_SHRUB,HIT_EMBANKMENT,HIT_POLE,HIT_GDRAIL,HIT_GDRAIL_END,HIT_BARRIER,HIT_BRIDGE,OVERTURNED,MOTORCYCLE,BICYCLE,HVY_TRUCK_RELATED,VEHICLE_FAILURE,TRAIN_TROLLEY,PHANTOM_VEHICLE,ALCOHOL_RELATED,DRINKING_DRIVER,UNDERAGE_DRNK_DRV,UNLICENSED,CELL_PHONE,NO_CLEARANCE,RUNNING_RED_LT,TAILGATING,CROSS_MEDIAN,CURVE_DVR_ERROR,LIMIT_65MPH,SPEEDING,SPEEDING_RELATED,AGGRESSIVE_DRIVING,FATIGUE_ASLEEP,DRIVER_16YR,DRIVER_17YR,DRIVER_65_74YR,DRIVER_75PLUS,UNBELTED,PEDESTRIAN,DISTRACTED,CURVED_ROAD,DRIVER_18YR,DRIVER_19YR,DRIVER_20YR,DRIVER_50_64YR,VEHICLE_TOWED,FIRE_IN_VEHICLE,HIT_PARKED_VEHICLE,MC_DRINKING_DRIVER,DRUGGED_DRIVER,INJURY_OR_FATAL,COMM_VEHICLE,IMPAIRED_DRIVER,DEER_RELATED,DRUG_RELATED,HAZARDOUS_TRUCK,ILLEGAL_DRUG_RELATED,ILLUMINATION_DARK,MINOR_INJURY,MODERATE_INJURY,MAJOR_INJURY,NHTSA_AGG_DRIVING,PSP_REPORTED,RUNNING_STOP_SIGN,TRAIN,TROLLEY,ROADWAY_CRN,RDWY_SEQ_NUM,ADJ_RDWY_SEQ,ACCESS_CTRL,ROADWAY_COUNTY,LANE_COUNT,RDWY_ORIENT,ROAD_OWNER,ROUTE,SPEED_LIMIT,SEGMENT,OFFSET,STREET_NAME,TOT_INJ_COUNT,SCHOOL_BUS_UNIT
9226,2024115948,11,02,02113,02113,2024,12,6,,,,4,9,7,5,00,0,2,00,0,0,1,1,1,0,0,0,0,0,1,0,0,0,0,0,,0,0,0,0,0,0,0,0,0,0,0,0,0,0,0,0,0,0,0,0,0,0,0,0,0,40 27:51.915,79 46:57.949,40.464421,-79.782764,,,,N,,,,N,0,,,,,,,,,,,,2024115948,0,1,0,0,0,1,0,0,0,0,0,0,1,1,0,1,0,0,0,1,0,0,0,0,0,0,0,0,0,0,0,0,0,0,0,0,0,0,0,0,0,0,0,0,0,0,0,0,0,0,0,0,0,1,1,0,0,0,0,0,0,0,0,1,0,0,0,0,1,0,0,0,0,0,0,0,0,0,0,0,1,0,,0,0,0,0,0,0,2024115948,3,,3,02,,W,2,2066,40,,3315,LOTT RD,0,
9227,2024115956,11,02,02116,02116,2024,12,6,,,,3,9,4,1,03,3,2,07,0,,2,2,2,0,0,0,0,1,1,0,0,0,1,0,,1,0,0,0,0,0,0,0,0,0,0,0,0,0,0,1,3,0,0,0,0,0,1,0,0,40 31:40.100,80 00:27.200,40.527806,-80.007556,,,,N,,,,,0,,,,,,,,,,,,2024115956,0,0,1,1,0,1,0,0,0,0,0,0,0,0,0,0,0,1,0,0,1,0,1,1,0,0,0,0,0,0,0,0,0,0,0,0,0,1,0,0,0,0,0,0,0,0,1,0,0,0,0,0,0,0,1,0,0,0,0,0,0,0,0,1,0,0,0,1,0,0,0,0,0,1,1,0,0,0,0,0,1,1,,0,0,0,0,0,0,2024115956,3,,,02,,N,7,,15,,,KOHLS TW,1,
9228,2024115957,11,02,02216,02505,2024,12,7,,,,2,2,7,1,00,3,2,07,0,0,3,3,3,0,0,0,0,0,2,0,0,0,0,0,,0,0,0,0,0,0,0,0,0,0,0,0,0,0,0,0,0,0,0,0,0,0,0,0,0,40 37:40.000,80 03:21.800,40.627778,-80.056056,,,5,N,,,,Y,0,,,,,,,,,,,,2024115957,0,0,1,1,0,0,0,1,0,0,0,0,1,1,0,1,0,0,0,1,0,0,0,0,0,0,0,1,0,0,0,0,0,0,0,0,0,0,0,0,0,0,0,0,0,0,0,0,0,0,0,0,0,0,0,0,0,0,0,0,0,0,0,0,0,0,0,0,1,0,0,0,0,0,0,0,0,0,0,0,0,0,,0,0,0,0,0,0,2024115957,3,,3,02,,S,4,AFNL,25,,,CHURCH RD,0,
9229,2024115958,11,02,02477,02477,2024,12,7,,,,10,7,7,5,01,3,2,00,0,0,1,1,1,0,0,0,0,0,1,0,0,0,0,0,,0,0,0,0,0,0,0,0,0,0,0,0,0,0,0,0,0,0,0,0,0,0,0,0,0,40 21:03.247,79 49:38.344,40.350902,-79.827318,,,,N,,,,,0,,,,,,,,,,,,2024115958,0,0,1,1,0,0,1,0,0,0,0,0,1,1,0,1,0,0,0,0,1,0,1,1,0,0,0,0,0,0,0,0,0,0,0,0,0,0,0,0,0,0,0,0,0,0,0,0,0,0,0,0,0,0,0,0,0,0,0,0,0,0,0,0,0,0,0,0,1,0,0,0,0,0,0,0,0,0,0,0,0,0,,0,0,0,0,0,0,2024115958,3,,3,02,,W,4,AND0,25,,,AMHERST ST,0,
9230,2024115962,11,02,02113,02113,2024,12,7,,,,2,2,4,1,00,0,2,00,0,0,2,2,2,0,0,0,0,1,1,0,0,0,0,0,,0,0,0,0,0,0,0,0,0,0,0,0,0,0,0,1,0,0,0,0,0,0,0,1,0,40 27:08.200,79 50:33.900,40.452278,-79.84275,,,,N,,,,,0,,,,,,,,,,,,2024115962,0,0,1,1,0,0,0,1,0,0,0,0,0,0,0,1,0,0,0,1,0,0,0,0,0,0,0,0,0,0,0,0,0,0,0,0,0,1,0,0,0,0,0,0,0,0,0,0,0,0,0,0,0,0,1,0,0,0,1,0,0,0,0,0,0,0,0,0,1,0,0,0,0,0,1,0,0,0,0,0,0,0,,0,0,0,0,0,0,2024115962,3,,3,02,,W,4,ACNJ,25,,,MACFARLANE DR,0,
9231,2024115967,11,02,02451,02451,2024,12,7,,,,4,9,4,1,01,8,2,00,0,0,2,5,2,2,0,0,0,0,0,0,0,0,1,0,,1,0,0,0,0,0,0,0,0,0,0,0,0,0,0,0,3,0,0,0,0,1,0,0,0,40 31:33.667,79 50:33.826,40.526019,-79.842729,,,3,N,,,,N,0,,,,,,,,,,,,2024115967,0,1,1,0,0,1,0,0,0,0,0,0,0,0,0,0,0,1,0,0,1,0,0,1,0,0,0,0,0,0,0,0,0,0,0,0,0,0,0,0,0,0,0,0,0,0,0,0,0,0,0,0,0,0,1,0,0,0,0,0,0,0,0,0,0,0,1,0,1,0,0,0,0,1,0,0,0,0,0,0,0,1,,0,0,0,0,0,0,2024115967,4,,,02,,N,4,,25,,,THIRD ST,1,
9232,2024115970,11,02,02111,02111,2024,12,6,,,,3,9,1,1,01,2,2,00,0,0,2,6,2,0,0,0,1,0,1,0,0,0,0,0,,0,0,0,0,0,0,0,0,0,0,0,0,0,0,0,0,0,0,0,0,0,0,0,0,0,40 22:59.366,79 49:40.068,40.383157,-79.827797,,,1,N,,,,N,0,,,,,,,,,,,,2024115970,0,1,1,0,0,1,0,0,0,0,1,0,0,0,0,1,0,0,0,0,1,1,0,0,0,0,0,0,0,0,0,0,0,0,0,0,0,0,0,0,0,0,0,0,0,0,0,0,0,0,0,0,0,0,0,0,0,0,0,0,0,0,0,0,0,0,0,0,1,0,0,0,0,0,0,0,0,0,0,0,0,0,,0,0,0,0,0,0,2024115970,7,,,02,99,U,4,,,,,PORT PERRY RD,0,
9233,2024115976,11,02,02202,68D02,2024,11,1,,,,3,1,7,2,00,0,1,00,0,0,1,1,1,0,0,0,1,0,0,0,0,0,0,0,,0,0,0,0,0,0,0,0,0,0,0,0,0,0,0,0,0,0,0,0,0,0,0,0,0,40 38:54.440,79 48:05.468,40.648456,-79.801519,,,4,N,,,,N,0,,,,,,,,,,,,2024115976,0,1,0,0,0,0,0,0,0,0,0,0,1,1,0,1,0,0,0,1,0,0,0,0,0,0,0,0,1,0,0,0,0,0,0,0,0,0,0,0,0,1,1,0,0,0,0,0,0,0,0,0,0,0,0,0,0,0,0,0,0,0,0,0,0,0,0,0,1,0,0,0,0,0,0,1,0,0,0,0,0,0,,0,0,1,0,0,0,2024115976,3,,3,02,,E,2,1028,40,,2844,BAKERSTOWN RD (ROUTE 90,0,
9234,2024116004,11,02,02435,02435,2024,12,7,,,,10,7,7,2,02,2,2,00,0,0,1,2,1,1,0,0,0,0,0,0,0,0,0,0,,0,0,0,0,0,0,0,0,0,0,0,0,0,0,0,0,0,0,0,0,0,0,0,0,0,40 25:14.617,80 02:46.686,40.420727,-80.046302,,,1,N,,,,N,0,,,,,,,,,,,,2024116004,0,1,1,0,0,0,1,0,0,0,0,0,1,1,0,1,0,0,0,0,1,1,0,0,0,0,0,0,0,0,0,0,0,0,0,0,0,0,0,0,0,0,0,0,0,0,0,0,0,0,0,0,0,1,1,0,0,0,0,0,0,0,0,0,0,0,0,0,1,0,0,0,0,0,0,0,0,0,0,0,1,0,,0,0,0,0,0,0,2024116004,3,,3,02,,N,2,0121,25,,821,GREENTREE RD,0,
9235,2024116022,11,02,02301,02301,2024,12,7,,,,2,7,0,1,00,0,2,00,0,0,1,1,1,1,0,0,0,0,0,0,0,0,0,0,,0,0,0,0,0,0,0,0,0,0,0,0,0,0,0,0,0,0,0,0,0,0,0,0,0,40 22:40.610,79 55:17.577,40.377947,-79.921549,,,5,N,,,,N,0,,,,,,,,,,,,2024116022,0,1,0,0,0,0,1,0,0,0,0,0,0,1,0,1,0,0,0,1,0,0,0,0,0,0,0,0,0,0,0,0,0,0,1,0,0,0,0,0,0,0,0,0,0,0,0,0,0,0,0,0,0,1,1,0,0,0,0,0,0,0,0,1,0,0,0,0,1,0,0,0,0,0,0,0,0,0,0,0,0,0,,0,0,0,0,0,0,2024116022,3,,3,02,,N,2,2045,25,,1102,MIFFLIN RD,0,
9236,2024116026,11,02,02413,02413,2024,12,7,,,,10,6,4,6,00,0,2,00,0,0,2,1,2,2,0,0,0,0,0,0,0,0,0,0,,0,0,0,0,0,0,0,0,0,0,0,0,0,0,0,0,0,0,0,0,0,0,1,0,0,40 22:03.100,79 58:42.700,40.367528,-79.978528,,,1,N,,,,Y,0,,,,,,,,,,,,2024116026,0,0,1,1,0,0,1,0,0,0,0,0,0,0,0,1,0,0,0,1,0,0,0,0,0,0,0,0,0,0,0,0,0,0,0,0,0,0,0,0,0,0,0,0,0,0,0,0,0,0,0,0,0,0,0,0,0,0,0,0,0,0,0,0,0,0,0,1,1,0,1,0,0,0,0,0,0,0,0,0,1,0,,0,0,0,0,0,0,2024116026,3,,,02,,N,4,,25,,,BROWNSVILLE RD,0,
9237,2024116027,11,02,02446,02446,2024,12,6,,,,3,9,4,1,01,2,2,00,0,0,2,2,2,0,0,0,0,0,2,0,0,0,2,0,,2,0,0,0,0,0,0,0,0,0,0,0,0,0,0,0,3,0,0,0,0,0,0,0,0,40 25:38.750,79 43:17.387,40.427431,-79.721496,,,6,N,,,,Y,0,,,,,,,,,,,,2024116027,0,1,1,0,0,1,0,0,0,0,0,0,0,0,0,0,0,1,0,0,1,1,0,0,0,0,0,0,0,0,0,0,0,0,0,0,0,0,0,0,0,0,0,0,0,0,0,1,0,0,0,0,0,0,1,0,0,0,0,0,0,0,0,0,0,0,0,0,1,0,0,0,0,1,0,0,0,0,0,0,1,1,,0,0,0,0,0,0,2024116027,5,,,02,,S,4,,25,,,ALPINE VILLAGE DR,2,
9238,2024116042,11,02,02109,02109,2024,12,5,,,,3,1,1,4,00,0,2,00,0,0,2,1,2,0,0,0,0,0,2,0,0,0,0,0,,0,0,0,0,0,0,0,0,0,0,0,0,0,0,0,0,0,0,0,0,0,0,1,0,0,40 23:36.900,80 03:05.390,40.393583,-80.051497,,,,N,,,,,0,,,,,,,,,,,,2024116042,0,0,1,1,0,0,0,0,0,0,1,0,0,1,0,1,0,0,0,1,0,0,0,0,0,0,0,0,0,0,0,0,0,0,0,0,0,0,0,0,0,1,1,0,0,0,0,0,0,0,0,0,0,0,0,0,0,0,0,0,0,0,0,0,0,0,0,1,1,0,1,0,0,0,0,1,0,0,0,0,1,0,,0,0,0,0,0,0,2024116042,3,,3,02,,E,4,AC11,25,,,NEWBURN DR,0,
9239,2024116043,11,02,02426,02426,2024,11,1,,,,4,1,5,4,00,0,2,00,0,0,3,1,3,1,0,0,1,0,1,0,0,0,0,0,,0,0,1,0,0,0,0,0,0,0,0,0,0,0,0,0,9,0,0,0,0,0,0,0,0,40 25:56.870,79 53:04.880,40.432464,-79.884689,,,,N,,,,,0,,,,,,,,,,,,2024116043,0,0,1,1,0,0,0,0,0,0,0,0,0,1,0,0,0,0,0,1,0,0,0,0,0,0,0,0,0,0,0,0,0,0,0,0,0,0,0,0,0,0,0,0,0,0,0,0,0,0,0,0,0,0,0,0,0,0,0,0,0,0,0,0,0,0,0,0,1,0,1,0,0,0,0,0,0,0,0,0,0,0,,0,0,0,0,0,0,2024116043,3,,,02,,N,4,,25,,,EDGEWOOD AV,0,
9240,2024116047,11,02,02426,02426,2024,12,5,,,,3,1,4,1,00,2,2,07,0,0,2,2,2,2,0,0,0,0,0,0,0,0,0,0,,0,0,0,0,0,0,0,0,0,0,0,0,0,0,0,0,0,0,0,0,0,1,0,0,0,40 25:35.140,79 53:23.260,40.426428,-79.889794,,,5,N,,,,N,0,,,,,,,,,,,,2024116047,0,0,1,1,0,0,0,0,0,0,0,0,0,0,0,1,0,0,0,1,0,0,0,0,0,0,0,0,0,0,0,0,0,0,0,0,0,0,0,0,0,0,0,0,0,0,0,0,0,0,0,0,0,0,1,0,0,0,0,0,0,0,0,0,0,0,1,0,1,0,0,0,0,0,0,0,0,0,0,0,1,0,,0,0,0,0,0,0,2024116047,3,,,02,,S,4,,30,,,S BRADDOCK AV,0,
9241,2024116064,11,02,02304,02304,2024,12,1,,,,10,2,1,6,00,0,2,00,0,0,2,1,2,0,0,0,0,0,2,0,0,0,1,0,,1,0,0,0,0,0,0,0,0,0,0,0,0,0,0,0,3,0,0,0,0,0,0,0,0,40 20:34.400,79 51:03.400,40.342889,-79.850944,,,,N,,,,,0,,,,,,,,,,,,2024116064,0,0,1,1,0,0,0,1,0,0,1,0,0,0,0,0,0,1,0,1,0,0,0,0,0,0,0,0,0,0,0,0,0,0,0,0,0,0,0,0,0,0,0,0,0,0,0,0,0,0,0,0,0,0,0,0,0,0,0,0,0,0,0,1,0,0,0,0,1,0,1,0,0,1,0,0,0,0,0,0,1,1,,0,0,0,0,0,0,2024116064,3,,3,02,,S,4,AJ09,25,,,RAVINE ST,1,
9242,2024116084,11,02,02113,02113,2024,12,1,,,,4,9,7,4,00,0,2,00,0,0,1,2,1,1,0,0,0,0,0,0,0,0,2,0,,0,2,0,1,0,0,0,0,0,0,0,0,0,0,0,0,8,0,0,1,0,0,0,0,0,40 29:31.094,79 49:07.524,40.491971,-79.818757,,,,N,,,,,0,,,,,,,,,,,,2024116084,0,1,0,0,0,1,0,0,0,0,0,0,1,1,0,0,0,1,0,1,0,0,0,0,0,0,0,1,0,0,0,0,0,0,0,0,0,0,0,0,0,0,0,0,0,0,0,0,0,0,0,0,0,0,1,0,0,0,0,0,1,0,0,1,1,0,0,0,1,0,0,0,1,1,0,1,0,1,0,1,1,0,,0,0,0,0,0,0,2024116084,3,,3,02,,N,2,2078,30,,1064,HAMIL RD,2,
9243,2024116091,11,02,02116,02116,2024,12,7,,,,10,2,7,2,00,0,2,00,0,0,1,4,1,0,0,0,0,0,1,0,0,0,2,0,,0,0,0,0,0,0,0,0,0,0,0,0,0,0,0,0,4,0,1,0,0,0,0,0,0,40 29:49.400,80 02:45.600,40.497056,-80.046,,,2,N,,,,N,0,,,,,,,,,,,,2024116091,0,0,1,1,0,0,0,1,0,0,0,0,1,1,0,0,0,1,0,1,0,0,0,0,0,0,0,0,0,0,0,1,0,0,0,0,0,0,0,0,0,0,0,0,0,0,0,0,0,0,0,0,0,0,0,0,0,1,0,0,0,0,0,1,0,0,0,0,1,0,0,0,0,1,0,0,0,0,0,0,1,0,,0,0,0,0,0,0,2024116091,3,,,02,,S,4,,25,,,JACKS RUN RD,2,
9244,2024116094,11,02,02215,02215,2024,12,7,,,,10,7,7,4,00,0,2,00,0,0,1,1,1,1,0,0,0,0,0,0,0,0,0,0,,0,0,0,0,0,0,0,0,0,0,0,0,0,0,0,0,0,0,0,0,0,0,1,0,0,40 31:45.900,80 04:48.600,40.529417,-80.080167,,,5,N,,,,Y,0,,,,,,,,,,,,2024116094,0,0,1,1,0,0,1,0,0,0,0,0,1,1,0,1,0,0,0,1,0,0,0,0,0,0,0,1,0,0,0,0,0,0,0,0,0,0,0,0,0,0,0,0,0,0,0,0,0,0,0,0,0,0,0,0,0,0,0,0,0,0,0,0,0,0,0,1,1,0,0,0,0,0,0,0,0,0,0,0,0,0,,0,0,0,0,0,0,2024116094,3,,3,02,,S,4,AFLO,25,,,GRANDVIEW RD,0,
9245,2024116097,11,02,02113,02113,2024,12,7,,,,10,2,4,1,00,0,2,07,0,0,2,4,2,0,0,0,1,0,1,0,0,0,2,0,,2,0,0,0,0,0,0,0,0,0,0,0,0,0,0,0,3,0,0,0,0,0,0,0,0,40 27:00.809,79 49:36.878,40.450225,-79.826911,,,1,N,,,,N,0,,,,,,,,,,,,2024116097,0,1,0,0,0,0,0,1,0,0,0,0,0,0,0,0,0,1,0,1,0,0,0,0,0,0,0,0,0,0,0,0,0,0,0,0,0,0,0,0,0,0,0,0,0,0,1,0,0,0,0,0,0,0,1,0,0,0,0,0,0,0,0,0,0,0,0,0,1,0,0,0,0,1,0,0,0,0,0,0,0,1,,0,1,0,0,0,0,2024116097,3,,3,02,,N,2,0791,35,,2194,RODI RD,2,
9246,2024116109,11,02,02301,02301,2024,12,2,,,,3,1,8,1,02,3,2,00,0,0,2,2,1,1,0,0,0,0,0,0,0,0,1,0,,1,0,1,0,0,0,0,0,0,0,0,0,1,0,0,0,3,0,0,0,0,0,0,0,0,40 27:18.451,80 03:14.892,40.455125,-80.054137,,,,N,,,,,0,,,,,,,,,,,,2024116109,0,0,1,1,0,0,0,0,0,0,0,0,0,0,0,0,0,1,0,0,1,0,1,1,0,0,0,0,0,0,0,0,0,0,0,0,0,0,0,0,0,0,0,0,0,0,0,0,0,0,0,0,0,0,1,0,0,0,0,0,0,1,0,0,0,0,0,0,0,0,0,0,0,1,0,0,0,0,0,0,0,1,,0,0,0,1,0,0,2024116109,3,,3,02,,N,4,AI79,25,,,SHERADEN BL,1,
9247,2024116110,11,02,02116,02116,2024,12,7,,,,10,2,5,1,00,0,2,00,0,0,2,3,2,0,0,0,0,1,1,0,0,0,1,0,,0,0,0,0,0,0,0,0,0,0,0,0,0,0,0,1,4,0,0,0,0,0,1,0,0,40 32:44.600,80 01:03.700,40.545722,-80.017694,,,7,N,,,,Y,0,,,,,,,,,,,,2024116110,0,0,1,1,0,0,0,1,0,0,0,0,0,0,0,0,0,1,0,1,0,0,0,0,0,0,0,0,0,0,0,0,0,0,0,0,0,1,0,0,0,0,0,0,0,0,0,0,0,0,0,0,0,1,1,0,0,0,0,0,0,0,0,0,0,0,0,1,0,0,0,0,0,1,1,0,0,0,0,0,0,0,,0,0,0,0,0,0,2024116110,3,,3,02,,E,4,AD1K,25,,,BROWNS LN,1,
9248,2024116112,11,02,02477,02477,2024,12,7,,,,10,7,2,1,02,3,2,00,0,0,2,1,2,1,0,0,0,0,1,0,0,0,0,0,,0,0,0,0,0,0,0,0,0,0,0,0,0,0,0,0,0,0,0,0,0,0,1,0,0,40 20:39.783,79 48:14.924,40.344384,-79.804146,,,,N,,,,,0,,,,,,,,,,,,2024116112,0,0,1,1,0,0,1,0,0,0,0,1,0,0,0,1,0,0,0,0,1,0,1,1,0,0,0,0,0,0,0,0,0,0,0,0,0,0,0,0,0,0,0,0,0,0,0,0,0,0,0,0,0,0,0,0,0,0,0,0,0,0,0,0,0,0,0,1,1,0,1,0,0,0,0,0,0,0,0,0,0,0,,0,0,0,0,0,0,2024116112,3,,3,02,,E,4,ANC2,25,,,EDUCATIONAL DR,0,
9249,2024116113,11,02,02466,02466,2024,12,6,,,,10,7,7,5,00,0,2,00,0,0,1,1,1,1,0,0,0,0,0,0,0,0,0,0,,0,0,0,0,0,0,0,0,0,0,0,0,0,0,0,0,0,0,0,0,0,0,0,0,0,40 31:11.400,79 45:47.200,40.519833,-79.763111,,,,N,,,,,0,,,,,,,,,,,,2024116113,0,0,1,1,0,0,1,0,0,0,0,0,1,1,0,1,0,0,0,1,0,0,0,0,0,0,0,0,0,0,0,0,0,0,0,0,0,0,1,0,0,0,0,0,0,0,0,0,0,0,0,0,0,1,1,0,0,0,0,0,0,0,0,1,0,0,0,0,1,0,0,0,0,0,0,0,0,0,0,0,0,0,,0,0,0,0,0,0,2024116113,3,,3,02,,N,4,AMO5,25,,,SHEARER RD,0,
9250,2024116120,11,02,02429,02215,2024,12,7,,,,10,7,7,2,02,0,2,00,0,0,1,1,1,1,0,0,0,0,0,0,0,0,0,0,,0,0,0,0,0,0,0,0,0,0,0,0,0,0,0,0,0,0,0,0,0,0,0,0,0,40 30:37.356,80 05:49.585,40.510377,-80.097107,,,2,N,,,,N,0,,,,,,,,,,,,2024116120,0,1,1,0,0,0,1,0,0,0,0,0,1,1,0,1,0,0,0,0,1,0,0,1,0,0,0,0,0,1,0,0,0,0,0,0,0,0,0,0,0,0,0,0,0,0,0,0,0,0,0,0,0,0,0,0,0,0,0,0,0,0,0,1,0,0,0,0,1,0,0,0,0,0,0,0,0,0,0,0,0,0,,0,0,0,0,0,0,2024116120,5,,,02,,E,4,,25,,,NORTH AV,0,
9251,2024116123,11,02,02477,02477,2024,12,7,,,,2,2,7,2,00,0,2,00,0,0,1,2,1,0,0,0,0,0,1,0,0,0,1,0,,1,0,0,0,0,0,0,0,0,0,0,0,0,0,0,0,3,0,0,0,0,0,0,1,0,40 20:35.850,79 47:21.335,40.343292,-79.78926,,,6,N,,,,Y,0,,,,,,,,,,,,2024116123,0,1,0,0,0,0,0,1,0,0,0,0,1,1,0,0,0,1,0,1,0,0,0,0,0,0,0,0,1,0,1,0,0,0,1,0,0,0,0,0,0,0,0,0,0,0,0,0,0,0,0,0,0,0,0,0,0,0,1,0,0,0,0,1,0,0,0,0,1,0,0,0,0,1,0,0,0,0,0,0,0,1,,0,0,0,0,0,0,2024116123,3,,3,02,,W,2,2033,40,,1714,MCCLINTOCK RD,1,
9252,2024116125,11,02,02444,02444,2024,12,2,,,,3,1,4,1,01,2,2,00,0,0,2,2,2,1,0,0,0,0,1,0,0,0,0,0,,0,0,0,0,0,0,0,0,0,0,0,0,0,0,0,0,0,0,0,0,0,0,1,1,0,40 27:56.155,80 03:58.759,40.465599,-80.066322,,,6,N,,,,N,0,,,,,,,,,,,,2024116125,0,0,1,1,0,0,0,0,0,0,0,0,0,0,0,1,0,0,0,0,1,1,0,0,0,0,0,0,0,0,0,0,0,0,0,0,0,0,0,0,0,0,0,0,0,0,0,1,0,0,0,0,0,0,1,0,0,0,1,0,0,0,0,0,0,0,0,1,1,0,0,0,0,0,0,0,0,0,0,0,0,0,,0,0,0,0,0,0,2024116125,3,,,02,,E,4,,35,,,PARK AV,0,
9253,2024116129,11,02,02477,02477,2024,12,7,,,,2,9,4,1,00,0,2,07,0,0,2,3,2,0,0,0,0,0,2,0,0,0,0,0,,0,0,0,0,0,0,0,0,0,0,0,0,0,0,0,0,0,0,0,0,0,0,0,1,0,40 20:50.133,79 49:00.198,40.347259,-79.816722,,,,N,,,,,0,,,,,,,,,,,,2024116129,0,1,0,0,0,1,0,0,0,0,0,0,0,0,0,1,0,0,0,1,0,0,0,0,0,0,0,0,0,0,0,0,0,0,0,0,0,0,0,0,0,0,0,0,0,0,0,0,0,0,0,0,0,0,1,0,0,0,1,0,0,0,0,0,0,0,0,0,1,0,0,0,0,0,0,0,0,0,0,0,0,0,,0,0,0,0,0,0,2024116129,3,,3,02,2,N,2,2031,40,,2,LINCOLN WY,0,
9254,2024116134,11,02,02481,02481,2024,12,7,,,,4,7,7,4,00,0,1,00,0,0,1,1,1,0,0,0,0,0,1,0,0,0,0,0,,0,0,0,0,0,0,0,0,0,0,0,0,0,0,0,0,0,0,0,0,0,1,0,0,0,40 36:43.600,80 07:42.600,40.612111,-80.1285,,,5,N,,,,Y,0,,,,,,,,,,,,2024116134,0,0,1,1,0,0,1,0,0,0,0,0,1,1,0,1,0,0,0,1,0,0,0,0,0,0,0,0,0,1,0,0,0,0,0,0,0,0,0,0,0,0,0,0,0,0,0,0,0,0,0,0,0,1,1,0,0,0,0,0,0,0,0,0,0,0,1,0,1,0,0,0,0,0,0,0,0,0,0,0,0,0,,0,0,0,0,0,0,2024116134,3,,,02,,N,4,,25,,,STATE GAMELANDS RD,0,
9255,2024116152,11,02,02440,02440,2024,12,1,,,,3,1,4,1,02,2,2,00,0,0,2,2,2,1,0,0,0,0,0,1,0,0,1,0,,1,0,0,0,0,0,0,0,0,0,0,0,0,0,0,0,3,0,0,0,0,0,1,1,0,40 17:48.655,79 55:10.210,40.296849,-79.919503,,,4,N,,,,Y,0,,,,,,,,,,,,2024116152,0,1,1,0,0,0,0,0,0,0,0,0,0,0,0,0,0,1,0,0,1,1,0,0,0,0,0,0,0,0,0,0,0,0,0,0,0,0,0,0,0,0,0,0,0,0,0,1,0,0,0,0,0,0,1,0,0,0,1,0,0,0,0,0,0,0,0,1,1,0,0,0,0,1,0,0,0,0,0,0,0,1,,0,1,0,0,0,0,2024116152,5,,,02,2,W,4,,40,,,JEFFERSON BL,1,