_id,CRASH_CRN,DISTRICT,CRASH_COUNTY,MUNICIPALITY,POLICE_AGCY,CRASH_YEAR,CRASH_MONTH,DAY_OF_WEEK,TIME_OF_DAY,HOUR_OF_DAY,ILLUMINATION,WEATHER,ROAD_CONDITION,COLLISION_TYPE,RELATION_TO_ROAD,INTERSECT_TYPE,TCD_TYPE,URBAN_RURAL,LOCATION_TYPE,SCH_BUS_IND,SCH_ZONE_IND,TOTAL_UNITS,PERSON_COUNT,VEHICLE_COUNT,AUTOMOBILE_COUNT,MOTORCYCLE_COUNT,BUS_COUNT,SMALL_TRUCK_COUNT,HEAVY_TRUCK_COUNT,SUV_COUNT,VAN_COUNT,BICYCLE_COUNT,FATAL_COUNT,INJURY_COUNT,MAJ_INJ_COUNT,MOD_INJ_COUNT,MIN_INJ_COUNT,UNK_INJ_DEG_COUNT,UNK_INJ_PER_COUNT,UNBELTED_OCC_COUNT,UNB_DEATH_COUNT,UNB_MAJ_INJ_COUNT,BELTED_DEATH_COUNT,BELTED_MAJ_INJ_COUNT,MCYCLE_DEATH_COUNT,MCYCLE_MAJ_INJ_COUNT,BICYCLE_DEATH_COUNT,BICYCLE_MAJ_INJ_COUNT,PED_COUNT,PED_DEATH_COUNT,PED_MAJ_INJ_COUNT,COMM_VEH_COUNT,MAX_SEVERITY_LEVEL,DRIVER_COUNT_16YR,DRIVER_COUNT_17YR,DRIVER_COUNT_18YR,DRIVER_COUNT_19YR,DRIVER_COUNT_20YR,DRIVER_COUNT_50_64YR,DRIVER_COUNT_65_74YR,DRIVER_COUNT_75PLUS,LATITUDE,LONGITUDE,DEC_LAT,DEC_LONG,EST_HRS_CLOSED,LANE_CLOSED,LN_CLOSE_DIR,NTFY_HIWY_MAINT,RDWY_SURF_TYPE_CD,SPEC_JURIS_CD,TCD_FUNC_CD,TFC_DETOUR_IND,WORK_ZONE_IND,WORK_ZONE_TYPE,WORK_ZONE_LOC,CONS_ZONE_SPD_LIM,WORKERS_PRES,WZ_CLOSE_DETOUR,WZ_FLAGGER,WZ_LAW_OFFCR_IND,WZ_LN_CLOSURE,WZ_MOVING,WZ_OTHER,WZ_SHLDER_MDN,FLAG_CRN,INTERSTATE,STATE_ROAD,LOCAL_ROAD,LOCAL_ROAD_ONLY,TURNPIKE,WET_ROAD,SNOW_SLUSH_ROAD,ICY_ROAD,SUDDEN_DEER,SHLDR_RELATED,REAR_END,HO_OPPDIR_SDSWP,HIT_FIXED_OBJECT,SV_RUN_OFF_RD,WORK_ZONE,PROPERTY_DAMAGE_ONLY,FATAL_OR_MAJ_INJ,INJURY,FATAL,NON_INTERSECTION,INTERSECTION,SIGNALIZED_INT,STOP_CONTROLLED_INT,UNSIGNALIZED_INT,SCHOOL_BUS,SCHOOL_ZONE,HIT_DEER,HIT_TREE_SHRUB,HIT_EMBANKMENT,HIT_POLE,HIT_GDRAIL,HIT_GDRAIL_END,HIT_BARRIER,HIT_BRIDGE,OVERTURNED,MOTORCYCLE,BICYCLE,HVY_TRUCK_RELATED,VEHICLE_FAILURE,TRAIN_TROLLEY,PHANTOM_VEHICLE,ALCOHOL_RELATED,DRINKING_DRIVER,UNDERAGE_DRNK_DRV,UNLICENSED,CELL_PHONE,NO_CLEARANCE,RUNNING_RED_LT,TAILGATING,CROSS_MEDIAN,CURVE_DVR_ERROR,LIMIT_65MPH,SPEEDING,SPEEDING_RELATED,AGGRESSIVE_DRIVING,FATIGUE_ASLEEP,DRIVER_16YR,DRIVER_17YR,DRIVER_65_74YR,DRIVER_75PLUS,UNBELTED,PEDESTRIAN,DISTRACTED,CURVED_ROAD,DRIVER_18YR,DRIVER_19YR,DRIVER_20YR,DRIVER_50_64YR,VEHICLE_TOWED,FIRE_IN_VEHICLE,HIT_PARKED_VEHICLE,MC_DRINKING_DRIVER,DRUGGED_DRIVER,INJURY_OR_FATAL,COMM_VEHICLE,IMPAIRED_DRIVER,DEER_RELATED,DRUG_RELATED,HAZARDOUS_TRUCK,ILLEGAL_DRUG_RELATED,ILLUMINATION_DARK,MINOR_INJURY,MODERATE_INJURY,MAJOR_INJURY,NHTSA_AGG_DRIVING,PSP_REPORTED,RUNNING_STOP_SIGN,TRAIN,TROLLEY,ROADWAY_CRN,RDWY_SEQ_NUM,ADJ_RDWY_SEQ,ACCESS_CTRL,ROADWAY_COUNTY,LANE_COUNT,RDWY_ORIENT,ROAD_OWNER,ROUTE,SPEED_LIMIT,SEGMENT,OFFSET,STREET_NAME,TOT_INJ_COUNT,SCHOOL_BUS_UNIT
9638,2025007772,11,02,02213,02213,2024,12,6,,,,3,1,1,1,00,2,2,00,0,0,4,7,4,2,0,0,1,0,1,0,0,0,0,0,,0,0,0,0,0,0,0,0,0,0,0,0,0,0,0,0,0,0,0,0,0,0,1,0,0,40 31:51.975,80 11:24.640,40.531104,-80.190178,,,2,N,,,,N,0,,,,,,,,,,,,2025007772,0,1,0,0,0,0,0,0,0,0,1,0,0,0,0,1,0,0,0,1,0,0,0,0,0,0,0,0,0,0,0,0,0,0,0,0,0,0,0,0,0,1,1,0,0,0,0,0,0,0,0,0,0,0,0,0,0,0,0,0,0,0,0,0,0,0,0,1,1,0,0,0,0,0,0,1,0,0,0,0,1,0,,0,0,0,0,0,0,2025007772,3,,3,02,2,S,2,0051,45,,1034,UNIVERSITY BL,0,
9639,2025007902,11,02,02301,68B03,2024,11,4,,,,3,1,1,1,00,0,2,03,0,0,3,4,3,2,0,0,0,0,1,0,0,0,0,0,,0,0,0,0,0,0,0,0,0,0,0,0,0,0,0,0,0,0,0,0,0,0,0,0,0,40 26:20.959,80 00:38.671,40.439155,-80.010742,,,,N,,,,,0,,,,,,,,,,,,2025007902,1,1,0,0,0,0,0,0,0,0,1,0,0,0,0,1,0,0,0,1,0,0,0,0,0,0,0,0,0,0,0,0,0,0,0,0,0,0,0,0,0,0,0,0,0,0,0,0,0,0,0,0,0,0,1,0,0,0,0,0,0,0,0,0,0,0,0,0,1,0,0,0,0,0,0,0,0,0,0,0,0,0,,0,0,1,0,0,0,2025007902,3,,1,02,,E,1,0376,55,,1032,PENN LINCOLN PY,0,
9640,2025007907,11,02,02435,68B03,2024,12,3,,,,3,1,1,1,00,0,2,00,0,0,2,2,2,0,0,0,0,0,2,0,0,0,0,0,,0,0,0,0,0,0,0,0,0,0,0,0,0,0,0,0,0,0,0,0,0,0,0,0,0,40 24:53.980,80 03:40.639,40.414994,-80.061289,,,,N,,,,,0,,,,,,,,,,,,2025007907,1,1,0,0,0,0,0,0,0,0,1,0,0,0,0,1,0,0,0,1,0,0,0,0,0,0,0,0,0,0,0,0,0,0,0,0,0,0,0,0,0,0,0,0,0,0,0,0,0,0,0,0,0,0,1,0,0,0,0,0,0,0,0,0,0,0,0,0,1,0,0,0,0,0,0,0,0,0,0,0,1,0,,0,0,1,0,0,0,2025007907,3,,1,02,,E,1,0376,55,,1932,PENN LINCOLN PY,0,
9641,2025007915,11,02,02115,68B03,2024,12,6,,,,10,9,1,1,00,0,2,00,0,0,2,2,2,1,0,0,1,0,0,0,0,0,0,0,,0,0,0,0,0,0,0,0,0,0,0,0,0,0,0,0,0,0,0,0,0,0,1,0,0,40 26:45.498,80 09:54.448,40.445972,-80.165124,,,,N,,,,,0,,,,,,,,,,,,2025007915,1,1,0,0,0,1,0,0,0,0,1,0,0,0,0,1,0,0,0,1,0,0,0,0,0,0,0,0,0,0,0,0,0,0,0,0,0,0,0,0,0,0,0,0,0,0,0,0,0,0,0,0,1,1,1,0,0,0,0,0,0,0,0,0,0,0,0,1,1,0,0,0,0,0,0,0,0,0,0,0,0,0,,0,0,1,0,0,0,2025007915,3,,1,02,,E,1,0376,55,,584,PENN LINCOLN PY,0,
9642,2025007922,11,02,02301,68B03,2024,12,2,,,,3,2,7,2,00,0,2,00,0,0,1,1,1,0,0,0,0,0,1,0,0,0,0,0,,0,0,0,0,0,0,0,0,0,0,0,0,0,0,0,0,0,0,0,0,0,0,0,0,0,40 29:27.152,80 00:36.300,40.490876,-80.010083,,,,N,,,,,0,,,,,,,,,,,,2025007922,1,1,0,0,0,0,0,1,0,0,0,0,1,1,0,1,0,0,0,1,0,0,0,0,0,0,0,0,0,0,0,0,1,0,0,0,0,0,0,0,0,0,0,0,0,0,0,0,0,0,0,0,0,0,0,0,0,0,0,0,0,0,0,1,0,0,0,0,1,0,0,0,0,0,0,0,0,0,0,0,1,0,,0,0,1,0,0,0,2025007922,3,,1,02,,S,1,0279,50,,1892,NORTH HILLS EX,0,
9643,2025007927,11,02,02419,68B03,2024,12,5,,,,3,1,1,1,00,0,2,00,0,0,2,2,2,0,0,0,0,0,2,0,0,0,0,0,,0,0,0,0,0,0,0,0,0,0,0,0,0,0,0,0,0,0,0,0,0,0,0,1,0,40 26:20.922,79 51:41.414,40.439145,-79.861504,,,3,N,,,,N,0,,,,,,,,,,,,2025007927,1,1,0,0,0,0,0,0,0,0,1,0,0,0,0,1,0,0,0,1,0,0,0,0,0,0,0,0,0,0,0,0,0,0,0,0,0,0,0,0,0,0,0,0,0,0,0,0,0,0,0,0,0,0,0,0,0,0,1,0,0,0,0,0,0,0,0,0,1,0,0,0,0,0,0,0,0,0,0,0,1,0,,0,0,1,0,0,0,2025007927,3,,1,02,,E,1,0376,55,,2249,PENN LINCOLN PY,0,
9644,2025007930,11,02,02212,68B03,2024,12,6,,,,3,1,5,1,00,0,2,00,0,0,2,2,2,1,0,0,0,1,0,0,0,0,1,0,,0,1,0,0,0,0,0,0,0,0,0,0,0,0,0,1,8,0,0,0,0,0,1,0,0,40 39:02.912,80 05:40.328,40.650809,-80.094536,,,,Y,,,,,0,,,,,,,,,,,,2025007930,1,1,0,0,0,0,0,0,0,0,0,0,0,0,0,0,0,1,0,1,0,0,0,0,0,0,0,0,0,0,0,0,0,0,0,0,0,1,0,0,0,0,0,0,0,0,0,0,0,0,0,1,0,0,1,0,0,0,0,0,0,0,0,0,0,0,0,1,1,0,0,0,0,1,1,0,0,0,0,0,0,0,,0,0,1,0,0,0,2025007930,3,,1,02,,S,1,0079,65,,1371,RAYMOND P SHAFER HW,1,
9645,2025008064,11,02,02213,02213,2024,12,6,,,,3,1,1,1,00,0,2,07,0,0,3,4,3,0,0,0,1,0,2,0,0,0,0,0,,0,0,0,0,0,0,0,0,0,0,0,0,0,0,0,0,0,1,0,0,0,0,1,0,0,40 31:34.900,80 14:57.450,40.526361,-80.249292,,,,N,,,,,0,,,,,,,,,,,,2025008064,0,1,0,0,0,0,0,0,0,0,1,0,0,0,0,1,0,0,0,1,0,0,0,0,0,0,0,0,0,0,0,0,0,0,0,0,0,0,0,0,0,0,0,0,0,0,0,0,0,0,0,0,0,0,0,0,1,0,0,0,0,0,0,0,0,0,0,1,1,0,0,0,0,0,0,0,0,0,0,0,0,0,,0,0,0,0,0,0,2025008064,3,,3,02,,E,2,3089,45,,224,FLAUGHERTY RUN RD,0,
9646,2025008065,11,02,02213,02213,2024,12,4,,,,3,1,1,1,00,2,2,00,0,0,2,2,2,2,0,0,0,0,0,0,0,0,0,0,,0,0,0,0,0,0,0,0,0,0,0,0,0,0,0,0,0,0,0,0,0,0,0,0,0,40 32:00.519,80 11:33.695,40.533478,-80.192693,,,,N,,,,,0,,,,,,,,,,,,2025008065,0,1,0,0,0,0,0,0,0,0,1,0,0,0,0,1,0,0,0,1,0,0,0,0,0,0,0,0,0,0,0,0,0,0,0,0,0,0,0,0,0,0,0,0,0,0,0,0,0,0,0,0,0,0,0,0,0,0,0,0,0,0,1,0,0,0,0,0,1,0,0,0,0,0,0,0,0,0,0,0,0,0,,0,0,0,0,0,0,2025008065,3,,3,02,,S,2,0051,45,,6,UNIVERSITY BL,0,
9647,2025008188,11,02,02301,02301,2024,12,3,,,,3,98,4,1,00,0,2,00,0,0,2,2,2,0,0,0,1,0,1,0,0,1,0,0,,0,0,0,1,0,0,0,0,0,0,0,0,0,0,0,0,1,0,0,0,0,0,1,0,0,40 27:53.967,80 01:37.566,40.464991,-80.027102,,,1,N,2,0,,Y,0,,,,,,,,,,,,2025008188,0,1,0,0,0,0,0,0,0,0,0,0,0,0,0,0,1,0,1,1,0,0,0,0,0,0,0,0,0,0,0,0,0,0,0,0,0,0,0,0,0,0,0,0,0,0,0,0,0,0,0,0,0,0,0,0,0,0,0,0,1,0,0,0,0,0,0,1,1,0,0,0,0,1,0,0,0,0,0,0,0,0,,0,0,0,0,0,0,2025008188,3,,3,02,,N,2,0019,35,,700,MARSHALL AV,0,
9648,2025008290,11,02,02301,02301,2024,12,5,,,,2,1,8,1,01,1,2,00,0,0,2,2,1,0,0,0,0,1,0,0,0,1,0,0,,0,0,0,0,0,0,0,0,0,0,0,0,1,1,0,1,1,0,0,0,0,0,1,0,0,40 26:30.997,79 57:46.196,40.441944,-79.962832,,,2,N,2,0,,Y,0,,,,,,,,,,,,2025008290,0,0,1,1,0,0,0,0,0,0,0,0,0,0,0,0,1,0,1,0,1,1,0,0,0,0,0,0,0,0,0,0,0,0,0,0,0,1,0,0,0,0,0,0,0,0,0,0,0,0,0,0,0,0,0,0,0,0,0,0,0,1,0,0,0,0,0,1,1,0,0,0,0,1,1,0,0,0,0,0,1,0,,0,0,0,0,0,0,2025008290,3,,3,02,,N,4,AICX,25,,,DARRAGH ST,0,
9649,2025008546,11,02,02213,02213,2024,11,7,,,,3,9,7,5,00,0,2,00,0,0,1,1,1,1,0,0,0,0,0,0,0,0,1,0,,1,0,0,0,0,0,0,0,0,0,0,0,0,0,0,0,3,0,0,0,0,0,0,0,0,40 29:44.900,80 11:02.300,40.495806,-80.183972,,,7,N,,,,N,0,,,,,,,,,,,,2025008546,0,0,1,1,0,1,0,0,0,0,0,0,1,1,0,0,0,1,0,1,0,0,0,0,0,0,0,0,0,0,1,0,0,0,0,0,0,0,0,0,0,0,0,0,0,0,0,0,0,0,0,0,0,0,0,0,0,0,0,0,0,0,0,1,0,0,0,0,1,0,0,0,0,1,0,0,0,0,0,0,0,1,,0,0,0,0,0,0,2025008546,3,,,02,,S,4,,25,,,EWING RD,1,
9650,2025008547,11,02,02213,02213,2024,11,7,,,,7,9,1,1,00,0,2,00,0,0,2,2,2,1,0,0,1,0,0,0,0,0,1,0,,1,0,0,0,0,0,0,0,0,0,0,0,0,0,0,0,3,0,0,0,0,0,1,0,1,40 27:22.771,80 10:47.256,40.456325,-80.179793,,,,N,,,,,0,,,,,,,,,,,,2025008547,0,1,0,0,0,1,0,0,0,0,1,0,0,0,0,0,0,1,0,1,0,0,0,0,0,0,0,0,0,0,0,0,0,0,0,0,0,0,0,0,0,0,0,0,0,0,0,0,0,0,0,0,0,0,1,0,0,0,0,1,0,0,0,1,0,0,0,1,1,0,0,0,0,1,0,0,0,0,0,0,0,1,,0,0,0,0,0,0,2025008547,3,,3,02,,E,2,3072,45,,21,MONTOUR RUN RD,1,
9651,2025008548,11,02,02213,02213,2024,11,2,,,,3,1,4,1,02,0,2,00,0,0,2,2,2,0,0,0,0,0,1,1,0,0,1,0,,1,0,0,1,0,0,0,0,0,0,0,0,0,0,0,0,3,0,0,0,0,0,0,0,1,40 30:46.486,80 13:34.321,40.512913,-80.2262,,,7,N,,,,Y,0,,,,,,,,,,,,2025008548,0,1,1,0,0,0,0,0,0,0,0,0,0,0,0,0,0,1,0,0,1,0,0,1,0,0,0,0,0,0,0,0,0,0,0,0,0,0,0,0,0,0,0,0,0,0,0,0,0,0,0,0,0,0,1,0,0,0,0,1,1,0,0,0,0,0,0,0,1,0,0,0,0,1,0,0,0,0,0,0,0,1,,0,0,0,0,0,0,2025008548,4,,,02,,S,4,,25,,,ROSEMONT DR,1,
9652,2025008549,11,02,02213,02213,2024,12,2,,,,3,1,4,1,02,0,2,00,0,0,2,4,2,1,0,0,0,0,0,1,0,0,1,0,,1,0,0,0,0,0,0,0,0,0,0,0,0,0,0,0,3,0,0,0,0,0,0,0,1,40 32:35.434,80 13:01.051,40.543176,-80.216959,,,,N,,,,,0,,,,,,,,,,,,2025008549,0,1,1,0,0,0,0,0,0,0,0,0,0,0,0,0,0,1,0,0,1,0,0,1,0,0,0,0,0,0,0,0,0,0,0,0,0,0,0,0,0,0,0,0,0,0,1,0,0,0,0,0,0,0,1,0,0,0,0,1,0,0,0,1,0,0,0,0,0,0,0,0,0,1,0,0,0,0,0,0,0,1,,0,1,0,0,0,0,2025008549,4,,,02,,W,4,,15,,,AIRLANE DR,1,
9653,2025008550,11,02,02213,02213,2024,12,3,,,,3,1,4,1,01,2,2,00,0,0,2,4,2,1,0,0,1,0,0,0,0,0,0,0,,0,0,0,0,0,0,0,0,0,0,0,0,0,0,0,0,0,0,1,0,0,0,0,0,0,40 30:13.112,80 13:20.511,40.503642,-80.222364,,,2,N,,,,N,0,,,,,,,,,,,,2025008550,0,1,1,0,0,0,0,0,0,0,0,0,0,0,0,1,0,0,0,0,1,1,0,0,0,0,0,0,0,0,0,0,0,0,0,0,0,0,0,0,0,0,0,0,0,0,0,0,0,0,0,0,0,0,1,0,0,1,0,0,0,0,0,0,0,0,0,0,1,0,0,0,0,0,0,0,0,0,0,0,1,0,,0,0,0,0,0,0,2025008550,5,,,02,,E,4,,,,,PORT AUTHORITY DR,0,
9654,2025008672,11,02,02434,68B03,2024,12,3,,,,3,1,1,1,00,0,2,00,0,0,4,5,3,2,0,0,0,0,1,0,0,0,0,0,,0,0,0,0,0,0,0,0,0,0,0,0,0,0,0,0,0,0,0,0,0,0,0,0,1,40 31:16.694,80 08:33.476,40.521304,-80.142632,,,2,N,,,,N,0,,,,,,,,,,,,2025008672,0,1,0,0,0,0,0,0,0,0,1,0,0,0,0,1,0,0,0,1,0,0,0,0,0,0,0,0,0,0,0,0,0,0,0,0,0,0,0,0,1,0,0,0,0,0,0,0,0,0,0,0,0,0,0,0,0,0,0,1,0,0,0,0,0,0,0,0,1,0,0,0,0,0,0,0,0,0,0,0,0,0,,0,0,1,0,0,0,2025008672,3,,2,02,,S,2,0065,45,,605,OHIO RIVER BL,0,
9655,2025009066,11,02,02213,02213,2024,12,7,,,,3,1,1,1,00,2,2,00,0,0,3,3,3,1,0,0,0,0,2,0,0,0,2,0,,1,1,0,0,0,0,0,0,0,0,0,0,0,0,0,0,3,0,0,0,1,0,0,0,1,40 30:33.692,80 13:22.928,40.509359,-80.223036,,,5,N,,,,N,0,,,,,,,,,,,,2025009066,0,1,0,0,0,0,0,0,0,0,1,0,0,0,0,0,0,1,0,1,0,0,0,0,0,0,0,0,0,0,0,0,0,0,0,0,0,0,0,0,0,0,0,0,0,0,0,0,0,0,0,0,0,1,1,0,0,0,0,1,0,0,0,0,0,1,0,0,1,0,0,0,0,1,0,0,0,0,0,0,0,1,,0,0,0,0,0,0,2025009066,3,,3,02,,S,2,3109,35,,1133,UNIVERSITY BL,2,
9656,2025009419,11,02,02301,68B03,2024,09,1,,,,3,1,1,1,00,0,2,00,0,0,3,5,3,2,0,0,0,0,1,0,0,0,1,0,,1,0,0,0,0,0,0,0,0,0,0,0,0,0,0,0,3,0,0,0,0,0,2,0,0,40 25:44.699,79 56:26.750,40.429083,-79.940764,,,3,N,,,,N,0,,,,,,,,,,,,2025009419,1,1,0,0,0,0,0,0,0,0,1,0,0,0,0,0,0,1,0,1,0,0,0,0,0,0,0,0,0,0,0,0,1,0,1,0,0,0,0,0,0,1,1,0,0,1,0,0,0,0,0,0,0,0,0,0,0,0,0,0,0,0,1,0,0,0,0,1,1,0,0,0,0,1,0,1,0,0,0,0,0,1,,0,0,1,0,0,0,2025009419,3,,1,02,,E,1,0376,55,,1839,PENN LINCOLN PY,1,
9657,2025009420,11,02,02301,68B03,2024,10,4,,,,3,1,4,1,00,0,2,00,0,0,2,2,2,0,1,0,0,0,1,0,0,0,1,0,,1,0,0,1,0,0,0,0,0,0,0,0,0,0,0,0,3,0,0,0,1,0,0,0,0,40 23:46.460,79 59:52.440,40.396239,-79.9979,,,6,N,,,,N,0,,,,,,,,,,,,2025009420,0,0,1,1,0,0,0,0,0,0,0,0,0,0,0,0,0,1,0,1,0,0,0,0,0,0,0,0,0,0,0,0,0,0,0,1,0,0,0,0,0,0,0,0,0,0,0,0,0,0,0,0,0,0,0,0,0,0,0,0,1,0,0,0,0,1,0,0,1,0,0,0,0,1,0,0,0,0,0,0,0,1,,0,0,1,0,0,0,2025009420,3,,3,02,,E,4,AGMP,25,,,COLERAIN ST,1,
9658,2025009421,11,02,02212,68B03,2024,11,2,,,,3,1,7,4,00,0,2,00,0,0,2,3,2,1,0,0,0,1,0,0,0,1,1,1,,0,0,0,2,1,1,0,0,0,0,0,0,0,0,0,1,1,0,0,0,1,0,1,0,0,40 38:03.240,80 05:52.949,40.634233,-80.098041,,,2,Y,1,0,,Y,0,,,,,,,,,,,,2025009421,1,1,0,0,0,0,0,0,0,0,0,0,1,1,0,0,1,1,1,1,0,0,0,0,0,0,0,0,0,0,0,0,1,0,1,0,0,1,0,0,0,1,1,1,0,0,0,0,0,0,0,1,1,1,1,0,0,0,0,0,1,0,0,0,0,1,0,1,1,0,0,0,0,1,1,1,0,0,0,0,1,0,,1,0,1,0,0,0,2025009421,3,,1,02,,S,1,0079,65,,599,RAYMOND P SHAFER HW,1,
9659,2025009436,11,02,02301,68B03,2024,12,3,,,,3,9,1,1,00,7,2,00,0,0,2,3,2,0,0,0,0,0,2,0,0,0,2,0,,0,2,0,0,0,0,0,0,0,0,0,0,0,0,0,0,8,0,0,0,0,0,0,0,0,40 28:57.895,80 00:26.629,40.482749,-80.007397,,,1,N,,,,Y,0,,,,,,,,,,,,2025009436,1,1,0,0,0,1,0,0,0,0,1,0,0,0,0,0,0,1,0,1,0,0,0,0,0,0,0,0,0,0,0,0,0,0,0,0,0,0,0,0,0,1,1,0,0,0,0,0,0,0,0,0,0,0,1,0,0,0,0,0,0,0,0,0,0,0,0,0,1,0,1,0,1,1,0,1,0,1,0,1,1,0,,0,0,1,0,0,0,2025009436,3,,1,02,,N,1,0279,50,,586,NORTH HILLS EX,2,
9660,2025009710,11,02,02301,68B03,2024,11,6,,,,3,1,7,4,00,0,2,00,0,0,1,2,1,1,0,0,0,0,0,0,0,0,0,0,,0,0,0,0,0,0,0,0,0,0,0,0,0,0,0,0,0,0,0,0,0,0,0,0,0,40 25:32.043,79 54:18.145,40.425568,-79.90504,,,3,N,,,,N,0,,,,,,,,,,,,2025009710,1,1,0,0,0,0,0,0,0,0,0,0,1,1,0,1,0,0,0,1,0,0,0,0,0,0,0,0,1,0,0,0,1,0,0,0,0,0,0,0,0,0,0,0,0,0,0,0,0,0,0,0,1,1,1,0,0,0,0,0,0,0,0,0,0,0,0,0,1,0,0,0,0,0,0,0,0,0,0,0,1,0,,0,0,1,0,0,0,2025009710,3,,1,02,,E,1,0376,55,,771,PENN LINCOLN PY,0,
9661,2025009885,11,02,02403,02403,2024,10,5,,,,3,1,8,1,03,0,2,00,0,0,2,2,1,0,0,0,0,0,1,0,0,0,1,1,,0,0,0,0,0,0,0,1,0,0,0,0,1,0,1,0,2,0,0,0,0,0,0,0,0,40 21:00.878,79 58:24.891,40.350244,-79.973581,,,7,N,,,,N,0,,,,,,,,,,,,2025009885,0,0,1,1,0,0,0,0,0,0,0,0,0,0,0,0,1,1,0,0,1,0,0,1,0,0,0,0,0,0,0,0,0,0,0,0,0,0,0,0,0,0,0,0,0,0,0,0,0,0,0,0,0,1,1,0,0,0,0,0,0,1,0,1,0,0,0,0,0,0,0,0,0,1,0,0,0,0,0,0,0,0,,1,0,0,0,0,0,2025009885,3,,3,02,,N,4,AJ4P,25,,,NURNBERGER DR,1,
9662,2025010520,11,02,02301,68B03,2024,11,6,,,,3,1,5,1,00,0,2,00,0,0,2,4,2,1,0,0,0,0,1,0,0,0,0,0,,0,0,0,0,0,0,0,0,0,0,0,0,0,0,0,0,0,0,0,0,0,0,0,0,0,40 26:06.679,79 59:00.250,40.435189,-79.983403,,,4,N,,,,N,0,,,,,,,,,,,,2025010520,1,1,0,0,0,0,0,0,0,0,0,0,0,0,0,1,0,0,0,1,0,0,0,0,0,0,0,0,0,0,0,0,0,0,0,0,0,0,0,0,0,0,0,0,0,0,0,0,0,0,0,0,0,0,1,0,0,0,0,0,0,0,0,0,0,0,0,0,1,0,0,0,0,0,0,0,0,0,0,0,1,0,,0,0,1,0,0,0,2025010520,3,,1,02,,W,1,0376,55,,2351,PENN LINCOLN PY,0,
9663,2025011073,11,02,02301,02301,2024,12,1,,,,3,1,7,4,00,0,2,00,0,0,1,1,1,1,0,0,0,0,0,0,0,0,1,0,,0,1,0,0,0,0,0,0,0,0,0,0,0,0,0,0,8,0,0,0,0,0,0,0,0,40 27:12.000,79 59:06.200,40.453333,-79.985056,,,,N,,,,,0,,,,,,,,,,,,2025011073,0,0,1,1,0,0,0,0,0,0,0,0,1,1,0,0,0,1,0,1,0,0,0,0,0,0,0,0,0,1,0,0,0,0,0,0,0,0,0,0,0,1,1,0,0,0,0,0,0,0,0,0,0,0,0,0,0,0,0,0,0,0,0,0,0,0,0,0,1,0,0,0,0,1,0,1,0,0,0,0,1,0,,0,0,0,0,0,0,2025011073,3,,,02,,N,4,,25,,,21ST ST,1,
9664,2025011258,11,02,02126,68B03,2024,12,1,,,,7,9,7,3,00,0,2,00,0,0,1,1,1,0,0,0,0,0,1,0,0,0,0,0,,0,0,0,0,0,0,0,0,0,0,0,0,0,0,0,0,0,0,0,0,0,0,1,0,0,40 27:13.032,80 06:41.143,40.45362,-80.111429,,,,N,,,,,0,,,,,,,,,,,,2025011258,1,1,0,0,0,1,0,0,0,0,0,0,1,1,0,1,0,0,0,1,0,0,0,0,0,0,0,0,0,0,0,0,1,0,0,0,0,0,0,0,0,0,0,0,0,0,0,0,0,0,0,0,0,1,1,0,0,0,0,0,0,0,1,0,0,0,0,1,1,0,0,0,0,0,0,0,0,0,0,0,0,0,,0,0,1,0,0,0,2025011258,3,,1,02,,S,1,0079,55,,1707,RAYMOND P SHAFER HW,0,
9665,2025011259,11,02,02119,68B03,2024,12,1,,,,7,9,7,4,00,0,2,00,0,0,1,1,1,0,0,0,0,0,1,0,0,0,0,0,,0,0,0,0,0,0,0,0,0,0,0,0,0,0,0,0,0,0,0,0,0,0,0,0,0,40 21:22.681,80 07:05.787,40.3563,-80.118274,,,1,Y,,,,N,0,,,,,,,,,,,,2025011259,1,1,0,0,0,1,0,0,0,0,0,0,1,1,0,1,0,0,0,1,0,0,0,0,0,0,0,0,0,0,1,0,0,0,0,0,0,0,0,0,0,0,0,0,0,0,0,0,0,0,0,0,0,0,0,0,0,0,0,0,0,0,0,0,0,0,0,0,1,0,0,0,0,0,0,0,0,0,0,0,1,0,,0,0,1,0,0,0,2025011259,3,,1,02,,N,1,0079,55,,583,RAYMOND P SHAFER HW,0,
9666,2025011260,11,02,02214,68B03,2024,12,1,,,,2,2,7,4,00,0,1,00,0,0,1,1,1,0,0,0,0,0,1,0,0,0,0,0,,0,0,0,0,0,0,0,0,0,0,0,0,0,0,0,0,0,0,0,0,0,0,0,0,0,40 26:26.638,80 11:10.721,40.440733,-80.186311,,,3,N,,,,N,0,,,,,,,,,,,,2025011260,0,1,0,0,0,0,0,1,0,0,0,0,1,1,0,1,0,0,0,1,0,0,0,0,0,0,0,0,1,0,0,0,1,0,1,0,0,0,0,0,0,0,0,0,0,0,0,0,0,0,0,0,0,0,0,0,0,0,0,0,0,0,0,0,0,0,0,0,1,0,0,0,0,0,0,0,0,0,0,0,1,0,,0,0,1,0,0,0,2025011260,3,,1,02,2,E,2,0022,55,,1734,SR 0022 SH,0,