_id,CRASH_CRN,DISTRICT,CRASH_COUNTY,MUNICIPALITY,POLICE_AGCY,CRASH_YEAR,CRASH_MONTH,DAY_OF_WEEK,TIME_OF_DAY,HOUR_OF_DAY,ILLUMINATION,WEATHER,ROAD_CONDITION,COLLISION_TYPE,RELATION_TO_ROAD,INTERSECT_TYPE,TCD_TYPE,URBAN_RURAL,LOCATION_TYPE,SCH_BUS_IND,SCH_ZONE_IND,TOTAL_UNITS,PERSON_COUNT,VEHICLE_COUNT,AUTOMOBILE_COUNT,MOTORCYCLE_COUNT,BUS_COUNT,SMALL_TRUCK_COUNT,HEAVY_TRUCK_COUNT,SUV_COUNT,VAN_COUNT,BICYCLE_COUNT,FATAL_COUNT,INJURY_COUNT,MAJ_INJ_COUNT,MOD_INJ_COUNT,MIN_INJ_COUNT,UNK_INJ_DEG_COUNT,UNK_INJ_PER_COUNT,UNBELTED_OCC_COUNT,UNB_DEATH_COUNT,UNB_MAJ_INJ_COUNT,BELTED_DEATH_COUNT,BELTED_MAJ_INJ_COUNT,MCYCLE_DEATH_COUNT,MCYCLE_MAJ_INJ_COUNT,BICYCLE_DEATH_COUNT,BICYCLE_MAJ_INJ_COUNT,PED_COUNT,PED_DEATH_COUNT,PED_MAJ_INJ_COUNT,COMM_VEH_COUNT,MAX_SEVERITY_LEVEL,DRIVER_COUNT_16YR,DRIVER_COUNT_17YR,DRIVER_COUNT_18YR,DRIVER_COUNT_19YR,DRIVER_COUNT_20YR,DRIVER_COUNT_50_64YR,DRIVER_COUNT_65_74YR,DRIVER_COUNT_75PLUS,LATITUDE,LONGITUDE,DEC_LAT,DEC_LONG,EST_HRS_CLOSED,LANE_CLOSED,LN_CLOSE_DIR,NTFY_HIWY_MAINT,RDWY_SURF_TYPE_CD,SPEC_JURIS_CD,TCD_FUNC_CD,TFC_DETOUR_IND,WORK_ZONE_IND,WORK_ZONE_TYPE,WORK_ZONE_LOC,CONS_ZONE_SPD_LIM,WORKERS_PRES,WZ_CLOSE_DETOUR,WZ_FLAGGER,WZ_LAW_OFFCR_IND,WZ_LN_CLOSURE,WZ_MOVING,WZ_OTHER,WZ_SHLDER_MDN,FLAG_CRN,INTERSTATE,STATE_ROAD,LOCAL_ROAD,LOCAL_ROAD_ONLY,TURNPIKE,WET_ROAD,SNOW_SLUSH_ROAD,ICY_ROAD,SUDDEN_DEER,SHLDR_RELATED,REAR_END,HO_OPPDIR_SDSWP,HIT_FIXED_OBJECT,SV_RUN_OFF_RD,WORK_ZONE,PROPERTY_DAMAGE_ONLY,FATAL_OR_MAJ_INJ,INJURY,FATAL,NON_INTERSECTION,INTERSECTION,SIGNALIZED_INT,STOP_CONTROLLED_INT,UNSIGNALIZED_INT,SCHOOL_BUS,SCHOOL_ZONE,HIT_DEER,HIT_TREE_SHRUB,HIT_EMBANKMENT,HIT_POLE,HIT_GDRAIL,HIT_GDRAIL_END,HIT_BARRIER,HIT_BRIDGE,OVERTURNED,MOTORCYCLE,BICYCLE,HVY_TRUCK_RELATED,VEHICLE_FAILURE,TRAIN_TROLLEY,PHANTOM_VEHICLE,ALCOHOL_RELATED,DRINKING_DRIVER,UNDERAGE_DRNK_DRV,UNLICENSED,CELL_PHONE,NO_CLEARANCE,RUNNING_RED_LT,TAILGATING,CROSS_MEDIAN,CURVE_DVR_ERROR,LIMIT_65MPH,SPEEDING,SPEEDING_RELATED,AGGRESSIVE_DRIVING,FATIGUE_ASLEEP,DRIVER_16YR,DRIVER_17YR,DRIVER_65_74YR,DRIVER_75PLUS,UNBELTED,PEDESTRIAN,DISTRACTED,CURVED_ROAD,DRIVER_18YR,DRIVER_19YR,DRIVER_20YR,DRIVER_50_64YR,VEHICLE_TOWED,FIRE_IN_VEHICLE,HIT_PARKED_VEHICLE,MC_DRINKING_DRIVER,DRUGGED_DRIVER,INJURY_OR_FATAL,COMM_VEHICLE,IMPAIRED_DRIVER,DEER_RELATED,DRUG_RELATED,HAZARDOUS_TRUCK,ILLEGAL_DRUG_RELATED,ILLUMINATION_DARK,MINOR_INJURY,MODERATE_INJURY,MAJOR_INJURY,NHTSA_AGG_DRIVING,PSP_REPORTED,RUNNING_STOP_SIGN,TRAIN,TROLLEY,ROADWAY_CRN,RDWY_SEQ_NUM,ADJ_RDWY_SEQ,ACCESS_CTRL,ROADWAY_COUNTY,LANE_COUNT,RDWY_ORIENT,ROAD_OWNER,ROUTE,SPEED_LIMIT,SEGMENT,OFFSET,STREET_NAME,TOT_INJ_COUNT,SCHOOL_BUS_UNIT
10111,2025019399,11,02,02301,02301,2024,10,6,,,,3,1,4,1,00,0,2,07,0,0,2,2,2,1,0,0,0,0,1,0,0,0,1,0,,1,0,0,0,0,0,0,0,0,0,0,0,0,0,0,0,3,0,0,0,0,0,0,0,0,40 27:29.700,79 55:20.100,40.45825,-79.92225,,,,N,,,,N,0,,,,,,,,,,,,2025019399,0,0,1,1,0,0,0,0,0,0,0,0,0,0,0,0,0,1,0,1,0,0,0,0,0,0,0,0,0,0,0,0,0,0,0,0,0,0,0,0,0,0,0,0,0,0,0,0,0,0,0,0,0,0,1,0,0,0,0,0,0,0,0,0,0,0,0,0,1,0,0,0,0,1,0,0,0,0,0,0,1,1,,0,0,0,0,0,0,2025019399,3,,,02,2,S,4,,,,,SHADY AV,1,
10112,2025019728,11,02,02301,02301,2024,09,6,,,,3,1,4,1,01,3,2,00,0,0,2,6,2,1,0,0,0,0,0,1,0,0,0,0,,0,0,0,0,0,0,0,0,0,0,0,0,0,0,0,0,0,0,0,0,0,0,0,0,0,40 26:23.942,79 55:10.466,40.439984,-79.919574,,,,N,,,,,0,,,,,,,,,,,,2025019728,0,0,1,1,0,0,0,0,0,0,0,0,0,0,0,1,0,0,0,0,1,0,1,1,0,0,0,0,0,0,0,0,0,0,0,0,0,0,0,0,0,0,0,0,0,0,0,0,0,0,0,0,0,0,0,0,0,0,0,0,0,0,0,0,0,0,0,0,1,0,0,0,0,0,0,0,0,0,0,0,0,0,,0,0,0,0,0,0,2025019728,4,,,02,,E,4,,,,,SHADY AV,0,
10113,2025019731,11,02,02301,02301,2024,12,5,,,,98,1,4,1,00,0,2,07,0,0,2,3,2,0,0,0,0,0,1,1,0,0,2,0,,0,2,0,0,0,0,0,0,0,0,0,0,0,0,0,0,8,0,0,0,0,0,0,0,0,40 25:08.600,79 55:36.700,40.419056,-79.926861,,,5,N,,,,N,0,,,,,,,,,,,,2025019731,0,0,1,1,0,0,0,0,0,0,0,0,0,0,0,0,0,1,0,1,0,0,0,0,0,0,0,0,0,0,0,0,0,0,0,0,0,0,0,0,0,0,0,0,0,0,0,0,0,0,0,0,0,0,1,0,0,0,0,0,0,0,0,0,0,0,0,0,1,0,0,0,0,1,0,0,0,0,0,0,0,0,,0,0,0,0,0,0,2025019731,3,,,02,,S,4,,35,,,BROWNS HILL RD,2,
10114,2025020243,11,02,02301,68B03,2024,10,2,,,,3,1,5,1,00,0,2,03,0,0,3,7,3,0,0,0,1,0,2,0,0,0,0,0,,0,0,0,0,0,0,0,0,0,0,0,0,0,0,0,0,0,0,0,0,0,0,1,0,0,40 26:02.722,79 59:29.001,40.434089,-79.991389,,,4,N,,,,N,0,,,,,,,,,,,,2025020243,1,1,0,0,0,0,0,0,0,0,0,0,0,0,0,1,0,0,0,1,0,0,0,0,0,0,0,0,0,0,0,0,0,0,0,0,0,0,0,0,0,0,0,0,0,0,0,0,0,0,0,0,0,0,1,0,0,0,0,0,0,0,0,0,0,0,0,1,1,0,0,0,0,0,0,0,0,0,0,0,1,0,,0,0,1,0,0,0,2025020243,3,,1,02,,W,1,0376,55,,81,PENN LINCOLN PY,0,
10115,2025020244,11,02,02115,68B03,2024,11,6,,,,7,9,1,1,00,0,2,00,0,0,2,1,2,1,0,0,0,0,0,0,0,0,0,0,,0,0,0,0,0,0,0,0,0,0,0,0,0,0,0,0,0,0,0,0,0,0,0,0,0,40 26:47.463,80 09:55.419,40.446518,-80.165394,,,,N,,,,,0,,,,,,,,,,,,2025020244,1,1,0,0,0,1,0,0,0,0,1,0,0,0,0,1,0,0,0,1,0,0,0,0,0,0,0,0,0,0,0,0,0,0,0,0,0,0,0,0,0,0,0,0,0,0,0,0,0,0,0,0,0,1,1,0,0,0,0,0,0,0,0,0,0,0,0,0,1,0,0,0,0,0,0,0,0,0,0,0,0,0,,0,0,1,0,0,0,2025020244,3,,1,02,2,W,1,0376,55,,366,PENN LINCOLN PY,0,
10116,2025020316,11,02,02301,02301,2024,01,2,,,,3,9,7,4,01,0,2,00,0,0,1,1,1,1,0,0,0,0,0,0,0,0,0,0,,0,0,0,0,0,0,0,0,0,0,0,0,0,0,0,0,0,0,0,0,0,0,0,0,0,40 26:35.351,79 53:48.289,40.443153,-79.896747,,,,N,,,,,0,,,,,,,,,,,,2025020316,0,0,1,1,0,1,0,0,0,0,0,0,1,1,0,1,0,0,0,0,1,0,0,1,0,0,0,0,0,0,0,0,0,0,0,0,0,0,0,0,0,0,0,0,0,0,0,0,0,0,0,0,0,0,0,0,0,0,0,0,0,0,0,0,0,0,0,0,1,0,0,0,0,0,0,0,0,0,0,0,0,0,,0,0,0,0,0,0,2025020316,3,,,02,,E,4,,25,,,BRADDOCK AV,0,
10117,2025020581,11,02,02301,02301,2024,10,2,,,,3,1,8,1,02,2,2,00,0,0,2,2,1,0,0,0,0,0,1,0,0,0,1,0,,1,0,0,0,0,0,0,0,0,0,0,0,1,0,0,0,3,0,0,0,0,0,1,0,0,40 27:07.000,79 55:26.300,40.451944,-79.923972,,,,N,,,,,0,,,,,,,,,,,,2025020581,0,0,1,1,0,0,0,0,0,0,0,0,0,0,0,0,0,1,0,0,1,1,0,0,0,0,0,0,0,0,0,0,0,0,0,0,0,0,0,0,0,0,0,0,0,0,0,0,0,0,0,0,0,0,0,0,0,0,0,0,0,1,0,0,0,0,0,1,0,0,0,0,0,1,0,0,0,0,0,0,0,1,,0,0,0,0,0,0,2025020581,3,,,02,,W,4,,25,,,5TH AV,1,
10118,2025021031,11,02,02301,68B03,2024,08,5,,,,3,1,7,4,00,0,2,00,0,0,1,1,1,0,0,0,1,0,0,0,0,0,1,0,,1,0,0,0,0,0,0,0,0,0,0,0,0,0,0,0,3,0,0,0,0,0,0,0,1,40 29:48.792,80 01:09.112,40.496887,-80.019198,,,,N,,,,,0,,,,,,,,,,,,2025021031,1,1,0,0,0,0,0,0,0,0,0,0,1,1,0,0,0,1,0,1,0,0,0,0,0,0,0,0,0,0,0,1,0,0,0,0,0,0,0,0,0,0,0,0,0,0,0,0,0,0,0,0,0,0,0,0,0,0,0,1,0,0,0,0,0,0,0,0,1,0,0,0,0,1,0,0,0,0,0,0,0,1,,0,0,1,0,0,0,2025021031,3,,1,02,,S,1,0279,55,,2037,NORTH HILLS EX,1,
10119,2025021032,11,02,02414,68B03,2024,08,7,,,,3,9,7,2,00,0,2,00,0,0,1,1,1,1,0,0,0,0,0,0,0,0,0,0,,0,0,0,0,0,0,0,0,0,0,0,0,0,0,0,0,0,0,0,0,1,0,0,0,0,40 21:44.460,80 07:08.661,40.36235,-80.119073,,,2,Y,,,,N,0,,,,,,,,,,,,2025021032,1,1,0,0,0,1,0,0,0,0,0,0,1,1,0,1,0,0,0,1,0,0,0,0,0,0,0,0,0,0,1,0,0,0,0,0,0,0,0,0,0,0,0,0,0,0,0,0,0,0,0,0,0,1,1,0,0,0,0,0,0,0,0,0,0,1,0,0,1,0,0,0,0,0,0,0,0,0,0,0,1,0,,0,0,1,0,0,0,2025021032,3,,1,02,,S,1,0079,55,,136,RAYMOND P SHAFER HW,0,
10120,2025021033,11,02,02215,68B03,2024,09,2,,,,7,9,7,4,00,0,2,00,0,1,1,1,1,0,0,0,0,0,1,0,0,0,1,0,,1,0,0,0,0,0,0,0,0,0,0,0,0,0,0,0,3,0,0,0,0,0,0,0,0,40 32:32.712,80 04:54.982,40.54242,-80.081939,,,,Y,,,,,0,,,,,,,,,,,,2025021033,1,1,0,0,0,1,0,0,0,0,0,0,1,1,0,0,0,1,0,1,0,0,0,0,0,1,0,0,0,0,0,0,1,0,0,0,0,0,0,0,0,0,0,0,0,0,0,0,0,0,0,0,0,1,1,0,0,0,0,0,0,0,0,0,0,0,0,0,1,0,0,0,0,1,0,0,0,0,0,0,0,1,,0,0,1,0,0,0,2025021033,3,,1,02,,S,1,0279,55,,1687,NORTH HILLS EX,1,
10121,2025021035,11,02,02102,68B03,2024,11,6,,,,3,1,5,1,00,0,2,00,0,0,2,2,2,1,0,0,0,1,0,0,0,0,0,0,,0,0,0,0,0,0,0,0,0,0,0,0,0,0,0,1,0,0,0,1,0,0,0,0,0,40 23:48.582,80 06:13.700,40.396828,-80.103806,,,,N,,,,,0,,,,,,,,,,,,2025021035,1,1,0,0,0,0,0,0,0,0,0,0,0,0,0,1,0,0,0,1,0,0,0,0,0,0,0,0,0,0,0,0,0,0,0,0,0,1,0,0,0,0,0,0,0,0,0,0,0,0,0,0,0,1,1,0,0,0,0,0,0,0,0,0,1,0,0,0,1,0,0,0,0,0,1,0,0,0,0,0,1,0,,0,1,1,0,0,0,2025021035,3,,1,02,,S,1,0079,55,,1052,RAYMOND P SHAFER HW,0,
10122,2025021036,11,02,02115,68B03,2024,12,3,,,,3,1,1,1,00,0,2,00,0,0,2,2,2,1,0,0,1,0,0,0,0,0,0,0,,0,0,0,0,0,0,0,0,0,0,0,0,0,0,0,0,0,0,0,0,0,0,0,0,1,40 25:24.791,80 06:25.588,40.423553,-80.107108,,,3,N,,,,N,0,,,,,,,,,,,,2025021036,1,1,0,0,0,0,0,0,0,0,1,0,0,0,0,1,0,0,0,1,0,0,0,0,0,0,0,0,0,0,0,0,0,0,0,0,0,0,0,0,0,0,0,0,0,0,0,0,0,0,0,0,0,1,1,0,0,0,0,1,0,0,0,0,0,0,0,0,1,0,0,0,0,0,0,0,0,0,0,0,0,0,,0,0,1,0,0,0,2025021036,3,,1,02,,E,1,0376,55,,663,PENN LINCOLN PY,0,
10123,2025021038,11,02,02301,68B03,2024,07,6,,,,3,1,7,2,00,0,2,00,0,0,1,1,1,1,0,0,0,0,0,0,0,0,0,0,,0,0,0,0,0,0,0,0,0,0,0,0,0,0,0,0,0,0,0,0,0,0,0,0,0,40 27:17.048,79 59:51.943,40.454736,-79.997762,,,,N,,,,,0,,,,,,,,,,,,2025021038,1,1,0,0,0,0,0,0,0,0,0,0,1,1,0,1,0,0,0,1,0,0,0,0,0,0,0,0,0,0,0,0,1,0,0,0,0,0,0,0,0,0,0,0,0,0,0,0,0,0,0,0,0,1,1,1,0,0,0,0,0,0,0,0,0,0,0,0,1,0,0,0,0,0,0,0,0,0,0,0,1,0,,0,0,1,0,0,0,2025021038,3,,1,02,,S,1,0279,50,,415,EAST STREET VALLEY ET,0,
10124,2025021245,11,02,02301,02301,2024,07,7,,,,3,1,6,1,00,0,2,00,0,0,2,2,2,0,0,0,0,0,1,1,0,0,1,0,,0,1,0,0,0,0,0,0,0,0,0,0,0,0,0,0,8,0,0,0,0,0,1,0,0,40 22:53.348,79 55:40.221,40.381486,-79.927839,,,5,N,,,,Y,0,,,,,,,,,,,,2025021245,0,1,0,0,0,0,0,0,0,0,0,1,0,0,0,0,0,1,0,1,0,0,0,0,0,0,0,0,0,0,0,0,0,0,0,0,0,0,0,0,0,1,1,0,0,0,0,0,0,0,0,0,0,0,0,0,0,0,0,0,0,0,0,0,0,0,0,1,1,0,0,0,1,1,0,1,0,1,0,1,0,0,,0,0,0,0,0,0,2025021245,3,,3,02,,N,2,0885,30,,888,MIFFLIN RD,1,
10125,2025021263,11,02,02301,02301,2024,07,2,,,,3,1,8,1,02,3,2,00,0,0,2,2,1,0,0,0,1,0,0,0,0,0,1,0,,0,0,0,0,0,0,0,0,0,0,0,0,1,0,0,0,4,0,0,0,0,0,0,0,0,40 26:30.523,79 57:38.595,40.441812,-79.960721,,,2,N,,,,Y,0,,,,,,,,,,,,2025021263,0,0,1,1,0,0,0,0,0,0,0,0,0,0,0,0,0,1,0,0,1,0,1,1,0,0,0,0,0,0,0,0,0,0,0,0,0,0,0,0,0,0,0,0,0,0,0,0,0,0,0,0,0,0,1,0,0,0,0,0,0,1,0,0,0,0,0,0,0,0,0,0,0,1,0,0,0,0,0,0,0,0,,0,0,0,0,0,0,2025021263,4,,3,02,,E,4,AIGX,25,,,VICTORIA ST,1,
10126,2025021265,11,02,02301,02301,2024,07,1,,,,3,1,1,1,03,2,2,00,0,0,2,3,2,1,0,0,0,0,1,0,0,0,0,0,,0,0,0,0,0,0,0,0,0,0,0,0,0,0,0,0,0,0,0,0,0,0,0,1,0,40 27:27.076,79 57:19.897,40.457521,-79.955527,,,,N,,,,,0,,,,,,,,,,,,2025021265,0,1,1,0,0,0,0,0,0,0,1,0,0,0,0,1,0,0,0,0,1,1,0,0,0,0,0,0,0,0,0,0,0,0,0,0,0,0,0,0,0,0,0,0,0,0,0,0,1,0,0,0,0,0,1,0,0,0,1,0,0,0,1,0,0,0,0,0,1,0,0,0,0,0,0,0,0,0,0,0,0,0,,0,0,0,0,0,0,2025021265,4,,,02,2,E,4,,25,,,BIGELOW BL,0,
10127,2025021285,11,02,02457,02117,2024,08,7,,,,4,1,7,2,00,0,2,00,0,0,1,1,1,0,0,0,0,0,1,0,0,0,0,0,,0,0,0,0,0,0,0,0,0,0,0,0,0,0,0,0,0,0,0,0,0,0,0,0,0,40 25:38.300,80 05:41.000,40.427306,-80.094722,,,2,N,,,,N,0,,,,,,,,,,,,2025021285,0,0,1,1,0,0,0,0,1,0,0,0,1,1,0,1,0,0,0,1,0,0,0,0,0,0,0,0,0,0,0,0,0,0,0,0,0,0,0,0,0,0,0,0,0,0,0,0,0,0,0,0,0,0,0,0,0,0,0,0,0,0,0,0,0,0,0,0,1,0,0,0,0,0,0,0,1,0,0,0,1,0,,0,0,0,0,0,0,2025021285,3,,,02,2,S,4,,25,,,KINGS HW,0,
10128,2025021421,11,02,02301,02301,2024,12,1,,,,7,9,7,4,00,0,2,00,0,0,1,1,1,0,0,0,0,0,1,0,0,0,0,0,,0,0,1,0,0,0,0,0,0,0,0,0,0,0,0,0,9,0,0,0,0,0,0,0,0,40 25:11.300,80 00:49.500,40.419806,-80.01375,,,5,N,,,,N,0,,,,,,,,,,,,2025021421,0,0,1,1,0,1,0,0,0,0,0,0,1,1,0,0,0,0,0,1,0,0,0,0,0,0,0,0,0,1,0,0,0,0,0,0,0,0,0,0,0,0,0,0,0,0,0,0,0,0,0,0,0,1,1,0,0,0,0,0,0,0,0,0,0,0,0,0,1,0,0,0,0,0,0,0,0,0,0,0,1,0,,0,0,0,0,0,0,2025021421,3,,,02,,S,4,,,,,LENA WY,0,
10129,2025021422,11,02,02301,02301,2024,12,1,,,,7,9,4,5,09,0,2,00,0,0,2,3,1,1,0,0,0,0,0,0,0,0,0,0,,0,0,0,0,0,0,0,0,0,0,0,0,0,0,0,0,0,0,0,0,0,0,0,0,0,40 25:55.600,79 58:48.500,40.432111,-79.980139,,,5,N,,,,N,0,,,,,,,,,,,,2025021422,0,0,1,1,0,1,0,0,0,0,0,0,0,1,0,1,0,0,0,0,1,0,0,1,0,0,0,0,0,0,0,0,0,0,0,0,0,0,0,1,0,0,0,0,0,0,0,0,0,0,0,0,0,0,0,0,0,0,0,0,0,0,0,0,0,0,0,0,1,0,0,0,0,0,0,0,0,0,0,0,1,0,,0,0,0,0,1,0,2025021422,3,,,02,,N,4,,25,,,S 18TH ST,0,
10130,2025021494,11,02,02117,02117,2024,01,7,,,,,1,4,1,00,8,2,07,0,0,3,4,3,2,0,0,1,0,0,0,0,0,1,0,,1,0,0,0,0,0,0,0,0,0,0,0,0,0,0,0,3,0,0,0,0,0,1,0,0,40 23:28.019,80 04:22.487,40.391116,-80.072913,,,,N,,,,,0,,,,,,,,,,,,2025021494,0,1,0,0,0,0,0,0,0,0,0,0,0,0,0,0,0,1,0,1,0,0,0,0,0,0,0,0,0,0,0,0,0,0,0,0,0,0,0,0,0,0,0,0,0,0,0,0,0,0,0,0,0,0,1,0,0,0,0,0,0,0,0,0,0,0,0,1,1,0,0,0,0,1,0,0,0,0,0,0,0,1,,0,0,0,0,0,0,2025021494,3,,3,02,2,W,2,3052,35,,114,GREENTREE RD,1,
10131,2025021554,11,02,02457,02117,2024,08,5,,,,3,1,7,5,00,0,2,00,0,0,1,1,1,0,0,0,0,0,1,0,0,0,0,0,,0,0,0,0,0,0,0,0,0,0,0,0,0,0,0,0,0,0,0,0,0,0,0,0,0,40 25:29.700,80 05:34.700,40.424917,-80.092972,,,,N,,,,,0,,,,,,,,,,,,2025021554,0,0,1,1,0,0,0,0,0,0,0,0,1,1,0,1,0,0,0,1,0,0,0,0,0,0,0,1,0,0,0,0,0,0,0,0,0,0,0,0,0,0,0,0,0,0,0,0,0,0,1,0,1,1,1,0,0,0,0,0,0,0,0,1,0,0,0,0,1,0,0,0,0,0,0,0,0,0,0,0,0,0,,0,0,0,0,0,0,2025021554,3,,3,02,,W,4,AM6R,25,,,KINGS HW,0,
10132,2025021752,11,02,02446,68B03,2024,09,2,,,,7,9,0,1,00,0,2,00,0,0,1,1,1,0,1,0,0,0,0,0,0,0,1,0,,1,0,0,0,0,0,0,0,0,0,0,0,0,0,0,0,3,0,0,0,0,0,1,0,0,40 26:40.823,79 46:14.254,40.444673,-79.770626,,,3,N,,,,N,1,1,4,55,0,,,0,1,,,,2025021752,1,1,0,0,0,1,0,0,0,0,0,0,0,1,1,0,0,1,0,1,0,0,0,0,0,0,0,0,0,0,0,0,0,0,0,1,0,0,0,0,0,0,0,0,0,0,0,0,0,0,0,0,0,1,1,0,0,0,0,0,0,0,0,0,0,0,0,1,1,0,0,0,0,1,0,0,0,0,0,0,0,1,,0,0,1,0,0,0,2025021752,3,,1,02,,E,1,0376,55,,307,PENN LINCOLN PY,1,
10133,2025022119,11,02,02301,02301,2024,11,6,,,,3,1,7,2,00,0,2,00,0,0,1,1,1,0,0,0,0,0,1,0,0,0,1,0,,0,1,0,0,0,0,0,0,0,0,0,0,0,0,0,0,8,0,0,0,0,0,0,0,0,40 26:54.027,80 00:29.530,40.448341,-80.008203,,,4,N,,,,N,0,,,,,,,,,,,,2025022119,0,0,1,1,0,0,0,0,0,0,0,0,1,1,0,0,0,1,0,1,0,0,0,0,0,0,0,0,0,0,1,0,0,0,0,0,0,0,0,0,0,0,0,0,0,0,0,0,0,0,1,0,0,0,0,0,0,0,0,0,0,0,0,1,0,0,0,0,1,0,0,0,0,1,0,0,0,0,0,0,1,0,,0,0,0,0,0,0,2025022119,3,,,02,,N,4,,35,,,REEDSDALE ST,1,
10134,2025022256,11,02,02112,68D02,2024,12,2,,,,3,1,7,5,00,0,2,00,0,0,1,2,1,1,0,0,0,0,0,0,0,0,0,0,,0,0,0,0,0,0,0,0,0,0,0,0,0,0,0,0,0,0,0,0,0,0,0,0,0,40 29:27.483,79 52:37.285,40.490968,-79.877024,,,2,N,,,,N,0,,,,,,,,,,,,2025022256,0,1,0,0,0,0,0,0,0,0,0,0,1,1,0,1,0,0,0,1,0,0,0,0,0,0,0,0,1,0,0,0,0,0,1,0,0,0,0,0,0,0,0,0,0,0,0,0,0,0,1,0,0,0,0,0,0,0,0,0,0,0,0,1,0,0,0,0,1,0,0,0,1,0,0,1,0,1,0,1,1,0,,0,0,1,0,0,0,2025022256,3,,1,02,,S,2,0028,55,,337,ALLEGHENY VALLEY EX,0,
10135,2025022258,11,02,02301,68B03,2024,12,7,,,,3,1,7,3,00,0,2,00,0,0,1,1,1,1,0,0,0,0,0,0,0,0,0,0,,0,0,0,0,0,0,0,0,0,0,0,0,0,0,0,0,0,0,0,0,0,0,0,0,0,40 25:45.289,79 56:27.845,40.429247,-79.941068,,,,N,,,,,0,,,,,,,,,,,,2025022258,1,1,0,0,0,0,0,0,0,0,0,0,1,1,0,1,0,0,0,1,0,0,0,0,0,0,0,0,0,0,0,0,1,0,0,0,0,0,0,0,0,1,1,0,0,0,0,0,0,0,1,0,0,0,0,0,0,0,0,0,0,0,0,1,0,0,0,0,1,0,0,0,1,0,0,1,0,1,0,1,0,0,,0,0,1,0,0,0,2025022258,3,,1,02,,W,1,0376,55,,1733,PENN LINCOLN PY,0,
10136,2025022537,11,02,02419,68B03,2024,10,1,,,,3,1,1,1,00,0,2,00,0,0,2,3,2,0,0,0,0,0,1,1,0,0,0,0,,0,0,0,0,0,0,0,0,0,0,0,0,0,0,0,0,0,0,0,0,0,0,1,0,0,40 26:17.662,79 51:46.956,40.438239,-79.863043,,,4,N,,,,N,0,,,,,,,,,,,,2025022537,1,1,0,0,0,0,0,0,0,0,1,0,0,0,0,1,0,0,0,1,0,0,0,0,0,0,0,0,0,0,0,0,0,0,0,0,0,0,0,0,0,0,0,0,0,0,0,0,1,0,0,0,0,0,1,0,0,0,0,0,0,0,0,0,0,0,0,1,1,0,0,0,0,0,0,0,0,0,0,0,0,0,,0,0,1,0,0,0,2025022537,3,,1,02,,W,1,0376,55,,1830,PENN LINCOLN PY,0,
10137,2025022539,11,02,02435,68B03,2024,12,3,,,,3,1,1,1,00,0,2,00,0,0,3,3,3,1,0,0,0,0,1,1,0,0,1,1,,0,0,0,0,0,0,0,0,0,0,0,0,0,0,0,0,2,0,0,0,0,0,0,0,1,40 24:52.773,80 03:43.933,40.414659,-80.062204,,,,N,,,,,0,,,,,,,,,,,,2025022539,1,1,0,0,0,0,0,0,0,0,1,0,0,0,0,0,1,1,0,1,0,0,0,0,0,0,0,0,0,0,0,0,0,0,0,0,0,0,0,0,0,0,0,0,0,0,0,0,1,0,0,0,0,0,1,0,0,0,0,1,0,0,0,0,0,0,0,0,1,0,0,0,0,1,0,0,0,0,0,0,0,0,,1,0,1,0,0,0,2025022539,3,,1,02,,W,1,0376,55,,1663,PENN LINCOLN PY,1,
10138,2025022657,11,02,02301,02301,2024,07,7,,,,3,1,5,1,00,0,2,00,0,0,2,2,2,1,0,0,0,0,1,0,0,0,0,0,,0,0,0,0,0,0,0,0,0,0,0,0,0,0,0,0,0,0,0,0,1,0,0,0,0,40 26:30.171,79 57:24.268,40.441714,-79.956741,,,1,N,,,,Y,0,,,,,,,,,,,,2025022657,0,1,0,0,0,0,0,0,0,0,0,0,0,0,0,1,0,0,0,1,0,0,0,0,0,0,0,0,0,0,0,0,0,0,0,0,0,0,0,0,0,0,0,0,0,0,0,0,0,0,0,0,0,0,1,0,0,0,0,0,0,0,0,0,0,1,0,0,1,0,0,0,0,0,0,0,0,0,0,0,1,0,,0,0,0,0,0,0,2025022657,3,,3,02,3,E,2,2108,25,,1357,FORBES AV,0,
10139,2025022798,11,02,02301,02301,2024,05,7,,,,3,1,7,4,02,0,2,00,0,0,1,1,1,1,0,0,0,0,0,0,0,0,0,0,,0,0,0,0,0,0,0,0,0,0,0,0,0,0,0,0,0,0,0,0,0,0,0,0,0,40 26:42.756,79 59:30.519,40.44521,-79.991811,,,,N,,,,N,0,,,,,,,,,,,,2025022798,0,0,1,1,0,0,0,0,0,0,0,0,1,1,0,1,0,0,0,0,1,0,0,1,0,0,0,0,0,0,0,0,0,0,0,0,0,0,0,0,0,0,0,0,0,0,0,0,0,0,0,0,0,0,0,0,0,0,0,0,0,0,0,0,0,0,0,0,1,0,0,0,0,0,0,0,0,0,0,0,0,0,,0,0,0,0,0,0,2025022798,4,,3,02,,E,4,AIF7,25,,,TWELFTH ST,0,
10140,2025022886,11,02,02115,68B03,2024,09,6,,,,3,1,1,7,07,0,2,02,0,0,3,3,3,1,0,0,0,0,2,0,0,0,0,0,,0,0,0,0,0,0,0,0,0,0,0,0,0,0,0,0,0,0,0,0,0,0,0,0,0,40 25:10.829,80 06:11.959,40.419675,-80.103322,,,,N,,,,,0,,,,,,,,,,,,2025022886,1,1,0,0,0,0,0,0,0,0,1,0,0,0,0,1,0,0,0,0,1,0,0,1,0,0,0,0,0,0,0,0,0,0,0,0,0,0,0,0,0,0,0,0,0,0,0,0,1,0,0,0,0,1,1,0,0,0,0,0,0,0,0,1,0,0,0,0,1,0,0,0,0,0,0,0,0,0,0,0,0,0,,0,1,1,0,0,0,2025022886,3,,1,02,2,N,1,0079,55,,1956,RAYMOND P SHAFER HW,0,