_id,CRASH_CRN,DISTRICT,CRASH_COUNTY,MUNICIPALITY,POLICE_AGCY,CRASH_YEAR,CRASH_MONTH,DAY_OF_WEEK,TIME_OF_DAY,HOUR_OF_DAY,ILLUMINATION,WEATHER,ROAD_CONDITION,COLLISION_TYPE,RELATION_TO_ROAD,INTERSECT_TYPE,TCD_TYPE,URBAN_RURAL,LOCATION_TYPE,SCH_BUS_IND,SCH_ZONE_IND,TOTAL_UNITS,PERSON_COUNT,VEHICLE_COUNT,AUTOMOBILE_COUNT,MOTORCYCLE_COUNT,BUS_COUNT,SMALL_TRUCK_COUNT,HEAVY_TRUCK_COUNT,SUV_COUNT,VAN_COUNT,BICYCLE_COUNT,FATAL_COUNT,INJURY_COUNT,MAJ_INJ_COUNT,MOD_INJ_COUNT,MIN_INJ_COUNT,UNK_INJ_DEG_COUNT,UNK_INJ_PER_COUNT,UNBELTED_OCC_COUNT,UNB_DEATH_COUNT,UNB_MAJ_INJ_COUNT,BELTED_DEATH_COUNT,BELTED_MAJ_INJ_COUNT,MCYCLE_DEATH_COUNT,MCYCLE_MAJ_INJ_COUNT,BICYCLE_DEATH_COUNT,BICYCLE_MAJ_INJ_COUNT,PED_COUNT,PED_DEATH_COUNT,PED_MAJ_INJ_COUNT,COMM_VEH_COUNT,MAX_SEVERITY_LEVEL,DRIVER_COUNT_16YR,DRIVER_COUNT_17YR,DRIVER_COUNT_18YR,DRIVER_COUNT_19YR,DRIVER_COUNT_20YR,DRIVER_COUNT_50_64YR,DRIVER_COUNT_65_74YR,DRIVER_COUNT_75PLUS,LATITUDE,LONGITUDE,DEC_LAT,DEC_LONG,EST_HRS_CLOSED,LANE_CLOSED,LN_CLOSE_DIR,NTFY_HIWY_MAINT,RDWY_SURF_TYPE_CD,SPEC_JURIS_CD,TCD_FUNC_CD,TFC_DETOUR_IND,WORK_ZONE_IND,WORK_ZONE_TYPE,WORK_ZONE_LOC,CONS_ZONE_SPD_LIM,WORKERS_PRES,WZ_CLOSE_DETOUR,WZ_FLAGGER,WZ_LAW_OFFCR_IND,WZ_LN_CLOSURE,WZ_MOVING,WZ_OTHER,WZ_SHLDER_MDN,FLAG_CRN,INTERSTATE,STATE_ROAD,LOCAL_ROAD,LOCAL_ROAD_ONLY,TURNPIKE,WET_ROAD,SNOW_SLUSH_ROAD,ICY_ROAD,SUDDEN_DEER,SHLDR_RELATED,REAR_END,HO_OPPDIR_SDSWP,HIT_FIXED_OBJECT,SV_RUN_OFF_RD,WORK_ZONE,PROPERTY_DAMAGE_ONLY,FATAL_OR_MAJ_INJ,INJURY,FATAL,NON_INTERSECTION,INTERSECTION,SIGNALIZED_INT,STOP_CONTROLLED_INT,UNSIGNALIZED_INT,SCHOOL_BUS,SCHOOL_ZONE,HIT_DEER,HIT_TREE_SHRUB,HIT_EMBANKMENT,HIT_POLE,HIT_GDRAIL,HIT_GDRAIL_END,HIT_BARRIER,HIT_BRIDGE,OVERTURNED,MOTORCYCLE,BICYCLE,HVY_TRUCK_RELATED,VEHICLE_FAILURE,TRAIN_TROLLEY,PHANTOM_VEHICLE,ALCOHOL_RELATED,DRINKING_DRIVER,UNDERAGE_DRNK_DRV,UNLICENSED,CELL_PHONE,NO_CLEARANCE,RUNNING_RED_LT,TAILGATING,CROSS_MEDIAN,CURVE_DVR_ERROR,LIMIT_65MPH,SPEEDING,SPEEDING_RELATED,AGGRESSIVE_DRIVING,FATIGUE_ASLEEP,DRIVER_16YR,DRIVER_17YR,DRIVER_65_74YR,DRIVER_75PLUS,UNBELTED,PEDESTRIAN,DISTRACTED,CURVED_ROAD,DRIVER_18YR,DRIVER_19YR,DRIVER_20YR,DRIVER_50_64YR,VEHICLE_TOWED,FIRE_IN_VEHICLE,HIT_PARKED_VEHICLE,MC_DRINKING_DRIVER,DRUGGED_DRIVER,INJURY_OR_FATAL,COMM_VEHICLE,IMPAIRED_DRIVER,DEER_RELATED,DRUG_RELATED,HAZARDOUS_TRUCK,ILLEGAL_DRUG_RELATED,ILLUMINATION_DARK,MINOR_INJURY,MODERATE_INJURY,MAJOR_INJURY,NHTSA_AGG_DRIVING,PSP_REPORTED,RUNNING_STOP_SIGN,TRAIN,TROLLEY,ROADWAY_CRN,RDWY_SEQ_NUM,ADJ_RDWY_SEQ,ACCESS_CTRL,ROADWAY_COUNTY,LANE_COUNT,RDWY_ORIENT,ROAD_OWNER,ROUTE,SPEED_LIMIT,SEGMENT,OFFSET,STREET_NAME,TOT_INJ_COUNT,SCHOOL_BUS_UNIT
10200,2025029478,11,02,02301,68B03,2024,08,3,,,,3,1,1,1,00,0,2,08,0,0,2,2,2,0,0,0,0,0,2,0,0,0,0,0,,0,0,0,0,0,0,0,0,0,0,0,0,0,0,0,0,0,0,0,0,0,0,0,0,0,40 26:08.939,79 58:15.301,40.435816,-79.970917,,,3,N,,,0,N,0,,,,,,,,,,,,2025029478,0,1,0,0,0,0,0,0,0,0,1,0,0,0,0,1,0,0,0,1,0,0,0,0,0,0,0,0,0,0,0,0,0,0,0,0,0,0,0,0,0,0,0,0,0,0,0,0,1,0,0,0,0,0,1,0,0,0,0,0,0,0,0,0,0,0,0,0,1,0,0,0,0,0,0,0,0,0,0,0,0,0,,0,0,1,0,0,0,2025029478,3,,1,02,,E,2,8004,20,,586,RAMP V RD,0,
10201,2025029479,11,02,02116,68B03,2024,11,3,,,,3,1,1,1,00,0,2,00,0,0,2,2,2,1,0,0,0,0,1,0,0,0,0,0,,0,0,1,0,0,0,0,0,0,0,0,0,0,0,0,0,9,0,0,0,0,0,0,0,0,40 30:16.640,80 01:47.278,40.504622,-80.029799,,,,N,,,0,,0,,,,,,,,,,,,2025029479,1,1,0,0,0,0,0,0,0,0,1,0,0,0,0,0,0,0,0,1,0,0,0,0,0,0,0,0,0,0,0,0,0,0,0,0,0,0,0,0,0,0,0,0,0,0,0,0,1,0,0,0,0,0,1,0,0,0,0,0,0,0,0,0,0,0,0,0,1,0,0,0,0,0,0,0,0,0,0,0,0,0,,0,0,1,0,0,0,2025029479,3,,1,02,,S,1,0279,55,,897,NORTH HILLS EX,0,
10202,2025029480,11,02,02419,68B03,2024,11,4,,,,7,9,1,1,00,0,2,00,0,0,2,2,2,1,0,0,1,0,0,0,0,0,0,0,,0,0,0,0,0,0,0,0,0,0,0,0,0,0,0,0,0,0,0,0,0,0,0,0,0,40 26:31.576,79 50:14.450,40.442104,-79.837347,,,,N,,,0,,0,,,,,,,,,,,,2025029480,1,1,0,0,0,1,0,0,0,0,1,0,0,0,0,1,0,0,0,1,0,0,0,0,0,0,0,0,0,0,0,0,0,0,0,0,0,0,0,0,0,0,0,0,0,0,0,0,1,0,0,0,0,0,1,0,0,0,0,0,0,0,0,0,0,0,0,0,1,0,0,0,0,0,0,0,0,0,0,0,0,0,,0,0,1,0,0,0,2025029480,3,,1,02,2,E,1,0376,55,,2512,PENN LINCOLN PY,0,
10203,2025029481,11,02,02301,68B03,2024,07,7,,,,3,1,1,1,06,0,2,02,0,0,2,2,2,0,0,0,0,0,2,0,0,0,0,0,,0,0,0,0,0,0,0,0,0,0,0,0,0,0,0,0,0,0,0,0,0,0,1,0,0,40 25:46.571,79 57:24.926,40.429603,-79.956924,,,3,N,,,0,N,0,,,,,,,,,,,,2025029481,1,1,0,0,0,0,0,0,0,0,1,0,0,0,0,1,0,0,0,0,1,0,0,1,0,0,0,0,0,0,0,0,0,0,0,0,0,0,0,0,0,1,1,0,0,0,0,0,1,0,0,0,0,0,1,0,0,0,0,0,0,0,0,0,0,0,0,1,1,0,0,0,0,0,0,1,0,0,0,0,0,0,,0,0,1,0,0,0,2025029481,3,,1,02,,E,1,0376,55,,2572,PENN LINCOLN PY,0,
10204,2025029534,11,02,02301,02301,2024,05,4,,,,3,1,8,1,00,0,2,00,0,0,2,2,1,0,0,0,0,0,0,0,0,0,1,0,,1,0,0,0,0,0,0,0,0,0,0,0,1,0,0,0,3,0,0,0,0,0,0,0,0,40 24:51.400,79 59:17.200,40.414278,-79.988111,,,,N,,,0,,0,,,,,,,,,,,,2025029534,0,0,1,1,0,0,0,0,0,0,0,0,0,0,0,0,0,1,0,1,0,0,0,0,0,0,0,0,0,0,0,0,0,0,0,0,0,0,0,0,0,0,0,0,0,0,0,0,0,0,0,0,0,0,0,0,0,0,0,0,0,1,0,0,0,0,0,0,0,0,0,0,0,1,0,0,0,0,0,0,0,1,,0,0,0,0,0,0,2025029534,3,,,02,,S,4,,25,,,BROWNSVILLE RD,1,
10205,2025029655,11,02,02301,02301,2024,10,5,,,,3,1,8,1,05,0,2,01,0,0,2,2,1,0,0,0,1,0,0,0,0,0,1,1,,0,0,0,0,0,0,0,1,0,0,0,0,1,0,1,0,2,0,0,0,0,0,0,0,0,40 26:11.568,79 59:49.685,40.436547,-79.997135,,,,N,,,0,,0,,,,,,,,,,,,2025029655,0,0,1,1,0,0,0,0,0,0,0,0,0,0,0,0,1,1,0,0,1,0,0,1,0,0,0,0,0,0,0,0,0,0,0,0,0,0,0,0,0,0,0,0,0,0,0,0,0,0,0,0,0,0,1,0,0,0,0,0,0,1,0,0,0,0,0,0,0,0,0,0,0,1,0,0,0,0,0,0,0,0,,1,0,0,0,0,0,2025029655,4,,,02,,W,4,,25,,,COURT PL,1,
10206,2025029689,11,02,02301,02301,2024,07,7,,,,3,1,6,1,00,0,2,00,0,0,3,3,3,3,0,0,0,0,0,0,0,0,0,0,,0,0,0,0,0,0,0,0,0,0,0,0,0,0,0,0,0,0,0,0,0,0,0,0,0,40 25:48.493,79 59:02.053,40.430137,-79.983904,,,,N,,,0,,0,,,,,,,,,,,,2025029689,0,0,1,1,0,0,0,0,0,0,0,1,0,0,0,1,0,0,0,1,0,0,0,0,0,0,0,0,0,0,0,0,0,0,0,0,0,0,0,0,0,0,0,0,0,0,0,0,0,0,0,0,0,0,0,0,0,0,0,0,0,0,0,0,0,0,0,0,1,0,1,0,0,0,0,0,0,0,0,0,1,0,,0,0,0,0,0,0,2025029689,3,,,02,2,W,4,,25,,,MURIEL ST,0,
10207,2025029690,11,02,02301,02301,2024,09,6,,,,3,1,7,4,00,0,2,00,0,0,1,1,1,1,0,0,0,0,0,0,0,0,0,0,,0,0,0,1,0,0,0,0,0,0,0,0,0,0,0,0,0,0,0,0,0,0,1,0,0,40 23:17.756,79 59:32.751,40.388266,-79.992431,,,,N,,,0,,0,,,,,,,,,,,,2025029690,0,0,1,1,0,0,0,0,0,0,0,0,1,1,0,1,0,0,0,1,0,0,0,0,0,0,0,0,0,1,0,0,0,0,0,0,0,0,0,0,0,0,0,0,0,0,0,0,0,0,0,0,0,0,0,0,0,0,0,0,1,0,0,0,0,0,0,1,1,0,0,0,0,0,0,0,0,0,0,0,0,0,,0,0,0,0,0,0,2025029690,3,,3,02,,S,4,AHHZ,25,,,LUCINA AV,0,
10208,2025029691,11,02,02301,02301,2024,11,1,,,,7,9,7,4,03,1,2,00,0,0,1,1,1,0,0,0,1,0,0,0,0,0,0,0,,0,0,0,1,0,0,0,0,0,0,0,0,0,0,0,0,0,0,0,0,0,0,0,1,0,40 25:05.258,79 59:14.630,40.418127,-79.987397,,,,N,,,,,0,,,,,,,,,,,,2025029691,0,0,1,1,0,1,0,0,0,0,0,0,1,1,0,1,0,0,0,0,1,1,0,0,0,0,0,0,0,1,0,0,0,0,0,0,0,0,0,0,0,1,1,0,0,0,0,0,0,0,0,0,0,0,0,0,0,0,1,0,1,0,0,0,0,0,0,0,1,0,0,0,0,0,0,1,0,0,0,0,1,0,,0,0,0,0,0,0,2025029691,3,,3,02,,N,4,AGAI,25,,,JOHN ST,0,
10209,2025029692,11,02,02301,02301,2024,12,5,,,,3,1,7,4,00,0,2,00,0,0,1,1,1,1,0,0,0,0,0,0,0,0,0,0,,0,0,0,0,0,0,0,0,0,0,0,0,0,0,0,0,0,0,0,0,0,0,0,0,0,40 23:58.426,79 59:51.876,40.399563,-79.997743,,,,N,,,0,,0,,,,,,,,,,,,2025029692,0,0,1,1,0,0,0,0,0,0,0,0,1,1,0,1,0,0,0,1,0,0,0,0,0,0,0,0,0,0,0,0,0,0,0,0,0,0,0,0,0,0,0,0,0,0,0,0,0,0,0,0,1,1,1,0,0,0,0,0,0,0,0,0,0,0,0,0,1,0,0,0,0,0,0,0,0,0,0,0,1,0,,0,0,0,0,0,0,2025029692,3,,,02,,E,4,,35,,,NOBLES LN,0,
10210,2025029693,11,02,02301,02301,2024,12,5,,,,3,1,2,1,02,1,2,00,0,0,2,3,2,1,0,0,0,0,1,0,0,0,2,0,,0,2,0,0,0,0,0,0,0,0,0,0,0,0,0,0,8,0,0,0,0,0,1,0,0,40 23:42.359,79 59:12.264,40.3951,-79.98674,,,5,N,,,3,N,0,,,,,,,,,,,,2025029693,0,0,1,1,0,0,0,0,0,0,0,1,0,0,0,0,0,1,0,0,1,1,0,0,0,0,0,0,0,0,0,0,0,0,0,0,0,0,0,0,0,1,1,0,0,0,0,0,0,1,0,0,0,0,0,0,0,0,0,0,0,0,1,0,0,0,0,1,1,0,0,0,0,1,0,1,0,0,0,0,1,0,,0,0,0,0,0,0,2025029693,3,,,02,,W,4,,25,,,AGNEW AV,2,
10211,2025029731,11,02,02113,68B03,2024,12,3,,,,3,1,5,1,00,0,2,00,0,0,2,2,2,1,0,0,0,1,0,0,0,0,1,0,,0,0,0,0,0,0,0,0,0,0,0,0,0,0,0,1,4,0,0,0,0,0,0,0,0,40 26:33.605,79 48:53.789,40.442668,-79.814941,,,3,N,,,0,N,0,,,,,,,,,,,,2025029731,1,1,0,0,0,0,0,0,0,0,0,0,0,0,0,0,0,1,0,1,0,0,0,0,0,0,0,0,0,0,0,0,0,0,0,0,0,1,0,0,0,0,0,0,0,0,0,0,0,0,0,0,0,0,1,0,0,0,0,0,0,0,0,0,0,0,0,0,1,0,0,0,0,1,1,0,0,0,0,0,0,0,,0,0,1,0,0,0,2025029731,3,,1,02,,E,1,0376,55,,1007,PENN LINCOLN PY,1,
10212,2025029791,11,02,02301,02301,2024,07,7,,,,3,1,8,1,00,0,2,00,0,0,2,2,1,1,0,0,0,0,0,0,0,0,1,1,,0,0,0,0,0,0,0,1,0,0,0,0,1,0,1,0,2,0,0,0,0,0,0,0,0,40 26:37.208,80 00:09.266,40.443669,-80.002574,,,1,N,,,0,N,0,,,,,,,,,,,,2025029791,0,0,1,1,0,0,0,0,0,0,0,0,0,0,0,0,1,1,0,1,0,0,0,0,0,0,0,0,0,0,0,0,0,0,0,0,0,0,0,0,0,1,0,0,0,0,0,0,0,0,0,0,0,0,0,0,0,0,0,0,0,1,0,0,0,0,0,0,0,0,0,0,0,1,0,0,0,0,0,0,1,0,,1,0,0,0,0,0,2025029791,3,,,02,,N,4,,35,,,SIXTH ST,1,
10213,2025029793,11,02,02301,02301,2024,07,5,,,,3,1,8,1,00,0,2,00,0,0,2,2,1,1,0,0,0,0,0,0,0,0,1,0,,1,0,0,0,0,0,0,0,0,0,0,0,1,0,0,0,3,0,0,0,0,0,0,1,0,40 26:48.275,79 59:41.520,40.446743,-79.994867,,,,N,,,,,0,,,,,,,,,,,,2025029793,0,1,0,0,0,0,0,0,0,0,0,0,0,0,0,0,0,1,0,1,0,0,0,0,0,0,0,0,0,0,0,0,0,0,0,0,0,0,0,0,0,0,0,0,0,0,0,0,0,0,0,0,0,0,0,0,0,0,1,0,0,1,0,1,0,0,0,0,1,0,0,0,0,1,0,0,0,0,0,0,0,1,,0,0,0,0,0,0,2025029793,3,,3,02,,N,2,2128,35,,3519,11TH ST,1,
10214,2025030046,11,02,02215,68B03,2024,10,6,,,,3,1,0,1,00,0,2,02,0,0,1,2,1,0,1,0,0,0,0,0,0,0,2,1,,1,0,0,0,0,0,0,0,0,1,0,0,0,0,0,0,2,0,0,0,0,0,0,0,0,40 31:24.462,80 04:10.547,40.523462,-80.069596,,,,N,,,,,0,,,,,,,,,,,,2025030046,0,1,0,0,0,0,0,0,0,0,0,0,0,1,0,0,1,1,0,1,0,0,0,0,0,0,0,0,0,0,0,0,0,0,0,1,0,0,0,0,0,0,0,0,0,0,0,0,0,0,0,0,0,0,0,0,0,0,0,0,0,0,0,0,0,0,0,0,0,0,0,0,0,1,0,0,0,0,0,0,0,1,,1,0,1,0,0,0,2025030046,3,,1,02,,S,2,8105,20,,566,RAMP A RD,2,
10215,2025030155,11,02,02102,68B03,2024,10,6,,,,3,1,7,4,09,0,2,00,0,0,1,1,1,0,0,0,0,0,1,0,0,0,0,0,,0,0,0,0,0,0,0,0,0,0,0,0,0,0,0,0,0,0,0,0,0,0,0,0,0,40 25:47.982,80 07:59.837,40.429995,-80.133288,,,,N,,,,,0,,,,,,,,,,,,2025030155,0,1,0,0,0,0,0,0,0,0,0,0,1,1,0,1,0,0,0,0,1,0,0,1,0,0,0,0,0,0,1,0,0,0,0,0,0,0,0,0,0,1,1,0,0,0,0,0,0,0,0,0,0,1,1,0,0,0,0,0,0,0,0,0,0,0,0,0,1,0,0,0,0,0,0,1,0,0,0,0,1,0,,0,0,1,0,0,0,2025030155,3,,1,02,,W,2,8038,20,,196,CAMPBELLS RUN INT/RP C RD,0,
10216,2025030156,11,02,02419,68B03,2024,11,5,,,,6,9,7,4,00,0,2,00,0,0,1,1,1,0,0,0,1,0,0,0,0,0,0,0,,0,0,0,0,0,0,0,0,0,0,0,0,0,0,0,0,0,0,0,0,0,0,0,0,0,40 26:36.041,79 50:22.043,40.443345,-79.839456,,,4,N,,,0,N,0,,,,,,,,,,,,2025030156,1,1,0,0,0,1,0,0,0,0,0,0,1,1,0,1,0,0,0,1,0,0,0,0,0,0,0,0,0,0,1,0,0,0,1,0,0,0,0,0,0,0,0,0,0,0,0,0,0,0,0,0,0,1,1,0,0,0,0,0,0,0,0,0,0,0,0,0,1,0,0,0,0,0,0,0,0,0,0,0,1,0,,0,0,1,0,0,0,2025030156,3,,1,02,,W,1,0376,55,,1713,PENN LINCOLN PY,0,
10217,2025030157,11,02,02446,68B03,2024,12,1,,,,3,1,7,2,00,0,2,03,0,0,1,1,1,0,0,0,0,0,1,0,0,0,0,0,,0,0,0,0,0,0,0,0,0,0,0,0,0,0,0,0,0,0,0,0,0,0,0,0,0,40 26:31.472,79 47:48.899,40.442076,-79.796916,,,4,N,,,,N,0,,,,,,,,,,,,2025030157,1,1,0,0,0,0,0,0,0,0,0,0,1,1,0,1,0,0,0,1,0,0,0,0,0,0,0,0,0,0,0,0,0,1,0,0,0,0,0,0,0,1,1,0,0,0,0,0,0,0,0,0,0,0,0,0,0,0,0,0,0,0,0,0,0,0,0,0,1,0,0,0,0,0,0,1,0,0,0,0,1,0,,0,0,1,0,0,0,2025030157,3,,1,02,,W,1,0376,55,,790,PENN LINCOLN PY,0,
10218,2025030204,11,02,02301,02301,2024,11,6,,,,3,1,8,1,01,0,2,00,0,0,2,2,1,0,0,0,0,0,0,1,0,0,1,0,,1,0,0,0,0,0,0,0,0,0,0,0,1,0,0,0,3,0,0,0,0,0,1,0,0,40 26:14.100,80 00:02.141,40.43725,-80.000595,,,4,N,,,,N,0,,,,,,,,,,,,2025030204,0,1,1,0,0,0,0,0,0,0,0,0,0,0,0,0,0,1,0,0,1,0,0,1,0,0,0,0,0,0,0,0,0,0,0,0,0,0,0,0,0,0,0,0,0,0,0,0,0,0,0,0,0,0,0,0,0,0,0,0,0,1,0,0,0,0,0,1,0,0,0,0,0,1,0,0,0,0,0,0,0,1,,0,0,0,0,0,0,2025030204,4,,,02,,N,4,,25,,,FIRST AV,1,
10219,2025030213,11,02,02301,02301,2024,08,6,,,,3,1,8,1,01,2,2,00,0,0,2,2,1,0,0,0,0,0,1,0,0,0,1,0,,1,0,0,0,0,0,0,0,0,0,0,0,1,0,0,0,3,0,0,0,0,0,1,0,0,40 26:19.327,79 59:50.264,40.438702,-79.997296,,,,N,,,3,,0,,,,,,,,,,,,2025030213,0,0,1,1,0,0,0,0,0,0,0,0,0,0,0,0,0,1,0,0,1,1,0,0,0,0,0,0,0,0,0,0,0,0,0,0,0,0,0,0,0,0,0,0,0,0,0,0,0,0,0,0,0,0,0,0,0,0,0,0,0,1,0,0,0,0,0,1,0,0,0,0,0,1,0,0,0,0,0,0,0,1,,0,0,0,0,0,0,2025030213,4,,,02,,E,4,,35,,,FORBES AV,1,
10220,2025030385,11,02,02117,02117,2024,01,7,,,,3,1,1,6,00,0,2,00,0,0,2,1,2,0,0,0,0,0,2,0,0,0,0,0,,0,0,0,0,0,0,0,0,0,0,0,0,0,0,0,0,0,0,0,0,0,0,0,0,0,40 22:57.069,80 05:08.191,40.382519,-80.085609,,,,N,,,,,0,,,,,,,,,,,,2025030385,0,0,1,1,0,0,0,0,0,0,1,0,0,0,0,1,0,0,0,1,0,0,0,0,0,0,0,0,0,0,0,0,0,0,0,0,0,0,0,0,0,0,0,0,0,1,0,0,0,0,0,0,0,0,0,0,0,0,0,0,0,0,1,1,0,0,0,0,1,0,1,0,0,0,0,0,0,0,0,0,0,0,,0,0,0,0,0,0,2025030385,3,,3,02,,W,4,ADFP,25,,,LINDSAY RD,0,
10221,2025033788,11,02,02117,02117,2024,09,6,,,,3,1,5,1,02,2,2,00,0,0,2,2,2,0,0,0,0,1,1,0,0,0,0,0,,0,0,0,0,0,0,0,0,0,0,0,0,0,0,0,0,0,0,0,0,0,0,1,0,0,40 23:11.436,80 05:32.829,40.38651,-80.092453,,,,N,,,3,,0,,,,,,,,,,,,2025033788,0,1,0,0,0,0,0,0,0,0,0,0,0,0,0,1,0,0,0,0,1,1,0,0,0,0,0,0,0,0,0,0,0,0,0,0,0,1,0,0,0,0,0,0,0,0,0,0,0,0,0,0,0,0,1,0,0,0,0,0,0,0,0,0,0,0,0,1,1,0,0,0,0,0,0,0,0,0,0,0,0,0,,0,0,0,0,0,0,2025033788,3,,3,02,,N,2,0050,40,,1446,WASHINGTON PK,0,
10222,2025033898,11,02,02422,02422,2024,12,3,,,,3,1,1,6,00,0,2,00,0,0,3,1,3,1,0,0,0,0,2,0,0,0,1,0,,1,0,0,0,0,0,0,0,0,0,0,0,0,0,0,0,3,0,0,0,0,0,0,0,0,40 23:56.136,80 02:02.808,40.398927,-80.034113,,,1,N,,,0,N,0,,,,,,,,,,,,2025033898,0,0,1,1,0,0,0,0,0,0,1,0,0,0,0,0,0,1,0,1,0,0,0,0,0,0,0,0,0,0,0,0,0,0,0,0,0,0,0,0,0,0,0,0,0,0,0,0,0,0,0,0,0,0,0,0,0,0,0,0,0,0,1,0,0,0,0,0,1,0,1,0,0,1,0,0,0,0,0,0,1,1,,0,0,0,0,0,0,2025033898,3,,,02,1,N,4,,25,,,NORTH BROADWAY AV,1,
10223,2025033965,11,02,02117,02117,2024,11,4,,,,3,1,1,1,00,2,2,00,0,0,3,3,3,0,0,0,0,0,3,0,0,0,1,0,,1,0,0,0,0,0,0,0,0,0,0,0,0,0,0,0,3,0,0,0,0,0,1,0,0,40 23:27.950,80 04:22.666,40.391097,-80.072963,,,,N,,,,,0,,,,,,,,,,,,2025033965,0,1,0,0,0,0,0,0,0,0,1,0,0,0,0,0,0,1,0,1,0,0,0,0,0,0,0,0,0,0,0,0,0,0,0,0,0,0,0,0,0,0,0,0,0,0,0,0,0,0,0,0,0,0,1,0,0,0,0,0,0,0,0,0,0,0,0,1,1,0,0,0,0,1,0,0,0,0,0,0,0,1,,0,0,0,0,0,0,2025033965,3,,3,02,,W,2,3052,35,,98,GREENTREE RD,1,
10224,2025034112,11,02,02435,68B03,2024,12,3,,,,3,1,1,1,00,0,2,00,0,0,2,2,2,1,0,0,0,0,0,1,0,0,0,0,,0,0,0,0,0,0,0,0,0,0,0,0,0,0,0,0,0,0,0,0,0,0,0,0,0,40 25:15.478,80 02:30.956,40.420966,-80.041932,,,,N,,,,,0,,,,,,,,,,,,2025034112,1,1,0,0,0,0,0,0,0,0,1,0,0,0,0,1,0,0,0,1,0,0,0,0,0,0,0,0,0,0,0,0,0,0,0,0,0,0,0,0,0,0,0,0,0,0,0,0,0,0,0,0,0,0,1,0,0,0,0,0,0,0,0,1,0,0,0,0,1,0,0,0,0,0,0,0,0,0,0,0,1,0,,0,0,1,0,0,0,2025034112,3,,1,02,,W,1,0376,55,,73,PENN LINCOLN PY,0,
10225,2025036141,11,02,02301,02301,2024,11,7,,,,3,1,7,4,00,0,2,00,0,0,1,1,1,0,0,0,0,0,1,0,0,0,0,0,,0,0,0,0,0,0,0,0,0,0,0,0,0,0,0,0,0,0,0,0,0,0,0,1,0,40 26:28.049,79 59:39.885,40.441125,-79.994413,,,,N,,,,,0,,,,,,,,,,,,2025036141,0,0,1,1,0,0,0,0,0,0,0,0,1,1,0,1,0,0,0,1,0,0,0,0,0,0,0,0,0,1,0,0,0,0,0,0,0,0,0,0,0,0,0,0,0,0,0,0,0,0,0,0,0,0,0,0,0,0,1,0,0,0,0,0,0,0,0,0,1,0,0,0,0,0,0,0,0,0,0,0,1,0,,0,0,0,0,0,0,2025036141,3,,3,02,,S,4,AGEN,25,,,BIGELOW SQ,0,
10226,2025043126,11,02,02104,02514,2024,05,6,,,,3,1,1,1,00,0,2,00,0,0,2,2,2,2,0,0,0,0,0,0,0,0,1,0,,0,1,0,2,0,0,0,0,0,0,0,0,0,0,0,0,8,0,0,0,0,0,0,0,0,40 34:34.312,79 47:05.070,40.576198,-79.784742,,,3,N,,,,N,0,,,,,,,,,,,,2025043126,0,0,1,1,0,0,0,0,0,0,1,0,0,0,0,0,0,1,0,1,0,0,0,0,0,0,0,0,0,0,0,0,0,0,0,0,0,0,0,0,0,0,0,0,0,0,0,0,1,0,0,0,0,0,1,0,0,0,0,0,1,0,0,1,0,0,0,0,1,0,0,0,0,1,0,0,0,0,0,0,0,0,,0,0,0,0,0,0,2025043126,3,,,02,,E,4,,25,,,MURRAY HILL RD,1,
10227,2025046715,11,02,02438,02438,2024,06,6,,,,3,1,4,1,01,3,2,00,0,0,3,3,3,1,0,0,0,0,2,0,0,0,1,0,,1,0,0,0,0,0,0,0,0,0,0,0,0,0,0,0,3,0,0,0,0,0,0,0,0,40 24:17.365,79 54:38.291,40.404824,-79.910636,,,4,N,,,,Y,0,,,,,,,,,,,,2025046715,0,0,1,1,0,0,0,0,0,0,0,0,0,0,0,0,0,1,0,0,1,0,1,1,0,0,0,0,0,0,0,0,0,0,0,0,0,0,0,0,0,0,0,0,0,0,1,0,0,0,0,0,0,0,1,0,0,0,0,0,0,0,0,0,0,0,0,0,1,0,0,0,0,1,0,0,0,0,0,0,0,1,,0,0,0,0,0,0,2025046715,4,,3,02,,W,4,AL0G,25,,,TENTH AV,1,
10228,2025050430,11,02,02212,02505,2024,10,5,,,,3,1,7,5,02,3,2,00,0,0,1,1,1,1,0,0,0,0,0,0,0,0,0,0,,0,0,1,0,0,0,0,0,0,0,0,0,0,0,0,0,9,0,0,0,0,0,0,0,0,40 38:28.696,80 06:29.773,40.641304,-80.10827,,,,N,,,,,0,,,,,,,,,,,,2025050430,0,1,0,0,0,0,0,0,0,0,0,0,1,1,0,0,0,0,0,0,1,0,1,1,0,0,0,1,0,0,0,0,0,0,0,0,0,0,0,0,0,1,1,0,0,0,0,0,0,0,0,0,0,0,0,0,0,0,0,0,0,0,0,0,0,0,0,0,1,0,0,0,0,0,0,1,0,0,0,0,0,0,,0,0,0,0,0,0,2025050430,5,,3,02,,N,2,4053,35,,2776,WEXFORD RUN RD,0,